StockCode,total_quantity,revenue,active_days,mean_nonzero,std_nonzero,first_sale,last_sale,adi,cv2,abc,xyz,demand_pattern,velocity,cold_start,seasonal_candidate
10002,8851,6942.260218143463,226,39.163716814159294,93.19801958978117,2009-12-01,2011-04-18,3.269911504424779,5.662986999654668,A,Z,lumpy,fast,False,False
10002R,4,20.570000171661377,3,1.3333333333333333,0.5773502691896257,2009-12-02,2010-01-25,246.33333333333334,0.18749999999999997,C,X,intermittent,slow,False,True
10080,597,129.28999602794647,28,21.321428571428573,36.359372495327364,2009-12-02,2011-11-21,26.392857142857142,2.9080385487210223,C,Z,lumpy,slow,False,True
10109,4,1.6799999475479126,1,4.0,0.0,2009-12-03,2009-12-03,739.0,0.0,C,X,intermittent,slow,False,True
10120,664,142.73999585211277,64,10.375,12.868689700322042,2009-12-01,2011-12-04,11.546875,1.538482098215006,C,Z,lumpy,medium,False,False
10123C,650,254.40999031066895,56,11.607142857142858,29.654788711209758,2009-12-01,2011-03-31,13.196428571428571,6.52738168908015,C,Z,lumpy,medium,False,True
10123G,2334,165.55999612808228,16,145.875,374.5539347009987,2009-12-01,2010-11-29,46.1875,6.592755797278632,C,Z,lumpy,slow,False,True
10124A,134,24.359999239444733,19,7.052631578947368,16.804343632295808,2010-02-11,2011-11-06,38.89473684210526,5.677285215712482,C,Z,lumpy,slow,False,True
10124G,33,14.279999554157257,10,3.3,1.4944341180973264,2010-05-13,2011-11-06,73.9,0.20508111417202332,C,X,intermittent,slow,False,False
10125,2103,1715.780037164688,124,16.95967741935484,22.441395835588462,2009-12-01,2011-12-09,5.959677419354839,1.750912959891807,B,Z,lumpy,fast,False,False
10133,3837,2373.259998768568,188,20.409574468085108,25.4093189740899,2009-12-01,2011-09-07,3.9308510638297873,1.5499516488091631,B,Z,lumpy,fast,False,False
10134,625,721.1299810409546,45,13.88888888888889,34.24989862109894,2009-12-03,2010-11-12,16.42222222222222,6.081119999999999,C,Z,lumpy,medium,False,True
10135,4226,4566.209918618202,228,18.535087719298247,51.84740059492298,2009-12-01,2011-12-08,3.241228070175439,7.824645735997015,A,Z,lumpy,fast,False,True
10138,261,111.21999660134315,18,14.5,21.815402006515544,2009-12-02,2010-04-20,41.05555555555556,2.263551794082675,C,Z,lumpy,slow,False,True
11001,4829,7408.650134861469,192,25.151041666666668,58.52777654397526,2009-12-01,2011-12-06,3.8489583333333335,5.415170035783703,A,Z,lumpy,fast,False,False
15030,404,73.65999788045883,27,14.962962962962964,29.09068246479973,2009-12-13,2011-12-06,27.37037037037037,3.7798330480420477,C,Z,lumpy,slow,False,True
15034,10153,1416.2600034922361,201,50.51243781094527,133.9073974600633,2009-12-01,2011-12-08,3.6766169154228856,7.027688145334814,B,Z,lumpy,fast,False,False
15036,44392,32967.02965217829,433,102.52193995381063,214.45427101246344,2009-12-01,2011-12-09,1.7066974595842956,4.375581414696308,A,Z,lumpy,fast,False,False
15039,5101,4345.619975090027,222,22.97747747747748,47.93910576430676,2009-12-03,2011-12-09,3.328828828828829,4.35286460874183,B,Z,lumpy,fast,False,False
15044A,4964,13210.849836587906,189,26.264550264550266,255.1099759979076,2009-12-07,2011-12-05,3.9100529100529102,94.34414358207208,A,Z,lumpy,fast,False,True
15044B,1670,4644.129973649979,150,11.133333333333333,43.26656359970213,2009-12-01,2011-09-28,4.926666666666667,15.102692577309716,A,Z,lumpy,fast,False,True
15044C,967,3027.260004043579,181,5.342541436464089,8.511026322411032,2009-12-01,2011-12-06,4.082872928176796,2.5378623852916666,B,Z,lumpy,fast,False,False
15044D,1596,4559.649995565414,181,8.817679558011049,15.147970789187571,2009-12-01,2011-12-05,4.082872928176796,2.9512112221517337,A,Z,lumpy,fast,False,False
15056BL,9594,47267.448585510254,427,22.46838407494145,62.41084388715313,2009-12-01,2011-12-09,1.730679156908665,7.715719515613235,A,Z,lumpy,fast,False,True
15056N,11286,57975.44832801819,475,23.76,55.88887859900976,2009-12-01,2011-12-09,1.5557894736842106,5.532964945213305,A,Z,lumpy,fast,False,False
15056P,2498,12228.919655799866,255,9.79607843137255,39.55656749270401,2009-12-01,2011-12-08,2.8980392156862744,16.305446297487983,A,Z,lumpy,fast,False,True
15056bl,116,1456.3200130462646,62,1.8709677419354838,1.1377843145707986,2009-12-01,2011-12-09,11.919354838709678,0.36981735248825554,B,Y,intermittent,medium,False,False
15056n,173,2170.400019645691,67,2.582089552238806,2.2234920237629985,2010-06-08,2011-11-30,11.029850746268657,0.7415297011006856,B,Y,lumpy,medium,False,False
15056p,46,577.8400058746338,33,1.393939393939394,0.7881701093115122,2010-06-24,2011-12-05,22.393939393939394,0.31970699432892236,C,Y,intermittent,medium,False,False
15058A,496,3153.729974746704,109,4.5504587155963305,5.516786233232826,2010-01-24,2011-11-23,6.779816513761468,1.4698125626276644,B,Z,lumpy,medium,False,True
15058B,438,3327.6699697971344,113,3.8761061946902653,4.9589974925864935,2010-01-13,2011-11-17,6.539823008849558,1.6368031168181283,B,Z,lumpy,medium,False,True
15058C,470,2753.7199940681458,101,4.653465346534653,6.763779481272812,2010-01-24,2011-12-09,7.316831683168317,2.1126420099592575,B,Z,lumpy,medium,False,True
15059A,509,1567.0,3,169.66666666666666,290.4071854023818,2009-12-01,2009-12-03,246.33333333333334,2.9296899425276273,B,Z,lumpy,slow,False,True
15060B,1423,6444.98006105423,291,4.890034364261169,6.272677781501227,2009-12-03,2011-11-18,2.5395189003436425,1.6454403228884598,A,Z,lumpy,fast,False,False
15060b,5,41.8100004196167,5,1.0,0.0,2010-03-05,2011-11-20,147.8,0.0,C,X,intermittent,slow,False,False
16008,3141,422.95999293774366,71,44.23943661971831,64.94447403936302,2010-03-19,2011-12-09,10.408450704225352,2.1550891110774306,C,Z,lumpy,medium,False,True
16010,32,3.8399999141693115,4,8.0,4.898979485566356,2010-01-17,2011-03-28,184.75,0.37499999999999994,C,Y,intermittent,slow,False,True
16011,3812,799.3199750781059,105,36.304761904761904,33.20076569133372,2009-12-04,2011-12-07,7.038095238095238,0.836313319570546,C,Y,lumpy,medium,False,False
16012,2901,608.0099810510874,73,39.73972602739726,39.28564460647322,2009-12-02,2011-12-05,10.123287671232877,0.9772777917000014,C,Y,lumpy,medium,False,False
16014,29355,9513.099782913923,87,337.41379310344826,754.0127158221484,2009-12-03,2011-12-09,8.494252873563218,4.993806102513961,A,Z,lumpy,medium,False,False
16015,1972,711.3800076246262,61,32.32786885245902,63.656296182827404,2009-12-03,2011-11-17,12.114754098360656,3.877292636121385,C,Z,lumpy,medium,False,True
16016,2314,1870.7000586986542,98,23.612244897959183,38.17151543736202,2009-12-03,2011-12-09,7.540816326530612,2.6133901287598356,B,Z,lumpy,medium,False,False
16020C,160,134.50000077486038,34,4.705882352941177,5.323073911240348,2009-12-07,2011-07-05,21.735294117647058,1.279507575757575,C,Z,lumpy,medium,False,True
16033,15241,1544.5200157687068,46,331.32608695652175,563.5100336027873,2009-12-10,2011-02-17,16.065217391304348,2.8926243902573145,B,Z,lumpy,medium,False,False
16043,2145,180.2999954968691,13,165.0,353.3437891534721,2009-12-16,2011-06-09,56.84615384615385,4.585925925925926,C,Z,lumpy,slow,False,True
16044,6289,389.21999111771584,4,1572.25,3048.08009245164,2010-01-07,2010-02-22,184.75,3.75845662168087,C,Z,lumpy,slow,False,True
16045,9312,429.439990401268,62,150.19354838709677,132.53528311045994,2010-01-07,2011-12-05,11.919354838709678,0.7786825898294107,C,Y,lumpy,medium,False,False
16046,10077,1223.4999912977219,55,183.21818181818182,867.9620381464272,2009-12-04,2011-11-28,13.436363636363636,22.442142919205377,B,Z,lumpy,medium,False,True
16047,10612,1054.6999861001968,28,379.0,1357.2042614902914,2009-12-01,2010-10-24,26.392857142857142,12.823660427088416,C,Z,lumpy,slow,False,True
16048,3461,537.0599876493216,88,39.32954545454545,97.9078527125354,2009-12-07,2011-12-08,8.397727272727273,6.197224047176164,C,Z,lumpy,medium,False,True
16049,3243,560.4799856841564,29,111.82758620689656,150.35103424166041,2009-12-04,2011-05-26,25.482758620689655,1.8076524670968601,C,Z,lumpy,slow,False,True
16050,151,46.45000034570694,7,21.571428571428573,20.80750780253082,2010-02-16,2010-04-19,105.57142857142857,0.9304270280543251,C,Y,lumpy,slow,False,True
16051,977,84.68999784439802,5,195.4,375.14903705061005,2009-12-10,2010-06-11,147.8,3.686027349614312,C,Z,lumpy,slow,False,True
16052,1528,281.31999292969704,34,44.94117647058823,124.62572845329076,2009-12-16,2011-06-09,21.735294117647058,7.690003638257524,C,Z,lumpy,medium,False,True
16053,4313,185.72999526560307,10,431.3,826.9577511712567,2010-01-07,2010-11-16,73.9,3.6762727764045957,C,Z,lumpy,slow,False,True
16054,1210,158.9999962747097,35,34.57142857142857,30.722941910954187,2010-01-07,2011-12-04,21.114285714285714,0.7897523875337991,C,Y,lumpy,medium,False,True
16119,273,130.70999884605408,6,45.5,61.38973855621149,2009-12-10,2009-12-22,123.16666666666667,1.8204081632653057,C,Z,lumpy,slow,False,True
16151A,102,72.5,6,17.0,22.97825058615211,2010-04-30,2011-05-25,123.16666666666667,1.826989619377162,C,Z,lumpy,slow,False,True
16156L,950,398.99998754262924,34,27.941176470588236,10.23346019999512,2010-01-10,2011-12-02,21.735294117647058,0.13413917569042225,C,X,intermittent,medium,False,False
16156N,1572,619.4999806582928,48,32.75,15.333872947643334,2009-12-01,2010-06-21,15.395833333333334,0.2192204739345894,C,X,intermittent,medium,False,True
16156S,16661,6558.619882792234,283,58.87279151943463,81.09501957787428,2009-12-01,2011-12-08,2.6113074204946995,1.8974009262520062,A,Z,lumpy,fast,False,False
16161C,1016,45.000000670552254,2,508.0,576.9991334482228,2009-12-01,2009-12-22,369.5,1.2900985801971605,C,Z,lumpy,slow,False,True
16161E,750,75.00000111758709,7,107.14285714285714,185.24436884957174,2009-12-07,2010-02-22,105.57142857142857,2.989259259259259,C,Z,lumpy,slow,False,True
16161G,975,97.50000145286322,32,30.46875,15.20607767924052,2010-01-19,2011-11-24,23.09375,0.24907212996543018,C,X,intermittent,medium,False,False
16161M,1073,438.99998664855957,38,28.236842105263158,10.372610009386637,2009-12-03,2010-12-02,19.44736842105263,0.13494097643632655,C,X,intermittent,medium,False,False
16161P,13228,5435.399852395058,283,46.74204946996466,44.92216158488522,2009-12-01,2011-12-07,2.6113074204946995,0.9236465021634291,A,Y,lumpy,fast,False,False
16161U,10026,4084.9199007749557,242,41.429752066115704,53.974840680582744,2009-12-01,2011-12-02,3.053719008264463,1.6972978831659624,B,Z,lumpy,fast,False,False
16162L,8254,570.4299998879433,27,305.7037037037037,993.0974007082323,2009-12-09,2011-09-13,27.37037037037037,10.55315433667927,C,Z,lumpy,slow,False,True
16162M,262,36.95999884605408,14,18.714285714285715,36.7767246030349,2010-05-19,2011-11-27,52.785714285714285,3.861887195026289,C,Z,lumpy,slow,False,True
16168M,1730,512.3799879401922,90,19.22222222222222,41.14834161273275,2009-12-09,2011-12-08,8.21111111111111,4.582447372639595,C,Z,lumpy,medium,False,True
16168S,1312,126.83000421524048,9,145.77777777777777,234.25028163151575,2009-12-10,2010-02-05,82.11111111111111,2.582126960096297,C,Z,lumpy,slow,False,True
16169A,25,10.499999672174454,1,25.0,0.0,2010-04-29,2010-04-29,739.0,0.0,C,X,intermittent,slow,False,True
16169C,1350,566.9999822974205,32,42.1875,27.995895436480016,2009-12-01,2010-11-04,23.09375,0.4403734678525598,C,Y,intermittent,medium,False,True
16169D,250,104.99999672174454,5,50.0,25.0,2009-12-01,2009-12-13,147.8,0.25,C,X,intermittent,slow,False,True
16169E,4563,1892.459951132536,83,54.975903614457835,49.53318077459929,2011-07-21,2011-12-09,8.903614457831326,0.8117974474581308,B,Y,lumpy,medium,False,True
16169F,975,409.4999872148037,26,37.5,17.67766952966369,2009-12-01,2010-10-17,28.423076923076923,0.2222222222222222,C,X,intermittent,slow,False,True
16169G,25,10.499999672174454,1,25.0,0.0,2009-12-10,2009-12-10,739.0,0.0,C,X,intermittent,slow,False,True
16169K,2075,658.749982714653,52,39.90384615384615,69.70871034987331,2009-12-04,2011-09-28,14.211538461538462,3.0517192796700634,C,Z,lumpy,medium,False,True
16169M,2060,640.9499834477901,54,38.148148148148145,64.72216598732496,2009-12-03,2011-12-02,13.685185185185185,2.878453146758625,C,Z,lumpy,medium,False,True
16169N,2025,626.2499839067459,49,41.326530612244895,78.48683216393212,2009-12-01,2010-12-06,15.081632653061224,3.606913326220596,C,Z,lumpy,medium,False,True
16169P,1750,533.7499864399433,46,38.04347826086956,70.06725547540073,2009-12-04,2010-12-19,16.065217391304348,3.392108843537416,C,Z,lumpy,medium,False,True
16192,3,12.90000057220459,1,3.0,0.0,2009-12-18,2009-12-18,739.0,0.0,C,X,intermittent,slow,False,True
16195,1,0.0,1,1.0,0.0,2009-12-22,2009-12-22,739.0,0.0,C,X,intermittent,slow,False,True
16201A,101,213.37000441551208,7,14.428571428571429,12.12239171749457,2009-12-02,2010-09-09,105.57142857142857,0.7058785086429435,C,Y,lumpy,slow,False,True
16201B,34,81.1000018119812,4,8.5,10.472185381603339,2009-12-02,2009-12-10,184.75,1.5178777393310263,C,Z,lumpy,slow,False,True
16202A,662,290.4500058889389,21,31.523809523809526,89.33622951950628,2009-12-02,2011-04-17,35.19047619047619,8.031152052281376,C,Z,lumpy,slow,False,True
16202B,1059,528.560009598732,23,46.04347826086956,125.88142987490957,2009-12-02,2011-04-19,32.130434782608695,7.474585027217662,C,Z,lumpy,slow,False,True
16202C,97,230.59000515937805,12,8.083333333333334,8.184889995743635,2009-12-02,2010-05-06,61.583333333333336,1.0252852684567002,C,Z,lumpy,slow,False,True
16202E,94,162.73000383377075,15,6.266666666666667,5.3246953858771064,2009-12-02,2011-04-17,49.266666666666666,0.7219653366099722,C,Y,lumpy,slow,False,True
16206B,192,116.39999985694885,16,12.0,23.212065827926644,2010-01-15,2011-01-26,46.1875,3.741666666666666,C,Z,lumpy,slow,False,True
16207A,276,423.5299997329712,71,3.887323943661972,14.10020191929853,2009-12-01,2011-11-15,10.408450704225352,13.156767410808055,C,Z,lumpy,medium,False,True
16207B,274,457.6500015258789,32,8.5625,22.838758087245942,2009-12-11,2011-08-30,23.09375,7.114490434639136,C,Z,lumpy,medium,False,True
16212,439,287.0099912881851,37,11.864864864864865,16.198700500283902,2009-12-02,2010-11-15,19.972972972972972,1.8639521495956448,C,Z,lumpy,medium,False,False
16215,8,5.199999809265137,1,8.0,0.0,2009-12-03,2009-12-03,739.0,0.0,C,X,intermittent,slow,False,True
16216,4158,371.63999174535275,77,54.0,184.51558199783562,2009-12-04,2011-12-07,9.597402597402597,11.675582990397807,C,Z,lumpy,medium,False,True
16218,4629,448.1299930848181,84,55.107142857142854,70.49105178744198,2009-12-08,2011-12-09,8.797619047619047,1.6362595408470944,C,Z,lumpy,medium,False,True
16219,3357,499.5499884225428,107,31.373831775700936,77.39478839707513,2009-12-06,2011-12-08,6.906542056074766,6.085388469303155,C,Z,lumpy,medium,False,False
16225,1520,1271.6599845290184,127,11.968503937007874,33.39255144771773,2009-12-01,2011-12-09,5.818897637795276,7.784298362408206,B,Z,lumpy,fast,False,True
16235,5827,1333.9499660432339,220,26.486363636363638,50.662503993756495,2009-12-01,2011-12-09,3.359090909090909,3.65871539191832,B,Z,lumpy,fast,False,False
16236,2652,593.2899837344885,197,13.461928934010153,17.517187546108424,2009-12-02,2011-12-08,3.751269035532995,1.6932230514900006,C,Z,lumpy,fast,False,False
16237,10385,2233.1499391645193,337,30.816023738872403,42.267099719120814,2009-12-01,2011-12-09,2.192878338278932,1.8812724558164093,B,Z,lumpy,fast,False,False
16238,2447,559.5399849116802,181,13.519337016574585,16.325369201277233,2009-12-01,2011-12-08,4.082872928176796,1.4581937566812846,C,Z,lumpy,fast,False,False
16239,347,492.17000102996826,16,21.6875,72.29819615084921,2009-12-02,2010-03-02,46.1875,11.113118343866878,C,Z,lumpy,slow,False,True
16243B,212,441.7700092792511,6,35.333333333333336,83.1232017349348,2009-12-02,2010-03-11,123.16666666666667,5.5344606621573496,C,Z,lumpy,slow,False,True
16244A,193,479.410010099411,25,7.72,19.095200094962784,2009-12-02,2010-03-16,29.56,6.118061334979911,C,Z,lumpy,slow,False,True
16244B,345,765.0200161933899,26,13.26923076923077,48.52756552089354,2009-12-03,2011-05-11,28.423076923076923,13.37474513757614,C,Z,lumpy,slow,False,True
16245A,11,13.75,6,1.8333333333333333,1.3291601358251257,2010-03-10,2010-07-12,123.16666666666667,0.5256198347107438,C,Y,lumpy,slow,False,True
16248B,126,101.25,13,9.692307692307692,16.18324553040693,2010-09-20,2011-10-30,56.84615384615385,2.787897875199462,C,Z,lumpy,slow,False,True
16254,1011,305.6600009202957,33,30.636363636363637,150.090559784297,2010-01-11,2011-11-30,22.393939393939394,24.00116504063608,C,Z,lumpy,medium,False,True
16256B,556,232.3499934375286,35,15.885714285714286,16.84142551702136,2009-12-04,2010-06-11,21.114285714285714,1.1239427839869451,C,Z,lumpy,medium,False,True
16256C,169,70.97999778389931,10,16.9,14.60175027560433,2009-12-13,2010-05-23,73.9,0.7465113655373102,C,Y,lumpy,slow,False,True
16258A,1063,375.92998999357224,87,12.218390804597702,23.11720656223076,2009-12-11,2011-12-08,8.494252873563218,3.579667456199201,C,Z,lumpy,medium,False,True
16258B,1016,221.05999636650085,10,101.6,161.73517448800885,2009-12-02,2009-12-22,73.9,2.5340871515076366,C,Z,lumpy,slow,False,True
16259,5473,766.0899781733751,51,107.31372549019608,84.23645058905994,2009-12-07,2011-11-13,14.490196078431373,0.6161544280513455,C,Y,lumpy,medium,False,False
17001,1895,299.3499910533428,22,86.13636363636364,160.64225129284296,2009-12-04,2011-02-28,33.59090909090909,3.478135497193566,C,Z,lumpy,slow,False,True
17003,70379,14766.419722393155,302,233.0430463576159,829.8870964325454,2009-12-01,2011-12-08,2.447019867549669,12.68135692950268,A,Z,lumpy,fast,False,False
17007B,34,71.39999675750732,6,5.666666666666667,5.08592829940284,2009-12-14,2011-06-08,123.16666666666667,0.8055363321799308,C,Y,lumpy,slow,False,True
17011A,261,179.55999690294266,12,21.75,37.336613762802955,2009-12-22,2010-08-20,61.583333333333336,2.946804549658294,C,Z,lumpy,slow,False,True
17011B,19,11.099999904632568,2,9.5,9.192388155425117,2010-05-30,2010-08-20,369.5,0.9362880886426592,C,Y,lumpy,slow,False,True
17011C,335,221.39999222755432,2,167.5,235.46655813512032,2009-12-14,2009-12-16,369.5,1.976190688349298,C,Z,lumpy,slow,False,True
17011D,209,135.69999569654465,4,52.25,93.40012491069449,2009-12-15,2010-08-20,184.75,3.1953786161794215,C,Z,lumpy,slow,False,True
17011E,124,80.59999704360962,1,124.0,0.0,2009-12-16,2009-12-16,739.0,0.0,C,X,intermittent,slow,False,True
17011F,385,336.1999877691269,20,19.25,42.53156722396103,2009-12-16,2011-05-19,36.95,4.881590043585943,C,Z,lumpy,slow,False,True
17012A,786,806.1600141525269,82,9.585365853658537,25.054484441018538,2009-12-01,2011-12-02,9.012195121951219,6.8320896050308395,C,Z,lumpy,medium,False,True
17012B,721,867.450012087822,110,6.554545454545455,14.48414911134121,2009-12-08,2011-11-30,6.718181818181818,4.883158433641735,C,Z,lumpy,medium,False,False
17012C,856,950.4000149965286,95,9.010526315789473,29.290363943331446,2010-02-05,2011-12-08,7.778947368421052,10.566939409137285,C,Z,lumpy,medium,False,True
17012D,520,658.7200095653534,94,5.531914893617022,8.06252732283052,2010-03-12,2011-12-08,7.861702127659575,2.1241805051854676,C,Z,lumpy,medium,False,True
17012E,263,296.79000329971313,25,10.52,38.220980276980505,2009-12-16,2010-12-15,29.56,13.199946266872923,C,Z,lumpy,slow,False,True
17012F,600,680.6500118970871,85,7.0588235294117645,13.119735171884837,2010-03-03,2011-12-08,8.694117647058823,3.454502314814813,C,Z,lumpy,medium,False,True
17013B,256,221.02999594807625,3,85.33333333333333,73.07758434248723,2009-12-09,2009-12-16,246.33333333333334,0.7333831787109376,C,Y,lumpy,slow,False,True
17013C,213,89.45999720692635,2,106.5,14.849242404917497,2009-12-16,2010-03-03,369.5,0.019440587185082323,C,X,intermittent,slow,False,True
17013D,1068,572.3999866247177,31,34.45161290322581,49.57609552306261,2009-12-09,2011-06-07,23.838709677419356,2.070739758822072,C,Z,lumpy,medium,False,True
17013F,62,26.700000524520874,5,12.4,24.388521890430344,2009-12-21,2010-08-20,147.8,3.868366285119667,C,Z,lumpy,slow,False,True
17014A,479,170.1299963593483,17,28.176470588235293,51.26187093507909,2009-12-09,2011-06-27,43.470588235294116,3.3099064683295496,C,Z,lumpy,slow,False,True
17014C,97,43.749998807907104,2,48.5,67.17514421272202,2009-12-05,2009-12-10,369.5,1.9183760229567435,C,Z,lumpy,slow,False,True
17014D,479,204.3599956035614,8,59.875,86.85363303528858,2010-01-14,2010-08-20,92.375,2.104189872653225,C,Z,lumpy,slow,False,True
17014E,191,36.60000091791153,6,31.833333333333332,47.44856864718541,2010-05-10,2010-08-20,123.16666666666667,2.2216825196677723,C,Z,lumpy,slow,False,True
17014F,69,23.70000058412552,5,13.8,24.32488437793693,2010-01-21,2010-08-20,147.8,3.1070153329132535,C,Z,lumpy,slow,False,True
17021,3720,984.2400063872337,70,53.142857142857146,122.21995919857375,2010-01-22,2011-12-05,10.557142857142857,5.289254559042594,C,Z,lumpy,medium,False,False
17027A,228,84.83999741077423,2,114.0,42.42640687119285,2010-02-04,2010-03-10,369.5,0.13850415512465375,C,X,intermittent,slow,False,True
17028J,6,2.519999921321869,1,6.0,0.0,2011-01-31,2011-01-31,739.0,0.0,C,X,intermittent,slow,False,True
17033,3292,867.8399744927883,56,58.785714285714285,92.17093098955071,2009-12-02,2010-10-19,13.196428571428571,2.4583535945134223,C,Z,lumpy,medium,False,True
17038,2559,254.51000252366066,55,46.527272727272724,55.41789206513326,2009-12-14,2011-12-09,13.436363636363636,1.4186811952041778,C,Z,lumpy,medium,False,False
17039,3707,837.8799743503332,39,95.05128205128206,208.97166122630483,2009-12-02,2010-08-09,18.94871794871795,4.833467829011334,C,Z,lumpy,medium,False,True
17061,52,2.079999953508377,1,52.0,0.0,2009-12-07,2009-12-07,739.0,0.0,C,X,intermittent,slow,False,True
17084A,442,92.81999710202217,18,24.555555555555557,8.36816250982554,2010-02-04,2011-09-13,41.05555555555556,0.1161343471071195,C,X,intermittent,slow,False,False
17084G,50,10.499999672174454,2,25.0,0.0,2009-12-02,2009-12-07,369.5,0.0,C,X,intermittent,slow,False,True
17084J,456,95.75999701023102,20,22.8,10.551128650029515,2009-12-01,2011-09-13,36.95,0.21415496266057565,C,X,intermittent,slow,False,False
17084N,2768,640.2599831670523,156,17.743589743589745,28.414642248801552,2009-12-02,2011-12-09,4.737179487179487,2.56449236310882,C,Z,lumpy,fast,False,False
17084P,990,222.74999433755875,63,15.714285714285714,27.031301193979385,2009-12-07,2011-12-08,11.73015873015873,2.9589976006398295,C,Z,lumpy,medium,False,False
17084R,10625,1968.449946001172,64,166.015625,288.9973082857842,2009-12-02,2011-12-05,11.546875,3.03032819092437,B,Z,lumpy,medium,False,True
17090A,173,182.65000200271606,26,6.653846153846154,9.099196921453267,2009-12-10,2011-11-24,28.423076923076923,1.8700818604029534,C,Z,lumpy,slow,False,True
17090D,88,105.2000002861023,28,3.142857142857143,2.889499325005345,2009-12-13,2011-07-11,26.392857142857142,0.8452708907254358,C,Y,lumpy,slow,False,False
17091A,2253,1285.8900046348572,99,22.757575757575758,41.18279086524898,2009-12-06,2011-05-18,7.4646464646464645,3.2747605853499535,B,Z,lumpy,medium,False,True
17091B,276,316.9800024032593,45,6.133333333333334,9.223487804118745,2009-12-06,2010-09-09,16.42222222222222,2.2615032651658344,C,Z,lumpy,medium,False,False
17091F,19,27.709999799728394,7,2.7142857142857144,1.6035674514745464,2009-12-06,2010-01-10,105.57142857142857,0.3490304709141274,C,Y,intermittent,slow,False,True
17091J,3964,2204.350006580353,144,27.52777777777778,42.05307077325936,2009-12-01,2011-12-09,5.131944444444445,2.33374349656815,B,Z,lumpy,fast,False,False
17096,6240,1117.0900038033724,68,91.76470588235294,266.2857918005344,2009-12-02,2011-07-19,10.867647058823529,8.42063096745071,C,Z,lumpy,medium,False,True
17107D,315,803.2499849796295,76,4.144736842105263,2.5907731014424815,2009-12-04,2011-12-05,9.723684210526315,0.39071927437641724,C,Y,intermittent,medium,False,False
17108D,355,149.09999534487724,22,16.136363636363637,9.612964730461195,2009-12-01,2010-03-28,33.59090909090909,0.3548978377306089,C,Y,intermittent,slow,False,True
17109A,770,333.60999965667725,13,59.23076923076923,100.70265955289186,2009-12-02,2010-03-26,56.84615384615385,2.890594254230618,C,Z,lumpy,slow,False,True
17109B,4614,896.3400230407715,15,307.6,993.8645926741874,2009-12-02,2010-03-05,49.266666666666666,10.439549917176524,C,Z,lumpy,slow,False,True
17109C,3124,661.2300146818161,12,260.3333333333333,716.7457179798316,2009-12-02,2010-03-03,61.583333333333336,7.580025310112975,C,Z,lumpy,slow,False,True
17109D,1271,598.3099987506866,36,35.30555555555556,78.25117778919896,2009-12-04,2011-04-21,20.52777777777778,4.912421986141422,C,Z,lumpy,medium,False,True
17129C,204,57.97999930381775,12,17.0,41.58452509375005,2009-12-09,2010-05-04,61.583333333333336,5.983642654922934,C,Z,lumpy,slow,False,True
17129D,2145,1351.17997610569,32,67.03125,166.98570237714094,2009-12-01,2010-03-05,23.09375,6.205888077884468,B,Z,lumpy,medium,False,True
17129F,1580,1684.5799740552902,132,11.969696969696969,16.453004734484455,2009-12-04,2011-12-05,5.598484848484849,1.8894009694570877,B,Z,lumpy,fast,False,False
17136A,746,61.77999858558178,34,21.941176470588236,19.225836745743344,2009-12-03,2011-11-22,21.735294117647058,0.7678045467722674,C,Y,lumpy,medium,False,True
17164B,3503,646.5599917173386,69,50.768115942028984,217.99893044310863,2009-12-01,2011-01-26,10.710144927536232,18.43854436285798,C,Z,lumpy,medium,False,True
17164D,1934,446.99999779462814,24,80.58333333333333,171.97823842787096,2009-12-01,2010-03-19,30.791666666666668,4.554666012493489,C,Z,lumpy,slow,False,True
17165B,811,751.6799912452698,48,16.895833333333332,43.91250468119402,2009-12-01,2010-10-11,15.395833333333334,6.754872943442652,C,Z,lumpy,medium,False,True
17165D,808,682.3199870586395,70,11.542857142857143,19.258490101609443,2009-12-01,2011-01-28,10.557142857142857,2.783670505449168,C,Z,lumpy,medium,False,False
17174,36,15.119999527931213,6,6.0,8.94427190999916,2010-02-01,2011-11-24,123.16666666666667,2.2222222222222223,C,Z,lumpy,slow,False,True
17178,133,156.6500005722046,23,5.782608695652174,6.687549637804774,2009-12-08,2010-09-16,32.130434782608695,1.337477322835455,C,Z,lumpy,slow,False,True
17181,353,642.6600027084351,47,7.51063829787234,13.741198511783484,2009-12-01,2010-08-05,15.72340425531915,3.347306897715186,C,Z,lumpy,medium,False,True
17191A,33,123.75,12,2.75,1.4847711791873703,2009-12-09,2011-12-04,61.583333333333336,0.29151014274981213,C,Y,intermittent,slow,False,True
18007,11396,1043.2199946269393,62,183.80645161290323,610.3261648484997,2009-12-02,2011-07-20,11.919354838709678,11.025606160180274,C,Z,lumpy,medium,False,True
18010,64,30.159999132156372,8,8.0,7.0710678118654755,2009-12-01,2010-01-28,92.375,0.7812500000000001,C,Y,lumpy,slow,False,True
18094C,433,600.6600031852722,84,5.154761904761905,5.064628217230978,2009-12-02,2011-10-07,8.797619047619047,0.9653347052585317,C,Y,lumpy,medium,False,False
18096C,119,298.69999980926514,18,6.611111111111111,10.600437776136966,2009-12-01,2010-02-24,41.05555555555556,2.5709799490730547,C,Z,lumpy,slow,False,True
18096c,8,41.140000343322754,3,2.6666666666666665,1.1547005383792515,2009-12-01,2010-01-25,246.33333333333334,0.18749999999999997,C,X,intermittent,slow,False,True
18097A,17,43.34999918937683,11,1.5454545454545454,0.8201995322647244,2010-03-05,2011-06-22,67.18181818181819,0.2816608996539792,C,Y,intermittent,slow,False,True
18097B,13,17.84999966621399,5,2.6,1.6733200530681511,2009-12-02,2010-01-27,147.8,0.4142011834319526,C,Y,intermittent,slow,False,True
18097C,1763,3924.919987678528,162,10.882716049382717,29.42014896712904,2009-12-01,2011-12-08,4.561728395061729,7.308279349279331,B,Z,lumpy,fast,False,False
18098A,2,5.900000095367432,2,1.0,0.0,2009-12-14,2009-12-17,369.5,0.0,C,X,intermittent,slow,False,True
18098B,3,8.850000143051147,3,1.0,0.0,2009-12-13,2010-02-24,246.33333333333334,0.0,C,X,intermittent,slow,False,True
18098C,1242,3231.130018234253,177,7.016949152542373,10.97024621433273,2009-12-01,2011-08-08,4.175141242937853,2.4441963480637066,B,Z,lumpy,fast,False,True
18098c,292,1479.6099858283997,45,6.488888888888889,4.8129664931979805,2009-12-01,2010-12-21,16.42222222222222,0.550154919906515,B,Y,lumpy,medium,False,True
20615,641,1077.809993505478,145,4.4206896551724135,9.595042821337223,2009-12-01,2011-12-08,5.096551724137931,4.7110073300487905,C,Z,lumpy,fast,False,False
20616,283,449.2599948644638,99,2.8585858585858586,5.5531019112691276,2009-12-01,2011-12-08,7.4646464646464645,3.7737124591748827,C,Z,lumpy,medium,False,False
20617,498,992.9899917244911,95,5.242105263157895,20.531613294061593,2009-12-02,2011-12-08,7.778947368421052,15.34032910244755,C,Z,lumpy,medium,False,True
20618,297,648.5399852991104,117,2.5384615384615383,2.8391914267198826,2009-12-01,2011-12-06,6.316239316239316,1.2509736867103642,C,Z,lumpy,fast,False,False
20619,582,1014.4199887514114,159,3.660377358490566,9.250952868252186,2009-12-01,2011-12-05,4.647798742138365,6.38735737800194,C,Z,lumpy,fast,False,True
20620,15,61.76000165939331,11,1.3636363636363635,0.6741998624632421,2009-12-02,2010-02-03,67.18181818181819,0.24444444444444455,C,X,intermittent,slow,False,True
20621,371,451.6699814796448,32,11.59375,32.847506288222846,2009-12-02,2010-09-15,23.09375,8.027068078692798,C,Z,lumpy,medium,False,True
20622,582,1127.5899918079376,108,5.388888888888889,19.743605771169356,2009-12-01,2011-12-05,6.842592592592593,13.423151228243384,C,Z,lumpy,medium,False,True
20652,1520,1027.2900076508522,133,11.428571428571429,54.70434109890124,2009-12-01,2011-12-08,5.556390977443609,22.911825284090913,C,Z,lumpy,fast,False,True
20653,2004,528.7700107693672,70,28.62857142857143,214.816414469346,2009-12-02,2011-12-05,10.557142857142857,56.30352330139686,C,Z,lumpy,medium,False,True
20654,398,505.40999764204025,107,3.7196261682242993,4.544942020767587,2009-12-01,2011-12-08,6.906542056074766,1.4929941496617436,C,Z,lumpy,medium,False,False
20655,414,608.4799982905388,148,2.7972972972972974,3.155730042555803,2009-12-01,2011-12-04,4.993243243243243,1.2726894300393272,C,Z,lumpy,fast,False,False
20657,1881,726.4700083732605,97,19.391752577319586,123.41525066999682,2009-12-01,2011-11-11,7.618556701030927,40.50452436661308,C,Z,lumpy,medium,False,True
20658,1584,2251.3599989414215,240,6.6,6.852174928825891,2009-12-01,2011-09-26,3.0791666666666666,1.0778765210107921,B,Z,lumpy,fast,False,False
20659,369,533.5100004076958,110,3.3545454545454545,3.3223909916782306,2009-12-01,2011-12-09,6.718181818181818,0.9809211962983112,C,Y,lumpy,medium,False,False
20660,75,88.75,20,3.75,5.189817966587633,2009-12-01,2010-08-01,36.95,1.9153216374269006,C,Z,lumpy,slow,False,True
20661,898,980.060009598732,112,8.017857142857142,39.771641429961896,2009-12-01,2011-12-01,6.598214285714286,24.60539846993287,C,Z,lumpy,medium,False,True
20662,728,471.3300052881241,45,16.177777777777777,62.02795883122122,2009-12-06,2011-10-24,16.42222222222222,14.700674068376673,C,Z,lumpy,medium,False,True
20663,1074,369.41000258922577,40,26.85,109.95792901762997,2009-12-10,2011-10-17,18.475,16.771214872397728,C,Z,lumpy,medium,False,True
20664,66,155.41000247001648,31,2.129032258064516,1.648068272935944,2009-12-15,2011-08-30,23.838709677419356,0.5992194674012857,C,Y,lumpy,medium,False,True
20665,1356,4256.340042352676,251,5.402390438247012,4.785962208683664,2009-12-01,2011-12-09,2.944223107569721,0.7848137329121747,B,Y,lumpy,fast,False,False
20666,911,412.4500032067299,42,21.69047619047619,85.66226596071229,2009-12-08,2011-07-20,17.595238095238095,15.596995376668376,C,Z,lumpy,medium,False,True
20667,40,108.69000172615051,24,1.6666666666666667,1.0072203103706698,2009-12-17,2011-08-30,30.791666666666668,0.3652173913043479,C,Y,intermittent,slow,False,True
20668,21306,2454.8799794465303,206,103.42718446601941,154.22553026081385,2009-12-02,2011-12-09,3.587378640776699,2.2235307487832108,B,Z,lumpy,fast,False,True
20669,797,1111.8900001049042,177,4.502824858757062,5.480465613291396,2009-12-02,2011-12-09,4.175141242937853,1.48137429427308,C,Z,lumpy,fast,False,False
20670,694,378.8500038385391,44,15.772727272727273,62.8052966350153,2009-12-08,2011-11-15,16.795454545454547,15.855463944883986,C,Z,lumpy,medium,False,True
20671,786,1038.7199947834015,123,6.390243902439025,8.236896346041622,2009-12-02,2010-12-09,6.008130081300813,1.6614693438515271,C,Z,lumpy,fast,False,False
20672,140,200.99999904632568,32,4.375,5.046557434081561,2009-12-02,2010-03-08,23.09375,1.3305595786701774,C,Z,lumpy,medium,False,True
20673,11,6.25,3,3.6666666666666665,2.516611478423583,2009-12-01,2009-12-22,246.33333333333334,0.47107438016528924,C,Y,intermittent,slow,False,True
20674,3412,4348.5199654102325,330,10.33939393939394,13.744961815715047,2009-12-01,2011-12-08,2.2393939393939393,1.7672456044261156,A,Z,lumpy,fast,False,False
20675,6465,8067.829871892929,401,16.122194513715712,23.66637976480707,2009-12-01,2011-12-08,1.8428927680798004,2.154841570261427,A,Z,lumpy,fast,False,False
20676,10476,13105.699764490128,476,22.008403361344538,30.108644199808158,2009-12-01,2011-12-08,1.5525210084033614,1.8715667675758934,A,Z,lumpy,fast,False,False
20677,7775,9798.059822678566,422,18.424170616113745,26.45136591580247,2009-12-01,2011-12-08,1.7511848341232228,2.061200851905478,A,Z,lumpy,fast,False,False
20678,4,6.599999904632568,1,4.0,0.0,2011-09-23,2011-09-23,739.0,0.0,C,X,intermittent,slow,True,True
20679,6149,30020.9692196846,385,15.971428571428572,58.475749196120766,2009-12-01,2011-12-09,1.9194805194805196,13.404914935494743,A,Z,lumpy,fast,False,True
20680,6,19.5,4,1.5,1.0,2009-12-10,2010-01-22,184.75,0.4444444444444444,C,Y,intermittent,slow,False,True
20681,1405,4757.1499972343445,207,6.78743961352657,8.47745363370553,2009-12-01,2011-03-10,3.570048309178744,1.5599794909198765,A,Z,lumpy,fast,False,False
20682,3074,10171.31000161171,352,8.732954545454545,10.749265889897652,2009-12-01,2011-12-08,2.0994318181818183,1.5150787667426686,A,Z,lumpy,fast,False,False
20683,2,3.25,2,1.0,0.0,2009-12-11,2009-12-22,369.5,0.0,C,X,intermittent,slow,False,True
20684,581,1910.0599989891052,144,4.034722222222222,6.152392444361201,2009-12-01,2011-08-24,5.131944444444445,2.3252024917620173,B,Z,lumpy,fast,False,False
20685,9790,66417.4690361023,537,18.230912476722533,32.09963984933287,2009-12-01,2011-12-09,1.3761638733705772,3.1001557086323683,A,Z,lumpy,fast,False,False
20686,590,2002.840000152588,154,3.831168831168831,4.598671582560654,2009-12-02,2011-12-08,4.798701298701299,1.4407950536338254,B,Z,lumpy,fast,False,False
20688,884,332.8999948501587,11,80.36363636363636,168.05908052067448,2009-12-04,2010-03-17,67.18181818181819,4.3732550521078615,C,Z,lumpy,slow,False,True
20689,468,614.0999894142151,35,13.371428571428572,56.61276394963247,2009-12-07,2010-07-14,21.114285714285714,17.925575171992968,C,Z,lumpy,medium,False,True
20691,20,0.0,1,20.0,0.0,2009-12-22,2009-12-22,739.0,0.0,C,X,intermittent,slow,False,True
20692,909,3682.759997367859,93,9.774193548387096,20.68034617922453,2009-12-01,2010-09-15,7.946236559139785,4.476656167553906,B,Z,lumpy,medium,False,False
20693,33,161.88999938964844,16,2.0625,1.3889444433333777,2009-12-02,2010-03-14,46.1875,0.45350474441383526,C,Y,intermittent,slow,False,True
20694,166,622.3300018310547,46,3.608695652173913,4.090521623186761,2009-12-01,2011-11-22,16.065217391304348,1.2848631473685908,C,Z,lumpy,medium,False,True
20695,142,604.5799968242645,44,3.227272727272727,4.440111230345875,2009-12-01,2011-11-17,16.795454545454547,1.8928507171426865,C,Z,lumpy,medium,False,True
20696,151,617.939998626709,57,2.6491228070175437,2.2479453163641256,2009-12-02,2011-11-11,12.964912280701755,0.7200577042360299,C,Y,lumpy,medium,False,False
20697,40,96.59999752044678,20,2.0,1.5559732104309982,2009-12-13,2011-11-23,36.95,0.6052631578947368,C,Y,lumpy,slow,False,True
20698,107,114.44999718666077,21,5.095238095238095,12.696081135156478,2010-01-17,2011-11-23,35.19047619047619,6.208839199930125,C,Z,lumpy,slow,False,True
20699,294,797.9599885940552,73,4.027397260273973,3.022933650261163,2009-12-04,2011-12-05,10.123287671232877,0.5633889043145602,C,Y,lumpy,medium,False,True
20700,420,1125.0500116348267,78,5.384615384615385,19.404933613683106,2009-12-07,2011-09-28,9.474358974358974,12.987182613305059,C,Z,lumpy,medium,False,True
20701,353,721.4900093078613,34,10.382352941176471,29.06733531259252,2009-12-02,2011-06-30,21.735294117647058,7.838245547223228,C,Z,lumpy,medium,False,True
20702,793,3296.7000007629395,189,4.195767195767195,4.674373671638763,2009-12-03,2011-10-26,3.9100529100529102,1.2411494752841765,B,Z,lumpy,fast,False,False
20703,471,1993.4700002670288,130,3.623076923076923,2.7344071948441155,2009-12-01,2011-04-14,5.684615384615385,0.5696016865770438,B,Y,lumpy,fast,False,False
20704,361,1371.419997215271,64,5.640625,7.637350133619124,2009-12-06,2011-12-09,11.546875,1.8332890592618492,B,Z,lumpy,medium,False,True
20705,273,996.1899960041046,50,5.46,7.8329758204708915,2009-12-07,2011-12-06,14.78,2.058108595448806,C,Z,lumpy,medium,False,True
20707,1613,1243.679983317852,150,10.753333333333334,43.10607124380583,2009-12-04,2011-12-05,4.926666666666667,16.069067241062307,B,Z,lumpy,fast,False,True
20711,12650,25719.130026340485,456,27.74122807017544,59.36838735715859,2009-12-01,2011-12-01,1.6206140350877194,4.579933147340716,A,Z,lumpy,fast,False,False
20712,17710,37499.37001013756,494,35.850202429149796,53.24105911054447,2009-12-01,2011-12-09,1.4959514170040487,2.205515670549375,A,Z,lumpy,fast,False,False
20713,22700,40667.049894332886,446,50.89686098654708,94.58129201440008,2009-12-01,2011-12-09,1.65695067264574,3.453253715143716,A,Z,lumpy,fast,False,False
20714,1600,649.8199931383133,15,106.66666666666667,142.5139926296295,2009-12-01,2010-01-13,49.266666666666666,1.7850795200892855,C,Z,lumpy,slow,False,True
20715,400,423.9999771118164,1,400.0,0.0,2010-01-07,2010-01-07,739.0,0.0,C,X,intermittent,slow,False,True
20716,1537,1925.039988219738,186,8.263440860215054,9.84147082993612,2009-12-01,2011-07-05,3.9731182795698925,1.4183982036447083,B,Z,lumpy,fast,False,False
20717,6296,7767.479906022549,432,14.574074074074074,28.77682868577212,2009-12-04,2011-12-09,1.7106481481481481,3.898736802483121,A,Z,lumpy,fast,False,False
20718,13353,17457.34966444969,512,26.080078125,42.66521282170157,2009-12-01,2011-12-09,1.443359375,2.6762708056458253,A,Z,lumpy,fast,False,False
20719,24482,27598.42058777809,536,45.67537313432836,53.16747503624438,2009-12-01,2011-12-09,1.3787313432835822,1.3549643345772258,A,Z,lumpy,fast,False,False
20721,2,0.8500000238418579,2,1.0,0.0,2009-12-07,2009-12-22,369.5,0.0,C,X,intermittent,slow,False,True
20723,18296,20401.050451993942,522,35.04980842911878,39.835186005704834,2009-12-01,2011-12-09,1.4157088122605364,1.2917022069422366,A,Z,lumpy,fast,False,False
20724,32207,35190.2108001709,566,56.90282685512368,58.94968088930168,2009-12-01,2011-12-09,1.3056537102473498,1.0732360020273872,A,Z,erratic,fast,False,False
20725,40317,71106.29019761086,594,67.87373737373737,64.12158468698907,2009-12-01,2011-12-09,1.2441077441077442,0.8924933038516488,A,Y,erratic,fast,False,False
20726,22120,38506.74007713795,570,38.80701754385965,107.5119707393054,2009-12-01,2011-12-09,1.2964912280701755,7.6752602719258265,A,Z,erratic,fast,False,False
20727,26678,45655.27013134956,579,46.075993091537136,117.97922707530832,2009-12-01,2011-12-09,1.2763385146804835,6.556343276754779,A,Z,erratic,fast,False,False
20728,24596,42270.30012059212,572,43.0,110.09499162262233,2009-12-01,2011-12-09,1.2919580419580419,6.555385170570732,A,Z,erratic,fast,False,False
20729,5271,1778.1200313568115,73,72.20547945205479,491.96773152153725,2009-12-01,2010-06-21,10.123287671232877,46.4229702205233,B,Z,lumpy,medium,False,True
20730,2218,1011.7000167369843,61,36.36065573770492,178.8409006898669,2009-12-01,2010-09-05,12.114754098360656,24.191916968660653,C,Z,lumpy,medium,False,True
20731,4264,1252.9200047254562,71,60.056338028169016,325.64774515347295,2009-12-07,2011-06-28,10.408450704225352,29.402107164731582,B,Z,lumpy,medium,False,True
20733,1927,1452.200031042099,202,9.53960396039604,31.73539411514165,2009-12-03,2011-12-09,3.6584158415841586,11.06692844033156,B,Z,lumpy,fast,False,True
20734,1677,1470.6200343370438,104,16.125,46.14091701842271,2009-12-01,2011-04-06,7.105769230769231,8.187908797023143,B,Z,lumpy,medium,False,False
20735,1516,1540.2900124192238,153,9.908496732026144,25.52510618492378,2009-12-02,2011-12-06,4.830065359477124,6.636201645943708,B,Z,lumpy,fast,False,False
20736,484,233.50000739097595,16,30.25,49.70647174496831,2009-12-02,2010-03-14,46.1875,2.7000705780570544,C,Z,lumpy,slow,False,True
20737,2,1.7000000476837158,2,1.0,0.0,2009-12-02,2009-12-22,369.5,0.0,C,X,intermittent,slow,False,True
20738,1610,1301.7200409173965,63,25.555555555555557,46.25691849832382,2009-12-03,2010-11-29,11.73015873015873,3.2762930666504033,B,Z,lumpy,medium,False,False
20739,1,8.649999618530273,1,1.0,0.0,2009-12-01,2009-12-01,739.0,0.0,C,X,intermittent,slow,False,True
20743,1,0.0,1,1.0,0.0,2009-12-22,2009-12-22,739.0,0.0,C,X,intermittent,slow,False,True
20747,848,9224.920055389404,69,12.289855072463768,20.486797362085603,2009-12-01,2010-05-17,10.710144927536232,2.77878291841612,A,Z,lumpy,medium,False,True
20748,1652,14266.980295658112,129,12.806201550387597,48.28481216946291,2009-12-01,2011-11-28,5.728682170542636,14.216098608966556,A,Z,lumpy,fast,False,True
20749,3062,22097.609556674957,410,7.46829268292683,13.519892778621548,2009-12-01,2011-12-09,1.802439024390244,3.2772067107031235,A,Z,lumpy,fast,False,False
20750,3688,26866.629454135895,448,8.232142857142858,10.409926550624155,2009-12-01,2011-12-09,1.6495535714285714,1.5990775781947486,A,Z,lumpy,fast,False,False
20751,2839,6023.259776592255,314,9.04140127388535,10.469255427787914,2009-12-01,2011-12-04,2.3535031847133756,1.3407879639381883,A,Z,lumpy,fast,False,False
20752,1500,2868.199918270111,247,6.0728744939271255,16.528945817376773,2009-12-01,2011-11-27,2.9919028340080973,7.408012397470626,B,Z,lumpy,fast,False,True
20753,218,508.9999861717224,21,10.380952380952381,10.98397100540688,2009-12-01,2010-01-18,35.19047619047619,1.119552226243582,C,Z,lumpy,slow,False,True
20754,5151,10444.819848060608,416,12.382211538461538,21.643788077095653,2009-12-01,2011-11-20,1.7764423076923077,3.0554143032968026,A,Z,lumpy,fast,False,False
20755,5145,1089.7300148010254,97,53.04123711340206,438.44835113741755,2009-12-07,2011-12-07,7.618556701030927,68.32971238520857,C,Z,lumpy,medium,False,True
20756,5728,851.5600076913834,50,114.56,746.2025265383687,2009-12-01,2011-11-22,14.78,42.42749787779879,C,Z,lumpy,medium,False,True
20757,5347,890.7000093460083,64,83.546875,599.685921226323,2009-12-07,2011-11-27,11.546875,51.52135613252307,C,Z,lumpy,medium,False,True
20758,5425,953.4200110435486,75,72.33333333333333,553.9725413561366,2009-12-01,2011-12-07,9.853333333333333,58.654254479585234,C,Z,lumpy,medium,False,True
20759,5777,891.130008816719,50,115.54,746.0315748091666,2009-12-17,2011-12-07,14.78,41.69170836530172,C,Z,lumpy,medium,False,True
20760,5581,1313.660005569458,64,87.203125,541.5605956125669,2009-12-04,2011-11-24,11.546875,38.56825743877973,B,Z,lumpy,medium,False,True
20761,458,1422.4600002765656,128,3.578125,9.133833767446097,2009-12-01,2011-12-07,5.7734375,6.516211769747387,B,Z,lumpy,fast,False,True
20762,458,1343.7900002002716,114,4.017543859649122,9.882479764885378,2009-12-04,2011-12-06,6.482456140350878,6.050769571130332,B,Z,lumpy,medium,False,True
20763,267,702.8599998950958,65,4.107692307692307,8.620692904508672,2009-12-07,2011-12-06,11.36923076923077,4.404418107983001,C,Z,lumpy,medium,False,False
20764,685,2134.7600033283234,146,4.691780821917808,9.960310941340204,2009-12-02,2011-12-08,5.061643835616438,4.506821541757227,B,Z,lumpy,fast,False,True
20765,442,1265.0600004196167,118,3.7457627118644066,9.76666792743316,2009-12-01,2011-12-05,6.262711864406779,6.798487749451079,B,Z,lumpy,fast,False,True
20766,518,1548.4700019359589,123,4.211382113821138,9.63366027889637,2009-12-04,2011-12-04,6.008130081300813,5.232790624302748,B,Z,lumpy,fast,False,True
20767,812,1741.609970331192,156,5.205128205128205,11.42194715263781,2009-12-01,2011-12-06,4.737179487179487,4.815234379586672,B,Z,lumpy,fast,False,True
20768,767,1534.189975976944,123,6.235772357723577,16.77238230574444,2009-12-01,2011-12-06,6.008130081300813,7.234507997616535,B,Z,lumpy,fast,False,True
20769,438,808.8099870681763,69,6.3478260869565215,14.705767262976757,2009-12-07,2011-12-06,10.710144927536232,5.366922665106577,C,Z,lumpy,medium,False,True
20770,1045,2190.589957714081,161,6.490683229813665,14.01031674000554,2009-12-01,2011-11-27,4.590062111801243,4.659239967033721,B,Z,lumpy,fast,False,True
20771,606,1201.6799864768982,116,5.224137931034483,11.514894858321584,2009-12-01,2011-12-06,6.370689655172414,4.858371088938424,C,Z,lumpy,medium,False,True
20772,970,1848.729969739914,126,7.698412698412699,17.426540605074706,2009-12-02,2011-12-08,5.865079365079365,5.124128200658945,B,Z,lumpy,fast,False,True
20773,3339,963.9800117015839,97,34.422680412371136,308.9719457009657,2009-12-01,2011-09-12,7.618556701030927,80.56542936606445,C,Z,lumpy,medium,False,True
20774,3526,962.4800136089325,98,35.97959183673469,322.9333651732191,2009-12-01,2011-10-04,7.540816326530612,80.55887114869925,C,Z,lumpy,medium,False,True
20775,3664,926.5400152206421,91,40.26373626373626,351.9286807536384,2009-12-06,2011-12-05,8.12087912087912,76.39785719507002,C,Z,lumpy,medium,False,True
20776,3265,832.6600141525269,58,56.293103448275865,398.67011419418327,2009-12-01,2010-09-17,12.741379310344827,50.15531669145753,C,Z,lumpy,medium,False,True
20777,3660,1262.7000099420547,131,27.938931297709924,279.37690989125707,2009-12-01,2011-12-09,5.641221374045801,99.9911214853557,B,Z,lumpy,fast,False,True
20778,3613,944.3600142002106,76,47.53947368421053,385.0525311621598,2009-12-02,2011-05-05,9.723684210526315,65.60413696100595,C,Z,lumpy,medium,False,True
20780,231,1333.959997177124,74,3.1216216216216215,6.1241777814417,2009-12-01,2011-12-08,9.986486486486486,3.8488860958172473,B,Z,lumpy,medium,False,True
20781,103,579.9299912452698,57,1.8070175438596492,1.826771121905964,2009-12-04,2011-12-07,12.964912280701755,1.0219826831665837,C,Z,lumpy,medium,False,True
20782,155,995.4799864292145,66,2.3484848484848486,2.0493332817691954,2009-12-01,2011-12-09,11.196969696969697,0.7614645001200673,C,Y,lumpy,medium,False,True
20783,166,1051.4000005722046,41,4.048780487804878,7.039002839579606,2009-12-01,2010-08-16,18.024390243902438,3.0225522572216574,C,Z,lumpy,medium,False,True
20784,107,3570.8700218200684,35,3.057142857142857,3.9028108810329565,2009-12-01,2010-10-21,21.114285714285714,1.62975959883473,B,Z,lumpy,medium,False,True
20785,140,3672.3500366210938,34,4.117647058823529,6.887690847083011,2010-01-22,2011-04-06,21.735294117647058,2.7980086580086585,B,Z,lumpy,medium,False,True
20786,105,3533.9000205993652,30,3.5,4.72520753056377,2010-01-22,2010-10-22,24.633333333333333,1.8226600985221686,B,Z,lumpy,slow,False,True
20787,76,2535.1000175476074,27,2.814814814814815,4.03863111840402,2010-01-17,2010-09-29,27.37037037037037,2.0585845940762826,B,Z,lumpy,slow,False,True
20791,7,63.75,2,3.5,2.1213203435596424,2010-01-14,2010-01-26,369.5,0.3673469387755101,C,Y,intermittent,slow,False,True
20793,281,518.5000019073486,22,12.772727272727273,50.77394515392226,2009-12-02,2011-09-08,33.59090909090909,15.80209036287353,C,Z,lumpy,slow,False,True
20794,212,591.0199904441833,48,4.416666666666667,3.7407095318159143,2010-01-07,2011-12-06,15.395833333333334,0.7173295562136898,C,Y,lumpy,medium,False,False
20795,135,308.69999599456787,28,4.821428571428571,6.694683194056539,2009-12-09,2011-12-05,26.392857142857142,1.9280069095158259,C,Z,lumpy,slow,False,True
20796,99,182.15999698638916,22,4.5,4.501322556971981,2009-12-09,2011-11-10,33.59090909090909,1.0005878894767788,C,Z,lumpy,slow,False,True
20798,556,1308.1499724388123,77,7.220779220779221,9.763820672342758,2009-12-01,2011-01-28,9.597402597402597,1.8284010239744588,B,Z,lumpy,medium,False,False
20799,201,355.3299980163574,26,7.730769230769231,19.824344008935462,2009-12-01,2010-10-18,28.423076923076923,6.575855053092745,C,Z,lumpy,slow,False,True
20800,1005,303.9599995613098,5,201.0,442.18661218992145,2010-01-11,2010-03-30,147.8,4.83970693794708,C,Z,lumpy,slow,False,True
20801,1098,1422.0000070929527,83,13.228915662650602,18.47630341367731,2010-01-18,2011-05-26,8.903614457831326,1.9506604360886692,B,Z,lumpy,medium,False,True
20802,1051,1596.809982061386,103,10.20388349514563,17.08304928886823,2009-12-16,2011-11-28,7.174757281553398,2.8028496706227934,B,Z,lumpy,medium,False,False
20803,1149,874.4599791765213,74,15.527027027027026,28.39314164389384,2009-12-07,2011-05-01,9.986486486486486,3.3438768918053823,C,Z,lumpy,medium,False,True
20804,356,579.3100035190582,35,10.17142857142857,24.574599170072908,2009-12-01,2010-07-01,21.114285714285714,5.837259203012099,C,Z,lumpy,medium,False,True
20812,5,12.749999761581421,3,1.6666666666666667,0.5773502691896257,2009-12-01,2010-01-28,246.33333333333334,0.11999999999999997,C,X,intermittent,slow,False,True
20814,189,208.8899917602539,10,18.9,23.591194214037667,2009-12-01,2010-02-24,73.9,1.5580315345159554,C,Z,lumpy,slow,False,True
20816,24,123.60000038146973,6,4.0,2.6076809620810595,2010-02-04,2011-04-28,123.16666666666667,0.425,C,Y,intermittent,slow,False,True
20818,87,268.5,28,3.107142857142857,4.886408100740678,2009-12-02,2011-05-04,26.392857142857142,2.4731874165088588,C,Z,lumpy,slow,False,True
20819,228,631.4900002479553,56,4.071428571428571,7.579534988991782,2009-12-02,2011-11-30,13.196428571428571,3.4657041327401443,C,Z,lumpy,medium,False,False
20820,11,54.449997901916504,8,1.375,0.7440238091428449,2009-12-17,2011-03-01,92.375,0.29279811097992914,C,Y,intermittent,slow,False,True
20821,53,286.4199962615967,27,1.962962962962963,2.1209845587781864,2009-12-14,2011-11-23,27.37037037037037,1.1674836377577564,C,Z,lumpy,slow,False,False
20822,2,9.300000190734863,1,2.0,0.0,2010-02-01,2010-02-01,739.0,0.0,C,X,intermittent,slow,False,True
20823,253,533.7100069522858,17,14.882352941176471,17.992645556383504,2009-12-01,2011-06-09,43.470588235294116,1.4616616413316879,C,Z,lumpy,slow,False,True
20825,361,1255.08003616333,6,60.166666666666664,112.93257575503476,2009-12-01,2010-11-14,123.16666666666667,3.523112928844929,B,Z,lumpy,slow,False,True
20826,355,290.7199878692627,14,25.357142857142858,24.84910505386506,2009-12-01,2011-05-18,52.785714285714285,0.9603308256908734,C,Y,lumpy,slow,False,True
20827,173,209.3599910736084,8,21.625,24.96819405334944,2009-12-01,2011-04-21,92.375,1.3330978554006387,C,Z,lumpy,slow,False,True
20828,4423,10940.479713916779,366,12.084699453551913,26.860898623108852,2009-12-01,2011-12-08,2.019125683060109,4.940482526016004,A,Z,lumpy,fast,False,False
20829,4820,9825.019758224487,317,15.205047318611987,44.76109833115184,2009-12-01,2011-12-08,2.331230283911672,8.666144316895718,A,Z,lumpy,fast,False,False
20830,407,964.6099920272827,74,5.5,11.336992425695362,2009-12-01,2011-10-02,9.986486486486486,4.248839578852032,C,Z,lumpy,medium,False,True
20831,474,927.9599962234497,73,6.493150684931507,12.85617370897391,2009-12-01,2011-12-09,10.123287671232877,3.920238600374662,C,Z,lumpy,medium,False,True
20832,1791,1122.6500111818314,126,14.214285714285714,21.231903218640443,2009-12-01,2011-12-09,5.865079365079365,2.2311448700790395,C,Z,lumpy,fast,False,False
20833,52,811.8000030517578,5,10.4,9.09945053286186,2009-12-06,2010-03-09,147.8,0.7655325443786982,C,Y,lumpy,slow,False,True
20835,80,87.0200001001358,10,8.0,4.594682917363407,2010-03-03,2011-11-10,73.9,0.3298611111111111,C,Y,intermittent,slow,False,True
20836,224,249.99999916553497,21,10.666666666666666,4.396968652757639,2010-03-02,2011-11-24,35.19047619047619,0.16992187499999997,C,X,intermittent,slow,False,False
20837,165,188.0699992775917,16,10.3125,3.092329219213245,2009-12-04,2011-11-20,46.1875,0.0899173553719008,C,X,intermittent,slow,False,True
20838,446,565.8000078201294,55,8.10909090909091,7.978379876550467,2010-02-14,2011-12-05,13.436363636363636,0.9680216774920066,C,Y,lumpy,medium,False,False
20839,633,1018.1100088357925,91,6.956043956043956,5.509410309062301,2009-12-07,2011-12-08,8.12087912087912,0.6273148945386018,C,Y,lumpy,medium,False,False
20840,885,1419.0900030136108,77,11.493506493506494,24.023356713953987,2009-12-18,2011-12-08,9.597402597402597,4.368801261988637,B,Z,lumpy,medium,False,True
20845,100,502.2699933052063,23,4.3478260869565215,6.10966965073454,2009-12-02,2011-08-16,32.130434782608695,1.9746545454545454,C,Z,lumpy,slow,False,True
20846,1453,1956.8099927902222,135,10.762962962962963,11.86881490607792,2009-12-14,2011-12-07,5.474074074074074,1.2160488533262648,B,Z,lumpy,fast,False,False
20847,80,334.34999990463257,26,3.076923076923077,2.9519224505135897,2009-12-03,2011-11-25,28.423076923076923,0.9204000000000001,C,Y,lumpy,slow,False,True
20848,39,115.05000185966492,12,3.25,3.0188799849673327,2009-12-10,2011-11-06,61.583333333333336,0.8628294782140936,C,Y,lumpy,slow,False,True
20849,695,593.0300025939941,23,30.217391304347824,119.40608958193468,2009-12-07,2010-12-08,32.130434782608695,15.614893074422083,C,Z,lumpy,slow,False,True
20850,820,713.8000059127808,21,39.04761904761905,150.5923225767091,2010-01-06,2010-11-11,35.19047619047619,14.873615407495532,C,Z,lumpy,slow,False,True
20851,336,429.56999111175537,29,11.586206896551724,53.17055928222155,2009-12-08,2011-05-05,25.482758620689655,21.06007425291545,C,Z,lumpy,slow,False,True
20854,441,711.3699959516525,92,4.793478260869565,9.868963497551592,2009-12-03,2011-02-20,8.032608695652174,4.2387866811023835,C,Z,lumpy,medium,False,True
20855,142,234.29999661445618,44,3.227272727272727,3.9641629302847217,2009-12-03,2010-09-15,16.795454545454547,1.5087999335679982,C,Z,lumpy,medium,False,True
20856,408,674.0899909734726,105,3.8857142857142857,3.30882934711835,2009-12-06,2011-08-09,7.038095238095238,0.7251152016236356,C,Y,lumpy,medium,False,False
20857,249,410.8499940633774,68,3.661764705882353,3.1414907294964043,2009-12-06,2011-02-17,10.867647058823529,0.7360218311356075,C,Y,lumpy,medium,False,False
20858,4,6.599999904632568,1,4.0,0.0,2009-12-14,2009-12-14,739.0,0.0,C,X,intermittent,slow,False,True
20859,15,0.0,1,15.0,0.0,2009-12-22,2009-12-22,739.0,0.0,C,X,intermittent,slow,False,True
20860,20,41.99999809265137,11,1.8181818181818181,1.3280197150781925,2010-04-08,2010-12-13,67.18181818181819,0.5335,C,Y,lumpy,slow,False,True
20861,51,96.59999561309814,17,3.0,2.598076211353316,2009-12-03,2010-12-10,43.470588235294116,0.7500000000000001,C,Y,lumpy,slow,False,True
20862,406,691.1399755477905,31,13.096774193548388,26.97573581166314,2009-12-02,2010-06-30,23.838709677419356,4.242461598194569,C,Z,lumpy,medium,False,True
20863,310,601.5299863815308,47,6.595744680851064,15.560065349236986,2009-12-01,2010-08-15,15.72340425531915,5.565384336967834,C,Z,lumpy,medium,False,True
20864,252,498.13998436927795,27,9.333333333333334,19.750365137812594,2009-12-06,2010-10-24,27.37037037037037,4.477923861852433,C,Z,lumpy,slow,False,True
20865,251,500.4899892807007,30,8.366666666666667,18.99633963531474,2009-12-01,2010-06-30,24.633333333333333,5.155074166857776,C,Z,lumpy,medium,False,True
20866,1280,1368.9099934697151,135,9.481481481481481,24.38400866112562,2009-12-01,2011-12-08,5.474074074074074,6.613902760975406,B,Z,lumpy,fast,False,True
20867,1098,1093.1399990916252,115,9.547826086956523,23.493651056604392,2009-12-01,2011-12-06,6.426086956521739,6.054691622287655,C,Z,lumpy,medium,False,True
20868,882,518.069987475872,58,15.206896551724139,36.95410079596354,2009-12-06,2011-12-08,12.741379310344827,5.9053289560509965,C,Z,lumpy,medium,False,True
20869,529,295.1199958920479,47,11.25531914893617,35.507787318023865,2009-12-02,2011-12-08,15.72340425531915,9.952486373084838,C,Z,lumpy,medium,False,True
20870,30,52.19999980926514,7,4.285714285714286,8.693182879212225,2009-12-01,2010-01-04,105.57142857142857,4.114444444444445,C,Z,lumpy,slow,False,True
20871,1273,1978.049979686737,79,16.11392405063291,33.70877818480086,2009-12-02,2010-12-14,9.354430379746836,4.37606130862839,B,Z,lumpy,medium,False,True
20877,12,5.039999842643738,5,2.4,2.1908902300206643,2009-12-10,2009-12-18,147.8,0.8333333333333333,C,Y,lumpy,slow,False,True
20878,739,952.5099906921387,56,13.196428571428571,17.259958540829953,2009-12-02,2010-12-09,13.196428571428571,1.71067171094784,C,Z,lumpy,medium,False,True
20879,75,67.79999852180481,9,8.333333333333334,7.648529270389178,2009-12-04,2009-12-22,82.11111111111111,0.8423999999999999,C,Y,lumpy,slow,False,True
20880,17,0.0,1,17.0,0.0,2009-12-22,2009-12-22,739.0,0.0,C,X,intermittent,slow,False,True
20881,3,2.5500000715255737,2,1.5,0.7071067811865476,2009-12-10,2009-12-16,369.5,0.22222222222222227,C,X,intermittent,slow,False,True
20882,3,8.850000143051147,2,1.5,0.7071067811865476,2009-12-13,2009-12-16,369.5,0.22222222222222227,C,X,intermittent,slow,False,True
20884,13,6.299999713897705,4,3.25,4.5,2009-12-10,2009-12-22,184.75,1.9171597633136093,C,Z,lumpy,slow,False,True
20885,1,2.950000047683716,1,1.0,0.0,2009-12-22,2009-12-22,739.0,0.0,C,X,intermittent,slow,False,True
20886,1787,3540.2200590372086,232,7.702586206896552,12.294101363967785,2009-12-01,2011-11-07,3.185344827586207,2.5475366684453387,B,Z,lumpy,fast,False,False
20887,33,118.39000296592712,6,5.5,5.576737397439474,2009-12-01,2010-01-04,123.16666666666667,1.028099173553719,C,Z,lumpy,slow,False,True
20888,367,547.7399997711182,17,21.58823529411765,57.06581597542591,2009-12-01,2010-03-26,43.470588235294116,6.987434942719891,C,Z,lumpy,slow,False,True
20889,657,398.0400114059448,11,59.72727272727273,120.52476169575355,2009-12-02,2010-03-26,67.18181818181819,4.0719946067290795,C,Z,lumpy,slow,False,True
20890,605,202.62000703811646,4,151.25,253.2974207001195,2010-01-21,2010-04-19,184.75,2.804598957266124,C,Z,lumpy,slow,False,True
20891,684,236.3300068974495,3,228.0,392.30982654019766,2010-01-12,2010-04-19,246.33333333333334,2.9606609726069553,C,Z,lumpy,slow,False,True
20892,102,1095.3499965667725,36,2.8333333333333335,3.4517076519145884,2009-12-01,2010-12-21,20.52777777777778,1.4841324765200208,C,Z,lumpy,medium,False,True
20893,559,1308.5899567604065,72,7.763888888888889,17.252469148089798,2009-12-03,2011-12-04,10.26388888888889,4.937918253598832,B,Z,lumpy,medium,False,True
20894,267,827.3000047206879,72,3.7083333333333335,4.59772601478625,2009-12-01,2011-12-01,10.26388888888889,1.5371938740129196,C,Z,lumpy,medium,False,True
20895,16,47.20000076293945,4,4.0,5.354126134736337,2009-12-08,2010-02-02,184.75,1.7916666666666665,C,Z,lumpy,slow,False,True
20896,39,115.05000185966492,14,2.7857142857142856,3.0427359001795993,2009-12-09,2010-08-18,52.785714285714285,1.1930410155262225,C,Z,lumpy,slow,False,True
20897,351,848.7000002861023,65,5.4,18.68639210762741,2009-12-01,2011-08-30,11.36923076923077,11.974665637860078,C,Z,lumpy,medium,False,True
20898,327,693.9200065135956,48,6.8125,20.65177984189978,2009-12-04,2011-10-23,15.395833333333334,9.189712879673793,C,Z,lumpy,medium,False,True
20899,48,129.8000020980835,13,3.6923076923076925,3.8597196656539574,2009-12-09,2010-05-17,56.84615384615385,1.0927372685185182,C,Z,lumpy,slow,False,True
20901,91,806.5800065994263,57,1.5964912280701755,1.1473517508158737,2009-12-01,2011-11-14,12.964912280701755,0.5164878292821778,C,Y,lumpy,medium,False,True
20902,206,1525.2200255393982,99,2.080808080808081,3.4156804314411433,2009-12-03,2011-08-10,7.4646464646464645,2.6945758414592156,B,Z,lumpy,medium,False,False
20903,187,919.8000121116638,75,2.493333333333333,4.583676481830942,2009-12-01,2011-10-23,9.853333333333333,3.3796149949028202,C,Z,lumpy,medium,False,True
20905,10,63.499999046325684,4,2.5,1.7320508075688772,2009-12-02,2010-01-28,184.75,0.48,C,Y,intermittent,slow,False,True
20906,101,368.24000215530396,36,2.8055555555555554,2.149012323895321,2009-12-02,2011-04-03,20.52777777777778,0.5867323931827414,C,Y,lumpy,medium,False,True
20910,106,769.120002746582,46,2.3043478260869565,3.4888365791949183,2009-12-03,2010-12-16,16.065217391304348,2.292266919821209,C,Z,lumpy,medium,False,True
20911,2,0.0,1,2.0,0.0,2010-01-04,2010-01-04,739.0,0.0,C,X,intermittent,slow,False,True
20913,322,898.7199935913086,22,14.636363636363637,44.833602889484,2009-12-01,2010-01-21,33.59090909090909,9.382982358484846,C,Z,lumpy,slow,False,True
20914,18672,52508.559963703156,567,32.93121693121693,53.748634915039865,2009-12-01,2011-12-09,1.3033509700176367,2.6639085870377457,A,Z,erratic,fast,False,False
20931,673,2238.070013523102,128,5.2578125,8.149437054853765,2009-12-07,2011-12-09,5.7734375,2.4023984013207604,B,Z,lumpy,fast,False,False
20932,333,1143.9700062274933,75,4.44,7.175860434329319,2009-12-10,2011-12-08,9.853333333333333,2.612053251205917,C,Z,lumpy,medium,False,True
20933,505,1329.490018606186,45,11.222222222222221,46.2733424578582,2009-12-02,2011-12-08,16.42222222222222,17.0021566513087,B,Z,lumpy,medium,False,True
20934,293,1185.0699739456177,64,4.578125,12.28343146242382,2009-12-02,2011-11-04,11.546875,7.198866522190027,C,Z,lumpy,medium,False,True
20935,300,574.4800038337708,43,6.976744186046512,10.400293888001945,2009-12-08,2011-11-16,17.186046511627907,2.2222126984126986,C,Z,lumpy,medium,False,True
20936,333,843.3900048732758,70,4.757142857142857,7.458942137152093,2009-12-06,2011-12-09,10.557142857142857,2.458454014792963,C,Z,lumpy,medium,False,False
20939,12,10.200000286102295,1,12.0,0.0,2009-12-11,2009-12-11,739.0,0.0,C,X,intermittent,slow,False,True
20940,120,342.7500002384186,11,10.909090909090908,11.97876909748698,2009-12-01,2010-01-04,67.18181818181819,1.2057222222222221,C,Z,lumpy,slow,False,True
20941,1018,896.2799954414368,98,10.387755102040817,23.753299348933087,2009-12-01,2011-07-06,7.540816326530612,5.228829482416773,C,Z,lumpy,medium,False,True
20942,6,7.5,3,2.0,1.7320508075688772,2009-12-01,2009-12-22,246.33333333333334,0.7499999999999999,C,Y,lumpy,slow,False,True
20943,414,540.2099974155426,46,9.0,7.5099933422074345,2009-12-01,2010-10-22,16.065217391304348,0.6962962962962962,C,Y,lumpy,medium,False,True
20950,688,353.3899899125099,64,10.75,11.57035072385517,2009-12-02,2010-12-01,11.546875,1.158446865315443,C,Z,lumpy,medium,False,True
20952,814,150.71999570727348,24,33.916666666666664,100.89422643311278,2009-12-10,2010-11-23,30.791666666666668,8.849246717850502,C,Z,lumpy,slow,False,True
20953,33,54.44999921321869,9,3.6666666666666665,3.7416573867739413,2010-03-19,2010-11-29,82.11111111111111,1.0413223140495869,C,Z,lumpy,slow,False,True
20954,3,25.59000015258789,2,1.5,0.7071067811865476,2009-12-02,2010-12-17,369.5,0.22222222222222227,C,X,intermittent,slow,False,True
20956,2626,3083.820006608963,169,15.538461538461538,32.644367996712106,2009-12-01,2011-12-06,4.372781065088757,4.413676471961197,B,Z,lumpy,fast,False,True
20957,171,184.6100058555603,16,10.6875,13.108362470830087,2010-04-11,2010-11-29,46.1875,1.5043352370529963,C,Z,lumpy,slow,False,True
20958,38,70.50000095367432,10,3.8,3.6453928305312844,2010-03-26,2010-11-29,73.9,0.9202831640504773,C,Y,lumpy,slow,False,True
20959,5,0.0,1,5.0,0.0,2009-12-22,2009-12-22,739.0,0.0,C,X,intermittent,slow,False,True
20960,1902,2550.839995622635,152,12.513157894736842,17.912216720508205,2009-12-01,2011-03-07,4.8618421052631575,2.049107868410155,B,Z,lumpy,fast,False,False
20961,3530,4687.649973630905,310,11.387096774193548,21.709135504656466,2009-12-01,2011-12-09,2.3838709677419354,3.6346201987778897,A,Z,lumpy,fast,False,False
20963,3459,4676.149973869324,303,11.415841584158416,20.991925596910168,2009-12-01,2011-12-09,2.438943894389439,3.381338814206637,A,Z,lumpy,fast,False,False
20964,22,50.999999046325684,7,3.142857142857143,2.0354009783964297,2009-12-01,2011-05-09,105.57142857142857,0.4194214876033059,C,Y,intermittent,slow,False,True
20966,3008,4265.239979505539,236,12.745762711864407,22.072872130664063,2009-12-01,2011-08-24,3.1313559322033897,2.999066093856853,B,Z,lumpy,fast,False,True
20967,1056,3997.340013027191,187,5.647058823529412,6.57737482454381,2009-12-01,2011-10-26,3.9518716577540105,1.356627324148746,B,Z,lumpy,fast,False,False
20968,44,185.11000061035156,14,3.142857142857143,1.7478401113789137,2009-12-01,2010-01-13,52.785714285714285,0.3092816274634455,C,Y,intermittent,slow,False,True
20969,3237,12066.520129919052,344,9.409883720930232,25.611085791866284,2009-12-01,2011-12-08,2.1482558139534884,7.407769633617366,A,Z,lumpy,fast,False,True
20970,2490,9387.29005742073,325,7.661538461538462,10.518468359898066,2009-12-01,2011-12-09,2.273846153846154,1.8848336974254307,A,Z,lumpy,fast,False,False
20971,22260,28580.969438552856,473,47.061310782241016,164.9307585968398,2009-12-01,2011-12-09,1.562367864693446,12.282174815032336,A,Z,lumpy,fast,False,True
20972,20496,24785.309615135193,511,40.10958904109589,78.68489980224669,2009-12-01,2011-12-09,1.446183953033268,3.848454601203554,A,Z,lumpy,fast,False,False
20973,9925,6773.949832320213,299,33.19397993311037,71.65841673152843,2010-01-04,2011-12-09,2.471571906354515,4.660320257628458,A,Z,lumpy,fast,False,True
20974,13267,8686.539754629135,416,31.891826923076923,54.59847149569629,2009-12-01,2011-12-09,1.7764423076923077,2.9309079050576776,A,Z,lumpy,fast,False,False
20975,18152,11848.709661602974,392,46.30612244897959,102.23571461819945,2009-12-01,2011-12-08,1.885204081632653,4.874481677902716,A,Z,lumpy,fast,False,False
20976,554,376.33998668193817,68,8.147058823529411,10.965705979930302,2009-12-02,2010-10-11,10.867647058823529,1.8116382857830904,C,Z,lumpy,medium,False,True
20977,3792,5069.989992856979,303,12.514851485148515,14.479682404807628,2009-12-01,2011-11-07,2.438943894389439,1.33864885882691,A,Z,lumpy,fast,False,False
20978,4117,5438.569975733757,330,12.475757575757576,16.321457901368923,2009-12-01,2011-12-09,2.2393939393939393,1.7115281404896936,A,Z,lumpy,fast,False,False
20979,8156,10271.809898614883,399,20.44110275689223,28.728339706611298,2009-12-01,2011-12-09,1.8521303258145363,1.9752060735745078,A,Z,lumpy,fast,False,False
20980,233,282.30999875068665,53,4.39622641509434,5.028150075178702,2009-12-01,2011-08-08,13.943396226415095,1.3081464300035275,C,Z,lumpy,medium,False,False
20981,4718,4069.160108923912,323,14.606811145510836,21.066669165710923,2009-12-01,2011-12-09,2.2879256965944275,2.0800842313413903,B,Z,lumpy,fast,False,False
20982,4851,4243.800109267235,324,14.972222222222221,16.121707190135236,2009-12-01,2011-12-09,2.2808641975308643,1.159443337214514,B,Z,lumpy,fast,False,False
20983,6280,5469.080142855644,370,16.972972972972972,21.623266710286856,2009-12-01,2011-12-09,1.9972972972972973,1.6230308353126126,A,Z,lumpy,fast,False,False
20984,6045,1940.9599829614162,162,37.31481481481482,74.78453291295583,2009-12-01,2011-10-17,4.561728395061729,4.016622249883729,B,Z,lumpy,fast,False,False
20985,2370,3047.9899637699127,218,10.871559633027523,22.00527834351772,2009-12-02,2011-12-09,3.389908256880734,4.09703833715122,B,Z,lumpy,fast,False,False
20986,1217,1530.9499769210815,154,7.902597402597403,17.085624229184845,2009-12-02,2011-12-09,4.798701298701299,4.674358163159905,B,Z,lumpy,fast,False,True
20987,131,288.35000824928284,9,14.555555555555555,17.60050504325878,2009-12-01,2009-12-22,82.11111111111111,1.4621525552124004,C,Z,lumpy,slow,False,True
20988,24,46.80000114440918,8,3.0,2.0,2009-12-02,2010-02-28,92.375,0.4444444444444444,C,Y,intermittent,slow,False,True
20989,410,782.1800129413605,41,10.0,16.773490990250064,2009-12-01,2010-03-19,18.024390243902438,2.813500000000001,C,Z,lumpy,medium,False,True
20990,982,1706.1400229930878,74,13.27027027027027,23.21035273102406,2009-12-02,2010-06-13,9.986486486486486,3.0591723477467045,B,Z,lumpy,medium,False,True
20991,7084,884.5600072145462,23,308.0,1408.6623893867286,2009-12-01,2010-02-19,32.130434782608695,20.917626573544517,C,Z,lumpy,slow,False,True
20992,6151,3220.399975836277,274,22.44890510948905,39.37496018587593,2009-12-01,2011-12-08,2.697080291970803,3.0764504661240637,B,Z,lumpy,fast,False,False
20993,10967,1334.110012769699,26,421.8076923076923,1824.3445950637893,2009-12-04,2010-03-09,28.423076923076923,18.70616486710727,B,Z,lumpy,slow,False,True
20994,47,39.95000112056732,10,4.7,3.4009802508492553,2009-12-01,2010-01-25,73.9,0.5236155122981739,C,Y,lumpy,slow,False,True
20995,3,0.0,1,3.0,0.0,2009-12-22,2009-12-22,739.0,0.0,C,X,intermittent,slow,False,True
20996,6311,1686.789988875389,228,27.67982456140351,77.31763045272217,2009-12-02,2011-12-08,3.241228070175439,7.802439416600191,B,Z,lumpy,fast,False,True
20997,170,796.739990234375,73,2.328767123287671,1.6334591322349903,2009-12-08,2011-12-08,10.123287671232877,0.49199923106497495,C,Y,lumpy,medium,False,False
20998,324,942.2600040435791,113,2.8672566371681416,2.3280296112913392,2009-12-02,2011-10-14,6.539823008849558,0.6592404794565287,C,Y,lumpy,medium,False,False
21000,690,1744.979995250702,84,8.214285714285714,54.46078979215095,2009-12-03,2011-12-09,8.797619047619047,43.95702188717061,B,Z,lumpy,medium,False,True
21001,141,717.7999925613403,78,1.8076923076923077,1.377534898869135,2009-12-16,2011-12-08,9.474358974358974,0.5807058491531103,C,Y,lumpy,medium,False,False
21002,417,1507.2199733257294,137,3.0437956204379564,3.077118144558137,2009-12-21,2011-10-23,5.394160583941606,1.0220152274287213,B,Z,lumpy,fast,False,False
21003,109,647.7499918937683,53,2.056603773584906,1.3786154472962893,2010-03-02,2011-12-08,13.943396226415095,0.44935028778981295,C,Y,intermittent,medium,False,False
21004,137,625.0699987411499,60,2.283333333333333,1.8141783092775383,2009-12-01,2010-11-05,12.316666666666666,0.6312789480670886,C,Y,lumpy,medium,False,False
21007,1932,914.6699981689453,34,56.8235294117647,72.27786055604935,2009-12-02,2010-09-29,21.735294117647058,1.6179092858812008,C,Z,lumpy,medium,False,True
21008,1,2.509999990463257,1,1.0,0.0,2010-02-01,2010-02-01,739.0,0.0,C,X,intermittent,slow,False,True
21009,1053,1494.989997625351,57,18.473684210526315,22.161022139234444,2009-12-02,2010-12-20,12.964912280701755,1.4390389340531795,B,Z,lumpy,medium,False,True
21010,851,1114.759997844696,57,14.929824561403509,13.131015151055273,2009-12-02,2010-10-27,12.964912280701755,0.7735478725618206,C,Y,lumpy,medium,False,True
21011,1840,1373.8000190258026,73,25.205479452054796,26.505743038123722,2009-12-02,2010-12-21,10.123287671232877,1.1058342604626128,B,Z,lumpy,medium,False,True
21012,2297,4293.6999406814575,212,10.834905660377359,28.827088835016937,2009-12-01,2011-12-09,3.4858490566037736,7.078664098171396,B,Z,lumpy,fast,False,True
21014,1850,928.089995443821,122,15.163934426229508,21.69867294405016,2009-12-01,2011-11-23,6.057377049180328,2.0475878900566853,C,Z,lumpy,fast,False,True
21015,1700,771.7299880683422,116,14.655172413793103,19.948674772711254,2009-12-01,2011-12-09,6.370689655172414,1.8528754866857233,C,Z,lumpy,fast,False,True
21016,989,582.8500062227249,53,18.660377358490567,29.05693575102987,2009-12-01,2010-11-26,13.943396226415095,2.4247042976356634,C,Z,lumpy,medium,False,True
21017,659,535.890004992485,58,11.362068965517242,27.731607323901915,2009-12-01,2010-11-19,12.741379310344827,5.957104820603461,C,Z,lumpy,medium,False,True
21018,389,182.71000504493713,37,10.513513513513514,28.552701391580392,2009-12-01,2010-12-17,19.972972972972972,7.375622022059067,C,Z,lumpy,medium,False,True
21025,300,396.120000064373,67,4.477611940298507,4.619977072471064,2009-12-01,2011-12-06,11.029850746268657,1.064600673400674,C,Z,lumpy,medium,False,False
21026,549,716.7299991250038,99,5.545454545454546,5.998763014109111,2009-12-02,2011-12-09,7.4646464646464645,1.1701704062436584,C,Z,lumpy,medium,False,False
21027,409,433.60999822616577,64,6.390625,6.957050067012643,2009-12-04,2011-11-21,11.546875,1.185123444507355,C,Z,lumpy,medium,False,False
21028,323,423.8999977707863,80,4.0375,4.526836294305664,2009-12-05,2011-12-08,9.2375,1.2570846049213107,C,Z,lumpy,medium,False,False
21029,2,0.0,1,2.0,0.0,2009-12-22,2009-12-22,739.0,0.0,C,X,intermittent,slow,False,True
21030,239,290.8999992609024,50,4.78,4.268011055204394,2009-12-16,2011-11-21,14.78,0.7972513772232158,C,Y,lumpy,medium,False,False
21031,144,176.6999990940094,38,3.789473684210526,4.491179913207918,2009-12-01,2011-11-16,19.44736842105263,1.4046338004671344,C,Z,lumpy,medium,False,False
21032,203,252.15999966859818,50,4.06,4.418929596125086,2009-12-04,2011-11-30,14.78,1.1846282835976494,C,Z,lumpy,medium,False,False
21033,4689,10132.110024929047,298,15.734899328859061,40.541372518454146,2009-12-01,2011-09-08,2.4798657718120807,6.638484686276451,A,Z,lumpy,fast,False,True
21034,4004,3801.8999522924423,547,7.319926873857404,7.004055967412226,2009-12-01,2011-12-08,1.3510054844606947,0.9155577233454035,B,Y,lumpy,fast,False,False
21035,5994,18644.780041217804,444,13.5,30.206101666353835,2009-12-01,2011-12-09,1.6644144144144144,5.006357080263944,A,Z,lumpy,fast,False,False
21036,1,2.549999952316284,1,1.0,0.0,2009-12-14,2009-12-14,739.0,0.0,C,X,intermittent,slow,False,True
21038,166,355.4800060391426,46,3.608695652173913,3.336520215697554,2009-12-16,2011-05-04,16.065217391304348,0.8548442767052143,C,Y,lumpy,medium,False,True
21039,1313,3423.6499314308167,179,7.335195530726257,9.574629475670815,2009-12-01,2011-12-06,4.128491620111732,1.7038076449157449,B,Z,lumpy,fast,False,False
21040,894,1125.850007712841,52,17.192307692307693,44.88636565841699,2009-12-02,2011-03-15,14.211538461538462,6.816485822391757,C,Z,lumpy,medium,False,True
21041,2666,9049.290048122406,276,9.659420289855072,17.989894689392745,2009-12-01,2011-11-23,2.677536231884058,3.4686071586095384,A,Z,lumpy,fast,False,False
21042,1473,8717.309851646423,262,5.622137404580153,10.632054404234903,2009-12-01,2011-12-08,2.8206106870229006,3.57627963316336,A,Z,lumpy,fast,False,False
21043,677,1921.0300116539001,99,6.838383838383838,10.738740729871896,2009-12-07,2011-06-07,7.4646464646464645,2.4660380091460006,B,Z,lumpy,medium,False,True
21051,994,1486.159968137741,104,9.557692307692308,25.07341721691586,2009-12-03,2011-12-08,7.105769230769231,6.8820997717665024,B,Z,lumpy,medium,False,True
21054,383,3537.9999284744263,145,2.6413793103448278,2.864233129063436,2009-12-03,2011-11-15,5.096551724137931,1.175858827557319,B,Z,lumpy,fast,False,False
21055,386,3839.0899181365967,173,2.23121387283237,1.8279984051165774,2009-12-01,2011-12-08,4.271676300578035,0.6712266975170864,B,Y,lumpy,fast,False,False
21056,545,4961.329882621765,160,3.40625,6.584044822631078,2009-12-03,2011-12-08,4.61875,3.73622066626118,A,Z,lumpy,fast,False,False
21058,2396,2055.5900518894196,207,11.57487922705314,18.482028711720933,2009-12-01,2011-12-08,3.570048309178744,2.549566503221367,B,Z,lumpy,fast,False,False
21059,1596,1348.5600371360779,188,8.48936170212766,11.823790646778482,2009-12-06,2011-12-08,3.9308510638297873,1.939828730955154,B,Z,lumpy,fast,False,False
21060,1276,952.5500184297562,135,9.451851851851853,25.197346021854223,2009-12-08,2011-12-05,5.474074074074074,7.106827728257624,C,Z,lumpy,fast,False,True
21061,1396,1046.560019314289,146,9.561643835616438,24.598282138712857,2009-12-08,2011-12-04,5.061643835616438,6.618269257174433,C,Z,lumpy,fast,False,True
21062,1053,875.8700219988823,123,8.560975609756097,7.535866525243496,2009-12-08,2011-12-02,6.008130081300813,0.7748539937601636,C,Y,lumpy,fast,False,False
21063,1456,1256.2700318694115,192,7.583333333333333,11.662053438455688,2009-12-01,2011-12-06,3.8489583333333335,2.3649924668278044,B,Z,lumpy,fast,False,False
21064,884,4432.919898033142,125,7.072,35.83906140764076,2009-12-01,2011-12-09,5.912,25.681994623270647,A,Z,lumpy,fast,False,True
21065,608,1455.3599915504456,95,6.4,15.88549452079515,2009-12-02,2011-12-09,7.778947368421052,6.160862699468083,B,Z,lumpy,medium,False,True
21066,2284,1494.6699965000153,113,20.212389380530972,54.50220364605089,2009-12-01,2011-12-01,6.539823008849558,7.270977690086749,B,Z,lumpy,medium,False,True
21067,4795,3830.670011281967,197,24.34010152284264,76.445799566871,2009-12-01,2011-10-06,3.751269035532995,9.86421396868999,B,Z,lumpy,fast,False,True
21068,4066,4224.629980564117,252,16.134920634920636,59.73652018171103,2009-12-01,2011-12-08,2.9325396825396823,13.70711868680675,B,Z,lumpy,fast,False,False
21069,5105,5404.359936714172,210,24.30952380952381,96.98894725546984,2009-12-01,2011-08-17,3.519047619047619,15.918113149304068,A,Z,lumpy,fast,False,True
21070,2034,2083.4599862098694,174,11.689655172413794,36.708446790573426,2009-12-01,2011-12-08,4.247126436781609,9.861173896136641,B,Z,lumpy,fast,False,True
21071,4270,4998.31996178627,289,14.77508650519031,50.383473254259,2009-12-01,2011-11-03,2.557093425605536,11.62829768577682,A,Z,lumpy,fast,False,False
21076,843,714.5500053167343,58,14.53448275862069,27.82792710427333,2009-12-02,2010-03-16,12.741379310344827,3.665747541418342,C,Z,lumpy,medium,False,True
21077,2915,2058.100002527237,118,24.703389830508474,67.53084883197005,2009-12-02,2010-09-09,6.262711864406779,7.472936874590002,B,Z,lumpy,fast,False,True
21078,7211,6181.250096201897,377,19.127320954907162,28.180642999727613,2009-12-02,2011-10-13,1.960212201591512,2.1706685087684328,A,Z,lumpy,fast,False,False
21080,31078,25416.930379211903,584,53.215753424657535,71.95435010657697,2009-12-01,2011-12-08,1.2654109589041096,1.828241990585666,A,Z,erratic,fast,False,False
21081,4,3.4000000953674316,4,1.0,0.0,2009-12-01,2010-01-31,184.75,0.0,C,X,intermittent,slow,False,True
21082,7187,1960.4500212669373,130,55.284615384615385,379.59185005699993,2009-12-01,2011-06-28,5.684615384615385,47.14386383949897,B,Z,lumpy,fast,False,True
21084,2929,1008.8099789023399,157,18.656050955414013,31.882137386083127,2009-12-06,2011-12-07,4.707006369426751,2.9204879540074353,C,Z,lumpy,fast,False,True
21085,13731,1872.6799929738045,53,259.07547169811323,1748.611007552265,2009-12-01,2010-07-12,13.943396226415095,45.5547660702413,B,Z,lumpy,medium,False,True
21086,16658,10781.809579491615,412,40.432038834951456,71.42459139321029,2009-12-01,2011-12-06,1.7936893203883495,3.120644129722372,A,Z,lumpy,fast,False,False
21087,260,168.07999467849731,30,8.666666666666666,8.28930899883464,2010-01-25,2011-04-19,24.633333333333333,0.9148133034074684,C,Y,lumpy,medium,False,True
21088,16615,1816.7299600243568,107,155.2803738317757,967.8199757984828,2009-12-15,2011-12-08,6.906542056074766,38.846869580119694,B,Z,lumpy,medium,False,True
21089,323,112.53999716043472,37,8.72972972972973,6.379866981583762,2010-01-15,2011-08-17,19.972972972972972,0.5340988603360523,C,Y,lumpy,medium,False,True
21090,3107,1729.0899720788002,194,16.015463917525775,29.115541992807906,2009-12-16,2011-12-07,3.8092783505154637,3.3049942739008378,B,Z,lumpy,fast,False,True
21091,13700,1868.7000206708908,38,360.5263157894737,2099.701700008478,2009-12-01,2010-03-18,19.44736842105263,33.918860880721944,B,Z,lumpy,medium,False,True
21092,12846,1571.5000216960907,26,494.0769230769231,2444.7623021157196,2009-12-07,2010-03-17,28.423076923076923,24.48409979423307,B,Z,lumpy,slow,False,True
21094,19633,15334.030034303665,463,42.40388768898488,70.12505022341048,2009-12-01,2011-12-08,1.5961123110151187,2.734859497313498,A,Z,lumpy,fast,False,False
21095,490,274.570005774498,41,11.951219512195122,22.569837415799203,2009-12-17,2011-06-17,18.024390243902438,3.566419408579758,C,Z,lumpy,medium,False,True
21096,15919,2711.7099218070507,107,148.77570093457945,951.885351710074,2009-12-10,2011-12-08,6.906542056074766,40.93598804821487,B,Z,lumpy,medium,False,True
21097,32,27.200000762939453,7,4.571428571428571,3.644957377763735,2010-01-15,2010-06-21,105.57142857142857,0.6357421875,C,Y,lumpy,slow,False,True
21098,8696,13263.92977643013,199,43.698492462311556,101.75534904034241,2009-12-01,2011-12-09,3.71356783919598,5.422275593678379,A,Z,lumpy,fast,False,True
21099,13290,1516.640011548996,30,443.0,2364.155546548463,2009-12-01,2010-05-07,24.633333333333333,28.48030536856678,B,Z,lumpy,medium,False,True
21100,2540,3795.0000109672546,173,14.68208092485549,30.65842522872044,2009-12-01,2011-03-22,4.271676300578035,4.360381216053135,B,Z,lumpy,fast,False,True
21102,82,221.07999730110168,18,4.555555555555555,3.5516727164770288,2009-12-02,2010-03-12,41.05555555555556,0.6078314728627917,C,Y,lumpy,slow,False,True
21106,790,2419.6800096035004,144,5.486111111111111,6.011627557464442,2009-12-02,2011-12-02,5.131944444444445,1.2007564683353824,B,Z,lumpy,fast,False,False
21107,2302,6624.769975185394,213,10.807511737089202,26.124078748875647,2009-12-02,2011-12-06,3.4694835680751175,5.842928027581446,A,Z,lumpy,fast,False,True
21108,12962,25407.269285917282,329,39.39817629179331,245.7674195430694,2009-12-01,2011-12-09,2.2462006079027357,38.91314934573579,A,Z,lumpy,fast,False,True
21109,1173,4476.490018129349,151,7.768211920529802,19.086624883622658,2009-12-04,2011-12-09,4.894039735099338,6.03693009353438,A,Z,lumpy,fast,False,True
21110,1640,7729.369994878769,227,7.224669603524229,17.408870418518326,2009-12-01,2011-11-25,3.2555066079295156,5.806376639879343,A,Z,lumpy,fast,False,True
21111,1379,3187.1600024700165,163,8.460122699386503,13.585234085949244,2009-12-01,2011-12-09,4.533742331288344,2.578581892892885,B,Z,lumpy,fast,False,True
21112,2222,5484.260027885437,149,14.912751677852349,35.46142420386268,2009-12-01,2011-12-05,4.959731543624161,5.65453341926014,A,Z,lumpy,fast,False,True
21114,5666,7306.139984130859,313,18.10223642172524,22.325443145636633,2009-12-01,2011-12-04,2.3610223642172525,1.5210227537985552,A,Z,lumpy,fast,False,False
21115,1247,7955.839966535568,291,4.285223367697594,9.74632140339168,2009-12-01,2011-12-09,2.5395189003436425,5.172905312600368,A,Z,lumpy,fast,False,False
21116,1382,7900.009877204895,325,4.252307692307692,6.113461863332097,2009-12-01,2011-12-05,2.273846153846154,2.066926581992365,A,Z,lumpy,fast,False,False
21117,328,502.0800018310547,26,12.615384615384615,17.88647963815557,2009-12-10,2011-11-23,28.423076923076923,2.0102439024390244,C,Z,lumpy,slow,False,True
21118,69,104.25,6,11.5,6.316644678941502,2009-12-02,2010-01-11,123.16666666666667,0.30170132325141774,C,Y,intermittent,slow,False,True
21119,3,41.00999927520752,3,1.0,0.0,2009-12-18,2010-09-27,246.33333333333334,0.0,C,X,intermittent,slow,False,True
21120,1,16.979999542236328,1,1.0,0.0,2010-12-09,2010-12-09,739.0,0.0,C,X,intermittent,slow,False,True
21121,15407,18442.699780464172,457,33.713347921225385,57.44363080938644,2009-12-01,2011-12-09,1.6170678336980306,2.903220351887479,A,Z,lumpy,fast,False,False
21122,12209,14844.779846906662,440,27.74772727272727,45.37123504783617,2009-12-01,2011-12-09,1.6795454545454545,2.6736611662727037,A,Z,lumpy,fast,False,False
21123,2751,3393.0599951148033,194,14.18041237113402,16.496613809705977,2009-12-03,2011-12-09,3.8092783505154637,1.3533555061414766,B,Z,lumpy,fast,False,False
21124,10029,12172.789878845215,389,25.781491002570693,41.43633878611847,2009-12-01,2011-12-09,1.8997429305912596,2.5831325410861026,A,Z,lumpy,fast,False,False
21125,2123,2211.379994869232,192,11.057291666666666,23.88896323313919,2009-12-01,2011-12-09,3.8489583333333335,4.667636992940746,B,Z,lumpy,fast,False,True
21126,2325,2349.2199926376343,220,10.568181818181818,31.398017654954813,2009-12-01,2011-12-09,3.359090909090909,8.826812591103774,B,Z,lumpy,fast,False,True
21127,297,998.0299816131592,42,7.071428571428571,27.193428956224196,2009-12-03,2010-06-10,17.595238095238095,14.788142573804068,C,Z,lumpy,medium,False,True
21128,126,841.6299953460693,56,2.25,2.718622645920005,2009-12-17,2011-12-07,13.196428571428571,1.4599326599326596,C,Z,lumpy,medium,False,True
21129,124,949.4399862289429,58,2.1379310344827585,1.8959631710657008,2009-12-02,2011-11-29,12.741379310344827,0.7864523431367182,C,Y,lumpy,medium,False,False
21130,721,1200.9300105571747,37,19.486486486486488,78.07781788475934,2009-12-04,2010-06-30,19.972972972972972,16.054184623546217,C,Z,lumpy,medium,False,True
21131,276,1098.8600006103516,48,5.75,17.70382817118641,2009-12-07,2011-12-06,15.395833333333334,9.47978924506294,C,Z,lumpy,medium,False,True
21132,93,476.6100015640259,44,2.1136363636363638,1.9791460349060004,2009-12-14,2011-12-08,16.795454545454547,0.8767890897455546,C,Y,lumpy,medium,False,False
21133,706,712.9100241661072,28,25.214285714285715,51.092767584765845,2009-12-01,2010-09-13,26.392857142857142,4.106062132721523,C,Z,lumpy,slow,False,True
21134,378,646.4399919509888,34,11.117647058823529,13.695309318383545,2009-12-01,2010-12-01,21.735294117647058,1.5174623534411888,C,Z,lumpy,medium,False,True
21135,5985,8567.24026632309,293,20.426621160409557,49.391075408242536,2009-12-02,2011-12-08,2.522184300341297,5.846606914129794,A,Z,lumpy,fast,False,True
21136,10496,17451.45055961609,395,26.572151898734177,36.70608649756489,2009-12-01,2011-12-08,1.870886075949367,1.908194828707038,A,Z,lumpy,fast,False,False
21137,18739,65189.291761398315,346,54.15895953757225,108.00722274862373,2009-12-01,2011-12-09,2.1358381502890174,3.9770859165313848,A,Z,lumpy,fast,False,False
21143,2124,4149.1500816345215,117,18.153846153846153,20.876738162042276,2009-12-01,2011-08-22,6.316239316239316,1.322476572328602,B,Z,lumpy,fast,False,False
21144,543,287.469997882843,42,12.928571428571429,13.234089125534043,2009-12-02,2010-12-21,17.595238095238095,1.0478208399189697,C,Z,lumpy,medium,False,True
21145,1452,1256.2099876403809,48,30.25,80.10325782946417,2009-12-01,2011-11-22,15.395833333333334,7.0121242154427845,B,Z,lumpy,medium,False,True
21146,789,1513.670025587082,42,18.785714285714285,21.275814408516645,2009-12-02,2010-11-02,17.595238095238095,1.2826759767257923,B,Z,lumpy,medium,False,True
21147,649,870.479987859726,89,7.292134831460674,13.562315978802683,2009-12-04,2011-12-05,8.303370786516854,3.4590619227140733,C,Z,lumpy,medium,False,True
21148,1,0.0,1,1.0,0.0,2009-12-22,2009-12-22,739.0,0.0,C,X,intermittent,slow,False,True
21153,393,4294.689870834351,98,4.010204081632653,5.739167111452589,2009-12-01,2010-09-22,7.540816326530612,2.0481642991217264,B,Z,lumpy,medium,False,True
21154,8095,11694.94981455803,457,17.713347921225385,34.67434490007415,2009-12-01,2011-12-09,1.6170678336980306,3.8319093219954317,A,Z,lumpy,fast,False,False
21155,6665,16343.089764118195,423,15.756501182033096,31.557362185525108,2009-12-01,2011-12-09,1.7470449172576832,4.0112692641291545,A,Z,lumpy,fast,False,False
21156,9137,17002.2801361084,441,20.718820861678005,46.23893316702553,2009-12-01,2011-12-08,1.6757369614512472,4.980644447524638,A,Z,lumpy,fast,False,False
21157,689,1616.949951171875,126,5.468253968253968,5.059148557512828,2009-12-01,2011-10-25,5.865079365079365,0.8559679643411604,B,Y,lumpy,fast,False,False
21158,2587,1792.6600040197372,224,11.549107142857142,29.02893714940909,2009-12-02,2011-12-09,3.299107142857143,6.317793830592324,B,Z,lumpy,fast,False,False
21159,2105,1445.3700041770935,194,10.850515463917526,29.834662261734756,2009-12-01,2011-12-09,3.8092783505154637,7.560343209984306,B,Z,lumpy,fast,False,True
21160,794,557.4900040626526,51,15.568627450980392,44.077320654486606,2009-12-01,2010-12-14,14.490196078431373,8.015483443204387,C,Z,lumpy,medium,False,True
21161,2360,1806.0500230789185,156,15.128205128205128,81.38706546586349,2009-12-01,2011-06-08,4.737179487179487,28.942495204381398,B,Z,lumpy,fast,False,True
21162,2402,1655.8800029754639,195,12.317948717948719,30.574759415183063,2009-12-01,2011-12-09,3.7897435897435896,6.160973110648976,B,Z,lumpy,fast,False,False
21163,2800,1757.919999718666,189,14.814814814814815,55.259471052987365,2009-12-02,2011-10-28,3.9100529100529102,13.913006648936165,B,Z,lumpy,fast,False,True
21164,5981,16626.41003894806,402,14.878109452736318,36.138381423055804,2009-12-01,2011-12-08,1.8383084577114428,5.899862578541436,A,Z,lumpy,fast,False,False
21165,9360,15167.380474567413,442,21.176470588235293,34.84225011329181,2009-12-01,2011-12-07,1.6719457013574661,2.707105799109768,A,Z,lumpy,fast,False,False
21166,20363,38138.86050534248,465,43.79139784946236,74.87861967520651,2009-12-01,2011-12-09,1.589247311827957,2.9237352453530154,A,Z,lumpy,fast,False,False
21167,2440,587.5199868083,97,25.15463917525773,31.406057074427522,2009-12-10,2011-12-08,7.618556701030927,1.5588008970762783,C,Z,lumpy,medium,False,False
21169,8901,14262.61046552658,364,24.453296703296704,45.8430730260713,2009-12-08,2011-12-09,2.03021978021978,3.5145733351022597,A,Z,lumpy,fast,False,False
21171,1845,2578.270044565201,179,10.307262569832401,23.213723730385652,2009-12-02,2011-08-11,4.128491620111732,5.072276783375004,B,Z,lumpy,fast,False,True
21172,7686,11382.16027545929,437,17.588100686498855,26.713475369903914,2009-12-01,2011-12-09,1.6910755148741419,2.3068688183308095,A,Z,lumpy,fast,False,False
21173,341,607.9599951505661,52,6.5576923076923075,7.225807401899902,2009-12-01,2010-04-01,14.211538461538462,1.2141453824415533,C,Z,lumpy,medium,False,True
21174,9830,19593.81008386612,504,19.503968253968253,35.763970898662,2009-12-01,2011-12-09,1.4662698412698412,3.3623700058023855,A,Z,lumpy,fast,False,False
21175,20676,43851.47952365875,525,39.38285714285714,133.3291716998659,2009-12-01,2011-12-09,1.4076190476190475,11.46135388034592,A,Z,lumpy,fast,False,False
21179,4284,3517.899963736534,280,15.3,31.82596041398282,2009-12-01,2011-09-12,2.6392857142857142,4.326933044010429,B,Z,lumpy,fast,False,False
21181,25156,50117.139318704605,414,60.76328502415459,84.98575299961341,2009-12-01,2011-12-09,1.785024154589372,1.9561842757263133,A,Z,lumpy,fast,False,False
21185,133,876.2899861335754,30,4.433333333333334,4.328600421521418,2009-12-01,2010-07-05,24.633333333333333,0.9533101615849319,C,Y,lumpy,medium,False,True
21186,5297,8532.170063734055,191,27.732984293193716,40.36761222609773,2009-12-01,2010-12-14,3.869109947643979,2.118716804993356,A,Z,lumpy,fast,False,False
21187,1344,2243.780007123947,106,12.679245283018869,29.962690186872432,2009-12-01,2011-08-04,6.971698113207547,5.584377910390346,B,Z,lumpy,medium,False,False
21188,912,2771.3400218486786,114,8.0,9.60180661466824,2009-12-03,2011-08-03,6.482456140350878,1.4405420353982306,B,Z,lumpy,medium,False,False
21189,797,1698.8799868822098,96,8.302083333333334,9.421274683749894,2009-12-01,2011-12-08,7.697916666666667,1.2877903178323982,B,Z,lumpy,medium,False,True
21190,854,1337.5899987220764,87,9.816091954022989,15.8748951548504,2009-12-13,2011-11-25,8.494252873563218,2.615438396754551,B,Z,lumpy,medium,False,False
21191,1479,3408.6099820137024,141,10.48936170212766,16.554506085429512,2009-12-01,2011-12-08,5.24113475177305,2.490774053203851,B,Z,lumpy,fast,False,True
21192,2215,3885.640013575554,148,14.966216216216216,30.232076387976445,2009-12-01,2011-11-27,4.993243243243243,4.080486282126037,B,Z,lumpy,fast,False,True
21193,112,274.37000370025635,18,6.222222222222222,10.07942316017291,2009-12-02,2010-04-07,41.05555555555556,2.6240996398559417,C,Z,lumpy,slow,False,True
21194,578,751.4999852180481,86,6.72093023255814,8.693000785338672,2009-12-03,2011-12-09,8.593023255813954,1.6729411482987366,C,Z,lumpy,medium,False,False
21195,997,2122.6599925756454,116,8.594827586206897,13.244180640552301,2009-12-02,2011-05-17,6.370689655172414,2.3745201152277224,B,Z,lumpy,medium,False,True
21196,178,306.8899955749512,21,8.476190476190476,6.523948556043706,2010-02-08,2011-12-07,35.19047619047619,0.5924062618356268,C,Y,lumpy,slow,False,False
21197,453,661.8099966645241,43,10.534883720930232,11.78042936643592,2010-03-03,2011-12-02,17.186046511627907,1.2504396794998085,C,Z,lumpy,medium,False,False
21198,1282,1472.2999771237373,107,11.981308411214954,16.195143290395364,2009-12-01,2011-12-07,6.906542056074766,1.8270948554952762,B,Z,lumpy,medium,False,True
21199,1305,1495.6999762654305,130,10.038461538461538,18.623317819524974,2009-12-07,2011-12-02,5.684615384615385,3.44175372390829,B,Z,lumpy,fast,False,True
21200,1421,2065.160004258156,107,13.280373831775702,34.36452602489281,2009-12-01,2011-12-09,6.906542056074766,6.695763660421893,B,Z,lumpy,medium,False,True
21201,2741,6517.159798383713,193,14.202072538860104,30.289155028638174,2009-12-01,2011-12-09,3.8290155440414506,4.5485279011477875,A,Z,lumpy,fast,False,False
21202,854,1103.4799894094467,63,13.555555555555555,26.40550882026983,2009-12-14,2011-11-17,11.73015873015873,3.7944989640315216,C,Z,lumpy,medium,False,True
21203,1539,2527.0000092983246,103,14.941747572815533,31.87869939861757,2009-12-03,2010-08-17,7.174757281553398,4.551959599243909,B,Z,lumpy,medium,False,True
21204,1608,2682.9899940490723,169,9.514792899408285,23.261737055085746,2009-12-06,2011-12-07,4.372781065088757,5.977032329579006,B,Z,lumpy,fast,False,True
21205,669,1746.969964981079,124,5.395161290322581,7.631575984440843,2009-12-02,2011-12-02,5.959677419354839,2.000873351451042,B,Z,lumpy,fast,False,False
21206,2155,3067.8999638557434,196,10.994897959183673,19.530251997003457,2009-12-03,2011-11-23,3.770408163265306,3.155246456606292,B,Z,lumpy,fast,False,False
21207,3601,5597.420057892799,222,16.22072072072072,50.64829419097535,2009-12-03,2011-12-05,3.328828828828829,9.749657341965253,A,Z,lumpy,fast,False,False
21208,1083,976.9099855422974,106,10.216981132075471,13.8026945036665,2009-12-16,2011-12-09,6.971698113207547,1.8250827860177088,C,Z,lumpy,medium,False,False
21209,1476,1368.0399770736694,125,11.808,19.759316300043412,2009-12-16,2011-12-09,5.912,2.8002134525399365,B,Z,lumpy,fast,False,True
21210,15118,21727.1905169487,470,32.16595744680851,46.8521026308996,2009-12-01,2011-12-08,1.5723404255319149,2.121608300082564,A,Z,lumpy,fast,False,False
21211,2405,3365.640070438385,181,13.287292817679559,47.71251063362502,2009-12-02,2011-11-28,4.082872928176796,12.894114659678065,B,Z,lumpy,fast,False,True
21212,94884,51825.150109916925,594,159.73737373737373,191.4845747788874,2009-12-01,2011-12-09,1.2441077441077442,1.4369925272578392,A,Z,erratic,fast,False,False
21213,40263,21390.76009517908,538,74.83828996282529,129.18470119471834,2009-12-01,2011-12-09,1.3736059479553904,2.979713161204292,A,Z,lumpy,fast,False,False
21214,2010,2920.8200554847717,123,16.341463414634145,38.93896638020707,2009-12-01,2010-10-11,6.008130081300813,5.677889631850535,B,Z,lumpy,fast,False,True
21215,4349,2533.880018234253,232,18.745689655172413,40.650234190986616,2009-12-04,2011-12-08,3.185344827586207,4.7024399504483245,B,Z,lumpy,fast,False,False
21216,3891,20168.99973297119,407,9.56019656019656,14.768515571242006,2009-12-01,2011-12-09,1.8157248157248158,2.3863824546729546,A,Z,lumpy,fast,False,False
21217,2904,29769.239541053772,447,6.496644295302014,9.890402215207008,2009-12-01,2011-12-09,1.6532438478747205,2.3176600202132174,A,Z,lumpy,fast,False,False
21218,5256,20800.310032129288,438,12.0,16.95666842628566,2009-12-01,2011-12-09,1.687214611872146,1.996726417493007,A,Z,lumpy,fast,False,False
21219,1013,1303.2699998617172,147,6.891156462585034,6.059216066321243,2009-12-04,2011-12-08,5.0272108843537415,0.7731231138367458,B,Y,lumpy,fast,False,False
21220,659,888.6800003647804,133,4.954887218045113,4.870854354861658,2009-12-02,2011-12-09,5.556390977443609,0.9663684447292296,C,Y,lumpy,fast,False,False
21221,535,709.6600001454353,95,5.631578947368421,5.6719778372968035,2009-12-01,2011-12-08,7.778947368421052,1.0143987303545978,C,Z,lumpy,medium,False,False
21222,621,804.6500006318092,110,5.6454545454545455,5.0276051964803665,2009-12-07,2011-12-09,6.718181818181818,0.7930937051332309,C,Y,lumpy,medium,False,False
21223,492,587.0799882411957,34,14.470588235294118,33.748836383188845,2009-12-01,2010-04-08,21.735294117647058,5.4393278411719805,C,Z,lumpy,medium,False,True
21224,2171,2691.909994482994,233,9.317596566523605,9.096346806992996,2009-12-03,2011-12-09,3.171673819742489,0.9530731064631139,B,Y,lumpy,fast,False,False
21225,2,2.5,2,1.0,0.0,2009-12-11,2009-12-21,369.5,0.0,C,X,intermittent,slow,False,True
21226,247,230.54999858140945,35,7.057142857142857,8.397978948542802,2009-12-11,2011-11-25,21.114285714285714,1.4160929004688798,C,Z,lumpy,medium,False,False
21228,97,122.5699999332428,29,3.3448275862068964,3.7059398467572633,2009-12-09,2011-03-09,25.482758620689655,1.227578458314987,C,Z,lumpy,slow,False,False
21231,19428,24128.859561681747,471,41.2484076433121,48.16266622262281,2009-12-01,2011-12-08,1.5690021231422506,1.3633478149852187,A,Z,lumpy,fast,False,False
21232,37998,49300.56908273697,567,67.01587301587301,78.34772154940977,2009-12-01,2011-12-09,1.3033509700176367,1.3667761230790993,A,Z,erratic,fast,False,False
21238,9477,8164.000219106674,444,21.344594594594593,28.175693422439053,2009-12-01,2011-12-09,1.6644144144144144,1.7425024814104217,A,Z,lumpy,fast,False,False
21239,7369,6438.390165388584,413,17.84261501210654,26.081964250503262,2009-12-01,2011-12-09,1.7893462469733656,2.136798552802249,A,Z,lumpy,fast,False,False
21240,7581,6535.7401730418205,426,17.795774647887324,30.318591942874075,2009-12-01,2011-12-08,1.7347417840375587,2.9025804162412046,A,Z,lumpy,fast,False,False
21241,2213,1869.070051908493,162,13.660493827160494,20.28803875501046,2009-12-01,2010-10-12,4.561728395061729,2.205704518421426,B,Z,lumpy,fast,False,False
21242,7085,11917.730346918106,392,18.073979591836736,27.63587009832788,2009-12-01,2011-12-09,1.885204081632653,2.3379687940101825,A,Z,lumpy,fast,False,False
21243,5644,9287.700276374817,321,17.582554517133957,28.613811257923167,2009-12-01,2011-12-08,2.3021806853582554,2.6484237324239657,A,Z,lumpy,fast,False,False
21244,5050,8279.0702521801,300,16.833333333333332,27.924388273042503,2009-12-01,2011-12-06,2.4633333333333334,2.7518647755367915,A,Z,lumpy,fast,False,False
21245,2567,4268.360130786896,231,11.112554112554113,17.688497071982606,2009-12-01,2011-12-07,3.1991341991341993,2.533693577229089,B,Z,lumpy,fast,False,False
21246,749,3685.629900932312,163,4.595092024539877,4.530606528509241,2009-12-01,2011-09-04,4.533742331288344,0.9721298223517172,B,Y,lumpy,fast,False,False
21247,422,664.7300028800964,64,6.59375,6.015109942390714,2009-12-01,2010-10-25,11.546875,0.8321894108826117,C,Y,lumpy,medium,False,False
21248,1043,1299.5500308275223,140,7.45,15.2411432000085,2009-12-01,2011-12-09,5.2785714285714285,4.185260952987078,B,Z,lumpy,fast,False,False
21249,1661,4770.530007362366,211,7.872037914691943,13.115157538348463,2009-12-01,2011-12-08,3.5023696682464456,2.7757009179969097,A,Z,lumpy,fast,False,False
21250,402,997.5500040054321,55,7.3090909090909095,16.93109426061862,2009-12-03,2011-11-30,13.436363636363636,5.3659093055085725,C,Z,lumpy,medium,False,True
21251,595,1683.930013179779,116,5.129310344827586,11.291805549322843,2009-12-01,2011-11-30,6.370689655172414,4.846283638775204,B,Z,lumpy,medium,False,True
21252,169,408.6600022315979,16,10.5625,12.622565771928725,2009-12-01,2010-01-26,46.1875,1.4281105937000336,C,Z,lumpy,slow,False,True
21253,332,1225.1699977517128,108,3.074074074074074,4.817615076207223,2009-12-02,2011-12-08,6.842592592592593,2.4560405793876994,B,Z,lumpy,medium,False,False
21255,523,860.0799949169159,60,8.716666666666667,12.426177489704939,2009-12-01,2010-04-21,12.316666666666666,2.032236410838847,C,Z,lumpy,medium,False,True
21256,328,588.639999628067,40,8.2,12.56817307165104,2009-12-01,2010-02-22,18.475,2.3491816531673764,C,Z,lumpy,medium,False,True
21257,1556,13968.479654312134,321,4.8473520249221185,8.752413997224778,2009-12-01,2011-12-09,2.3021806853582554,3.260217569355873,A,Z,lumpy,fast,False,False
21258,1516,21386.559789657593,255,5.9450980392156865,8.587491217098059,2009-12-01,2011-12-09,2.8980392156862744,2.08648165233897,A,Z,lumpy,fast,False,True
21259,2293,13843.919647216797,371,6.180592991913747,12.507824607187574,2009-12-01,2011-12-09,1.9919137466307277,4.095465530856051,A,Z,lumpy,fast,False,False
21260,3512,11564.43006014824,323,10.873065015479876,34.30660963721288,2009-12-01,2011-12-08,2.2879256965944275,9.95523765079526,A,Z,lumpy,fast,False,False
21261,283,1146.120013475418,66,4.287878787878788,6.267781233026691,2009-12-04,2011-12-06,11.196969696969697,2.1366956184321864,C,Z,lumpy,medium,False,True
21262,606,2366.02002120018,103,5.883495145631068,6.823116663045211,2009-12-02,2011-12-08,7.174757281553398,1.3449148690834911,B,Z,lumpy,medium,False,True
21263,299,658.2900111675262,49,6.1020408163265305,10.741750512911414,2010-09-13,2011-12-06,15.081632653061224,3.098845370857149,C,Z,lumpy,medium,False,True
21264,391,917.8500127792358,58,6.741379310344827,6.3427271372659595,2009-12-08,2011-12-06,12.741379310344827,0.8852267507224112,C,Y,lumpy,medium,False,True
21265,321,705.590012550354,34,9.441176470588236,13.45968430552062,2009-12-06,2011-12-07,21.735294117647058,2.0324389850112623,C,Z,lumpy,medium,False,True
21266,23,98.90000438690186,7,3.2857142857142856,3.6839419880650364,2009-12-01,2009-12-16,105.57142857142857,1.2570888468809074,C,Z,lumpy,slow,False,True
21267,24,74.60000085830688,7,3.4285714285714284,1.2724180205607034,2009-12-02,2009-12-18,105.57142857142857,0.13773148148148145,C,X,intermittent,slow,False,True
21268,445,261.6599942445755,43,10.348837209302326,16.76146902433735,2009-12-06,2010-12-02,17.186046511627907,2.6232582466138825,C,Z,lumpy,medium,False,False
21269,127,1036.8399963378906,65,1.9538461538461538,1.6146862043324517,2009-12-08,2011-11-22,11.36923076923077,0.6829604284208572,C,Y,lumpy,medium,False,False
21270,76,874.4300012588501,43,1.7674418604651163,1.3063436669962532,2009-12-08,2011-12-05,17.186046511627907,0.5462917161324361,C,Y,lumpy,medium,False,True
21272,2366,3109.8299849033356,250,9.464,16.95448383432399,2009-12-01,2011-08-31,2.956,3.209369210926648,B,Z,lumpy,fast,False,False
21274,175,2420.6899948120117,83,2.108433734939759,1.506182771541057,2009-12-04,2010-11-05,8.903614457831326,0.5103115978098556,B,Y,lumpy,medium,False,False
21275,252,1714.480031967163,48,5.25,7.194856318704947,2009-12-08,2011-11-10,15.395833333333334,1.8781299753944127,B,Z,lumpy,medium,False,True
21276,677,1558.940020084381,20,33.85,42.225304211923365,2009-12-03,2010-04-08,36.95,1.5560667693202679,B,Z,lumpy,slow,False,True
21277,54,1309.3900260925293,46,1.173913043478261,0.48553969175602046,2009-12-08,2011-11-23,16.065217391304348,0.17107148300563932,B,X,intermittent,medium,False,False
21278,2775,1654.4499835968018,100,27.75,168.35072667415838,2009-12-08,2011-07-15,7.39,36.80476217413156,B,Z,lumpy,medium,False,True
21279,3541,1621.8299882411957,91,38.91208791208791,240.45727956687705,2009-12-02,2011-12-04,8.12087912087912,38.18623051340087,B,Z,lumpy,medium,False,True
21280,3338,1800.4399991035461,69,48.3768115942029,212.72856921502768,2009-12-04,2011-11-09,10.710144927536232,19.33646827758025,B,Z,lumpy,medium,False,True
21281,3680,1716.799996137619,63,58.41269841269841,271.96077960360594,2009-12-02,2011-11-09,11.73015873015873,21.676942043912742,B,Z,lumpy,medium,False,True
21282,356,1522.2800025939941,60,5.933333333333334,7.292593564977743,2009-12-02,2010-11-14,12.316666666666666,1.5106592858717114,B,Z,lumpy,medium,False,False
21283,512,1629.1999988555908,73,7.013698630136986,8.810494296079426,2009-12-01,2010-11-24,10.123287671232877,1.5779976314968536,B,Z,lumpy,medium,False,False
21284,1547,1668.720022201538,114,13.570175438596491,23.3590555096997,2009-12-01,2011-12-08,6.482456140350878,2.9630544528583984,B,Z,lumpy,medium,False,True
21285,1007,1362.6199580430984,75,13.426666666666666,21.178248232519095,2009-12-03,2011-12-08,9.853333333333333,2.487961493837936,B,Z,lumpy,medium,False,True
21286,1006,1623.009984612465,80,12.575,20.528939129242694,2009-12-02,2011-12-08,9.2375,2.6651215839572617,B,Z,lumpy,medium,False,True
21287,4107,1859.9999817609787,79,51.9873417721519,103.76792321809799,2009-12-04,2011-12-06,9.354430379746836,3.9841073045029383,B,Z,lumpy,medium,False,False
21288,982,2557.470006465912,174,5.64367816091954,8.23916631325278,2009-12-03,2011-12-08,4.247126436781609,2.1312876086331096,B,Z,lumpy,fast,False,True
21289,1413,1549.3099973201752,92,15.358695652173912,23.682228474802113,2009-12-08,2011-12-08,8.032608695652174,2.377587256432916,B,Z,lumpy,medium,False,True
21290,2,2.5,1,2.0,0.0,2009-12-23,2009-12-23,739.0,0.0,C,X,intermittent,slow,False,True
21291,2411,2077.9300540685654,126,19.134920634920636,19.74329381824752,2009-12-01,2011-11-28,5.865079365079365,1.064598590622511,B,Z,lumpy,fast,False,False
21292,2449,1427.1100182533264,79,31.0,47.42713709821977,2009-12-04,2011-12-06,9.354430379746836,2.340617412417621,B,Z,lumpy,medium,False,False
21293,343,872.3399758338928,67,5.119402985074627,4.99855248155904,2009-12-03,2011-12-05,11.029850746268657,0.9533445273910551,C,Y,lumpy,medium,False,False
21294,2346,1653.7499797344208,123,19.073170731707318,29.73025470429218,2009-12-02,2011-10-26,6.008130081300813,2.4296933616320677,B,Z,lumpy,fast,False,False
21298,52,755.8000030517578,8,6.5,7.2702917999997,2009-12-14,2010-03-03,92.375,1.2510566356720205,C,Z,lumpy,slow,False,True
21299,166,966.3500065803528,23,7.217391304347826,17.278353566711285,2009-12-01,2010-03-12,32.130434782608695,5.731182121695985,C,Z,lumpy,slow,False,True
21300,53,841.7000045776367,6,8.833333333333334,10.323113225508411,2009-12-05,2010-03-05,123.16666666666667,1.3657529369882522,C,Z,lumpy,slow,False,True
21303,96,985.5400056838989,23,4.173913043478261,5.9364220469376665,2009-12-03,2010-03-10,32.130434782608695,2.022845643939394,C,Z,lumpy,slow,False,True
21304,86,591.5799865722656,15,5.733333333333333,8.048661527294607,2009-12-02,2010-04-13,49.266666666666666,1.9707563934172907,C,Z,lumpy,slow,False,True
21306,681,342.7999894618988,65,10.476923076923077,15.990336625118792,2009-12-03,2011-12-05,11.36923076923077,2.329419477381669,C,Z,lumpy,medium,False,False
21307,749,650.0699791312218,60,12.483333333333333,33.53141287982828,2009-12-01,2011-07-13,12.316666666666666,7.215103607628239,C,Z,lumpy,medium,False,True
21308,132,705.9000005722046,6,22.0,50.950956811427986,2009-12-06,2010-01-12,123.16666666666667,5.363636363636363,C,Z,lumpy,slow,False,True
21309,50,325.5999984741211,5,10.0,17.406895185529212,2009-12-08,2010-02-22,147.8,3.0300000000000007,C,Z,lumpy,slow,False,True
21310,6,179.70000457763672,4,1.5,0.5773502691896257,2010-03-18,2011-05-24,184.75,0.1481481481481481,C,X,intermittent,slow,False,True
21311,797,539.6699804365635,87,9.160919540229886,16.179856528540313,2009-12-03,2011-12-04,8.494252873563218,3.1194009135319565,C,Z,lumpy,medium,False,False
21312,300,1179.1699862480164,27,11.11111111111111,20.929062115289376,2009-12-02,2010-09-15,27.37037037037037,3.548007692307692,C,Z,lumpy,slow,False,True
21313,6711,5771.110012054443,282,23.79787234042553,31.559099996831005,2009-12-01,2011-12-09,2.620567375886525,1.7586238473364457,A,Z,lumpy,fast,False,False
21314,12572,24641.389714479446,476,26.41176470588235,77.37843156737297,2009-12-01,2011-12-09,1.5525210084033614,8.583116468459451,A,Z,lumpy,fast,False,False
21316,693,1146.1100043654442,42,16.5,29.949754671416734,2009-12-03,2011-04-10,17.595238095238095,3.2947210463840166,C,Z,lumpy,medium,False,True
21317,357,1453.3999671936035,70,5.1,14.433405294863615,2009-12-13,2011-12-06,10.557142857142857,8.009349804144447,B,Z,lumpy,medium,False,True
21318,972,900.4199860095978,73,13.315068493150685,19.44570554727585,2009-12-13,2011-05-09,10.123287671232877,2.1328514124804077,C,Z,lumpy,medium,False,True
21319,511,743.610000371933,61,8.37704918032787,12.742532367922045,2009-12-07,2011-04-21,12.114754098360656,2.313818880901957,C,Z,lumpy,medium,False,False
21320,398,913.3399801850319,51,7.803921568627451,13.326694425615283,2009-12-01,2011-04-07,14.490196078431373,2.9162119643443343,C,Z,lumpy,medium,False,True
21321,128,301.7999918460846,18,7.111111111111111,11.478311460616847,2009-12-01,2010-04-21,41.05555555555556,2.605440027573529,C,Z,lumpy,slow,False,True
21322,303,590.4499950408936,13,23.307692307692307,39.14797699197371,2009-12-09,2010-01-26,56.84615384615385,2.8211104938876734,C,Z,lumpy,slow,False,True
21323,759,2506.889981508255,62,12.241935483870968,47.52900252938612,2009-12-02,2010-08-12,11.919354838709678,15.073608358979342,B,Z,lumpy,medium,False,True
21324,1021,2845.7100055217743,133,7.676691729323308,28.262178622455544,2009-12-03,2011-05-18,5.556390977443609,13.553862375410077,B,Z,lumpy,fast,False,True
21326,17770,11593.859840512276,365,48.68493150684932,61.368074509634226,2009-12-01,2011-12-09,2.0246575342465754,1.588897447525395,A,Z,lumpy,fast,False,False
21327,1926,3378.5099554657936,313,6.15335463258786,6.600951509120162,2009-12-02,2011-12-09,2.3610223642172525,1.1507717563177289,B,Z,lumpy,fast,False,False
21328,2441,4612.629919230938,345,7.07536231884058,7.894662713480707,2009-12-01,2011-12-09,2.1420289855072463,1.2450012622812885,A,Z,lumpy,fast,False,False
21329,2082,3760.6599425673485,317,6.5678233438485805,7.323404435483259,2009-12-01,2011-12-09,2.331230283911672,1.2433205491400683,B,Z,lumpy,fast,False,False
21330,1547,2454.070000052452,121,12.785123966942148,39.22970953490272,2009-12-01,2010-11-07,6.107438016528926,9.414999435207427,B,Z,lumpy,fast,False,True
21331,110,946.6800012588501,27,4.074074074074074,9.076283235935145,2009-12-06,2011-11-16,27.37037037037037,4.963159567705021,C,Z,lumpy,slow,False,True
21332,270,1644.170000076294,45,6.0,8.989893315172422,2009-12-04,2011-08-15,16.42222222222222,2.244949494949495,B,Z,lumpy,medium,False,True
21333,1057,3192.0900382995605,160,6.60625,6.21936201201361,2009-12-01,2011-04-05,4.61875,0.8863018666508863,B,Y,lumpy,fast,False,False
21335,42,989.6200218200684,25,1.68,1.0295630140987,2009-12-01,2010-05-18,29.56,0.37556689342403626,C,Y,intermittent,slow,False,False
21336,1823,527.5599924325943,42,43.404761904761905,185.72876361863766,2009-12-04,2011-06-29,17.595238095238095,18.30979908780711,C,Z,lumpy,medium,False,True
21337,33,103.53000140190125,11,3.0,3.492849839314596,2009-12-02,2010-11-30,67.18181818181819,1.3555555555555556,C,Z,lumpy,slow,False,True
21338,202,873.2499933242798,13,15.538461538461538,44.36518038697951,2009-12-05,2010-04-13,56.84615384615385,8.152080678364868,C,Z,lumpy,slow,False,True
21339,30,544.5000228881836,11,2.727272727272727,3.003028774118193,2009-12-08,2010-07-14,67.18181818181819,1.2124444444444447,C,Z,lumpy,slow,False,True
21340,1776,19194.12975883484,256,6.9375,11.398486311615173,2009-12-02,2011-12-07,2.88671875,2.6995313278302158,A,Z,lumpy,fast,False,False
21341,84,410.6400074958801,22,3.8181818181818183,5.132866679188185,2009-12-02,2010-10-01,33.59090909090909,1.8072022459777557,C,Z,lumpy,slow,False,True
21343,20,92.00000166893005,3,6.666666666666667,5.507570547286102,2009-12-09,2010-02-11,246.33333333333334,0.6824999999999999,C,Y,lumpy,slow,False,True
21344,166,749.8200006484985,25,6.64,12.479583326377528,2009-12-01,2011-12-08,29.56,3.5323523007693423,C,Z,lumpy,slow,False,True
21347,8,47.599998474121094,4,2.0,1.4142135623730951,2009-12-02,2010-04-01,184.75,0.5000000000000001,C,Y,lumpy,slow,False,True
21348,850,2030.8399994373322,103,8.25242718446602,15.277638693561862,2009-12-01,2011-01-26,7.174757281553398,3.42727590745641,B,Z,lumpy,medium,False,True
21349,559,4010.729953765869,92,6.076086956521739,6.387201653258526,2009-12-01,2011-11-02,8.032608695652174,1.1050280296602475,B,Z,lumpy,medium,False,True
21350,457,647.7500069141388,34,13.441176470588236,39.002090990154336,2009-12-01,2010-11-08,21.735294117647058,8.419789156062732,C,Z,lumpy,medium,False,True
21351,1099,3702.750012397766,97,11.329896907216495,15.476946329867355,2009-12-01,2011-12-09,7.618556701030927,1.8660300655212798,B,Z,lumpy,medium,False,True
21352,880,3110.2800056934357,103,8.54368932038835,12.4599568021071,2009-12-01,2011-11-15,7.174757281553398,2.12687603812186,B,Z,lumpy,medium,False,True
21353,20,160.4499969482422,7,2.857142857142857,2.1157009420498154,2009-12-01,2010-01-04,105.57142857142857,0.5483333333333333,C,Y,lumpy,slow,False,True
21354,2476,2979.4599525928497,161,15.378881987577639,34.98141365414261,2009-12-02,2011-12-01,4.590062111801243,5.173985215663254,B,Z,lumpy,fast,False,True
21355,3542,4218.049953460693,202,17.534653465346533,39.49823709308307,2009-12-01,2011-12-09,3.6584158415841586,5.074123693715194,B,Z,lumpy,fast,False,True
21356,1592,2014.1599897146225,245,6.497959183673469,7.107848634533654,2009-12-01,2011-12-09,3.016326530612245,1.1965266701329362,B,Z,lumpy,fast,False,False
21357,1842,1827.7599947452545,142,12.971830985915492,36.070054702884825,2009-12-01,2011-03-28,5.204225352112676,7.731985643281276,B,Z,lumpy,fast,False,False
21358,1129,1398.7099971175194,178,6.342696629213483,6.748967489818916,2009-12-02,2011-12-08,4.151685393258427,1.1322094959033928,B,Z,lumpy,fast,False,False
21359,209,2116.4799876213074,66,3.1666666666666665,4.685766773582554,2009-12-02,2011-08-12,11.196969696969697,2.1895589175367567,B,Z,lumpy,medium,False,True
21360,441,2790.410016298294,84,5.25,20.112260242155607,2009-12-01,2011-06-06,8.797619047619047,14.675846242111314,B,Z,lumpy,medium,False,True
21361,556,7361.739965438843,194,2.865979381443299,3.4868483207630216,2010-02-11,2011-07-22,3.8092783505154637,1.4801985973006362,A,Z,lumpy,fast,False,False
21362,4,0.0,1,4.0,0.0,2009-12-22,2009-12-22,739.0,0.0,C,X,intermittent,slow,False,True
21363,985,5296.479846954346,261,3.7739463601532566,3.453906837664494,2010-01-05,2011-09-25,2.8314176245210727,0.8375867374142002,A,Y,lumpy,fast,False,False
21364,468,3407.7200145721436,117,4.0,16.89827577411172,2009-12-01,2011-10-13,6.316239316239316,17.84698275862069,B,Z,lumpy,fast,False,True
21365,469,707.9200022220612,70,6.7,8.121094379025742,2009-12-07,2011-12-08,10.557142857142857,1.4691952308541654,C,Z,lumpy,medium,False,False
21366,238,1140.0000047683716,67,3.5522388059701493,11.618015767175999,2009-12-10,2011-12-07,11.029850746268657,10.696941343382274,C,Z,lumpy,medium,False,True
21367,211,278.4800012111664,53,3.981132075471698,7.659811621598436,2009-12-08,2011-12-05,13.943396226415095,3.701885713397136,C,Z,lumpy,medium,False,False
21368,201,212.04000115394592,43,4.674418604651163,8.345859909567247,2009-12-08,2011-12-05,17.186046511627907,3.1877699868343665,C,Z,lumpy,medium,False,False
21369,133,225.35999965667725,21,6.333333333333333,6.358721045409472,2009-12-23,2011-12-05,35.19047619047619,1.00803324099723,C,Z,lumpy,slow,False,False
21370,54,251.96999979019165,21,2.5714285714285716,4.99571244740356,2009-12-06,2011-12-07,35.19047619047619,3.774382716049383,C,Z,lumpy,slow,False,True
21371,404,556.0099976062775,59,6.8474576271186445,8.7292879184289,2009-12-01,2011-12-08,12.525423728813559,1.625170495455145,C,Z,lumpy,medium,False,False
21372,156,267.0100016593933,45,3.466666666666667,5.101693123588747,2009-12-02,2011-11-28,16.42222222222222,2.1657309037116708,C,Z,lumpy,medium,False,True
21373,636,548.8900008201599,52,12.23076923076923,12.02711867865314,2009-12-04,2011-12-07,14.211538461538462,0.9669758968022956,C,Y,lumpy,medium,False,False
21374,470,809.6699995994568,65,7.230769230769231,10.185420387079684,2009-12-18,2011-12-01,11.36923076923077,1.984215849932096,C,Z,lumpy,medium,False,False
21375,134,817.6000003814697,57,2.3508771929824563,2.7090537888860187,2009-12-01,2011-12-04,12.964912280701755,1.3279305763294398,C,Z,lumpy,medium,False,True
21376,183,849.9099950790405,44,4.159090909090909,7.480029790446152,2009-12-06,2011-12-04,16.795454545454547,3.2345199083072727,C,Z,lumpy,medium,False,True
21377,518,742.5599908828735,92,5.630434782608695,16.093625378728834,2009-12-01,2011-12-08,8.032608695652174,8.170034881562737,C,Z,lumpy,medium,False,True
21378,560,728.9699883460999,80,7.0,16.6429366931486,2009-12-07,2011-12-09,9.2375,5.652802893309226,C,Z,lumpy,medium,False,True
21379,641,705.4599959850311,110,5.827272727272727,18.590151822600138,2009-12-01,2011-12-09,6.718181818181818,10.177361114109953,C,Z,lumpy,medium,False,True
21380,5031,14593.32007098198,379,13.274406332453825,33.957702515960925,2009-12-03,2011-12-02,1.949868073878628,6.544046612347177,A,Z,lumpy,fast,False,False
21381,5104,8568.00025498867,356,14.337078651685394,45.817628397867374,2009-12-03,2011-12-06,2.0758426966292136,10.212777626836473,A,Z,lumpy,fast,False,False
21382,1238,1665.6600110530853,116,10.672413793103448,17.01905625650462,2010-05-16,2011-12-01,6.370689655172414,2.542995764182681,B,Z,lumpy,medium,False,False
21383,2204,1590.4299538731575,197,11.187817258883248,14.868822806123719,2009-12-09,2011-12-09,3.751269035532995,1.7662917638308724,B,Z,lumpy,fast,False,True
21384,2019,1810.190046429634,85,23.75294117647059,25.87235419293331,2009-12-02,2010-05-21,8.694117647058823,1.1864163135885637,B,Z,lumpy,medium,False,True
21385,10847,9358.940244913101,383,28.321148825065276,46.64176438626846,2009-12-01,2011-12-08,1.9295039164490861,2.712240577666296,A,Z,lumpy,fast,False,False
21386,1148,680.7800118923187,85,13.505882352941176,12.273300027190038,2010-01-11,2011-12-04,8.694117647058823,0.82580361009025,C,Y,lumpy,medium,False,False
21387,69,21.250000596046448,4,17.25,16.11159003119597,2010-02-23,2010-03-01,184.75,0.8723657494924038,C,Y,lumpy,slow,False,True
21388,311,290.17000782489777,24,12.958333333333334,10.792425551068783,2009-12-02,2010-03-29,30.791666666666668,0.6936491018766214,C,Y,lumpy,slow,False,True
21389,2299,2008.0900484323502,188,12.22872340425532,11.839200023021728,2009-12-03,2011-12-04,3.9308510638297873,0.9373083199459795,B,Y,lumpy,fast,False,True
21390,10937,13552.969874382019,347,31.518731988472624,45.28454125858201,2009-12-02,2011-12-08,2.1296829971181555,2.0642508427635904,A,Z,lumpy,fast,False,False
21391,1417,1811.88996052742,142,9.97887323943662,13.49150944446917,2009-12-02,2011-11-21,5.204225352112676,1.8279237335563912,B,Z,lumpy,fast,False,True
21392,7545,1478.1299468278885,46,164.02173913043478,751.0071308769441,2009-12-03,2011-03-17,16.065217391304348,20.964538014921544,B,Z,lumpy,medium,False,True
21393,5247,1172.8099542856216,41,127.97560975609755,542.9316019447053,2010-01-08,2011-03-28,18.024390243902438,17.99847988499078,C,Z,lumpy,medium,False,True
21394,4048,1864.6299502849579,113,35.823008849557525,41.258165877560266,2010-01-26,2011-11-15,6.539823008849558,1.3264647535178506,B,Z,lumpy,medium,False,False
21395,2968,1401.5999658107758,95,31.242105263157896,35.65696965366545,2009-12-07,2011-11-03,7.778947368421052,1.3025916209405068,B,Z,lumpy,medium,False,False
21396,1236,1205.2499825954437,55,22.472727272727273,45.13512820387019,2009-12-01,2010-05-16,13.436363636363636,4.033831920021319,C,Z,lumpy,medium,False,True
21397,2157,2017.7399625778198,135,15.977777777777778,29.290227259878392,2009-12-04,2011-05-09,5.474074074074074,3.3605683237111306,B,Z,lumpy,fast,False,True
21398,2295,2231.8999506235123,100,22.95,38.115023947323586,2009-12-01,2011-04-19,7.39,2.758208002629664,B,Z,lumpy,medium,False,True
21399,2378,1550.4399507045746,94,25.29787234042553,36.09063554329588,2009-12-04,2011-06-05,7.861702127659575,2.0352654791059184,B,Z,lumpy,medium,False,True
21400,1078,213.06999437510967,81,13.308641975308642,11.616412930966082,2009-12-07,2011-12-08,9.123456790123457,0.7618625030548563,C,Y,lumpy,medium,False,False
21401,1437,315.6999914869666,101,14.227722772277227,15.374577189710818,2009-12-07,2011-12-08,7.316831683168317,1.1677115443379535,C,Z,lumpy,medium,False,False
21402,1698,333.41999197006226,134,12.671641791044776,15.102046925645734,2009-12-03,2011-12-09,5.514925373134329,1.4203842752924003,C,Z,lumpy,fast,False,False
21403,2319,523.069989964366,134,17.30597014925373,21.66082622294811,2009-12-03,2011-12-08,5.514925373134329,1.5666000490941385,C,Z,lumpy,fast,False,False
21406,1,8.649999618530273,1,1.0,0.0,2009-12-14,2009-12-14,739.0,0.0,C,X,intermittent,slow,False,True
21407,1294,5883.330015182495,292,4.431506849315069,5.748339110786606,2009-12-01,2011-11-22,2.530821917808219,1.682603977422557,A,Z,lumpy,fast,False,False
21408,703,3045.310017824173,187,3.7593582887700534,9.303765893499607,2009-12-02,2011-12-09,3.9518716577540105,6.124774601803684,B,Z,lumpy,fast,False,False
21409,2,4.25,2,1.0,0.0,2010-01-18,2010-01-26,369.5,0.0,C,X,intermittent,slow,False,True
21410,312,1458.2800045013428,110,2.8363636363636364,3.84451777610348,2009-12-01,2010-12-07,6.718181818181818,1.8372147729945894,B,Z,lumpy,medium,False,False
21411,2090,8352.940015792847,356,5.870786516853933,10.541140887524206,2009-12-01,2011-12-09,2.0758426966292136,3.223908145837088,A,Z,lumpy,fast,False,True
21412,275,279.00000154972076,46,5.978260869565218,5.122886037445788,2009-12-01,2010-11-21,16.065217391304348,0.7343103764921947,C,Y,lumpy,medium,False,True
21413,3162,1131.1399742364883,49,64.53061224489795,424.16914383891014,2009-12-08,2011-11-13,15.081632653061224,43.206249984163904,C,Z,lumpy,medium,False,True
21414,1637,870.8900127410889,34,48.14705882352941,256.5897719155879,2009-12-07,2011-02-22,21.735294117647058,28.40136130232031,C,Z,lumpy,medium,False,True
21415,348,726.1599796414375,80,4.35,4.868134568519566,2009-12-09,2011-12-08,9.2375,1.2524103145575471,C,Z,lumpy,medium,False,False
21416,751,603.0600185394287,21,35.76190476190476,156.78644863696124,2009-12-13,2011-03-22,35.19047619047619,19.220990388314924,C,Z,lumpy,slow,False,True
21417,502,1023.8999840021133,106,4.735849056603773,9.232759363414244,2009-12-01,2011-12-09,6.971698113207547,3.800732717016587,C,Z,lumpy,medium,False,True
21418,194,533.8399937152863,63,3.0793650793650795,3.5934599523416786,2009-12-06,2011-12-07,11.73015873015873,1.3617684166498096,C,Z,lumpy,medium,False,False
21419,1259,577.6899919509888,17,74.05882352941177,290.1856023711883,2009-12-01,2010-07-14,43.470588235294116,15.353171620251578,C,Z,lumpy,slow,False,True
21420,120,332.160001039505,30,4.0,6.643638388299197,2010-01-04,2011-12-07,24.633333333333333,2.758620689655172,C,Z,lumpy,medium,False,True
21421,1928,2144.479952812195,86,22.41860465116279,36.67455123949482,2009-12-06,2011-05-24,8.593023255813954,2.676162372629704,B,Z,lumpy,medium,False,False
21422,3160,2619.1700769662857,129,24.496124031007753,52.80730359509465,2009-12-03,2011-11-28,5.728682170542636,4.647220082856814,B,Z,lumpy,fast,False,False
21424,955,2861.6400094032288,120,7.958333333333333,16.425741139711036,2009-12-01,2011-10-25,6.158333333333333,4.25996172981953,B,Z,lumpy,fast,False,True
21425,505,1274.9300065040588,89,5.674157303370786,18.12881638874399,2009-12-02,2011-12-06,8.303370786516854,10.207894145850227,B,Z,lumpy,medium,False,True
21426,1028,1647.0699994564056,94,10.936170212765957,29.1550576628748,2009-12-01,2011-12-05,7.861702127659575,7.10717955079619,B,Z,lumpy,medium,False,True
21427,507,999.0599837303162,102,4.970588235294118,13.314516668133274,2009-12-03,2011-12-06,7.245098039215686,7.17522024251723,C,Z,lumpy,medium,False,True
21428,2883,11762.930006027222,292,9.873287671232877,26.042544602251503,2009-12-01,2011-12-06,2.530821917808219,6.957340382414828,A,Z,lumpy,fast,False,True
21429,6361,11342.249957561493,385,16.522077922077923,25.165497127436126,2009-12-01,2011-12-08,1.9194805194805196,2.3199664044132158,A,Z,lumpy,fast,False,False
21430,4621,18044.9702334404,352,13.127840909090908,24.776680468540278,2009-12-01,2011-12-09,2.0994318181818183,3.5620468720558787,A,Z,lumpy,fast,False,False
21431,1483,2511.3599796295166,163,9.098159509202453,16.88860187034124,2009-12-01,2010-11-16,4.533742331288344,3.445722528654029,B,Z,lumpy,fast,False,False
21432,965,5435.909822463989,156,6.185897435897436,8.874613657873198,2009-12-01,2010-11-19,4.737179487179487,2.0582279983268648,A,Z,lumpy,fast,False,False
21437,677,2350.92001247406,55,12.309090909090909,30.760046673899428,2009-12-08,2010-03-28,13.436363636363636,6.244850153330742,B,Z,lumpy,medium,False,True
21438,373,1229.8200101852417,23,16.217391304347824,44.87047675024711,2009-12-03,2010-03-18,32.130434782608695,7.655249967492563,B,Z,lumpy,slow,False,True
21439,2259,2837.539977788925,188,12.01595744680851,32.849433868721476,2009-12-01,2011-12-08,3.9308510638297873,7.47375772350726,B,Z,lumpy,fast,False,True
21440,472,597.5599999427795,67,7.044776119402985,7.131731983570448,2009-12-01,2010-07-01,11.029850746268657,1.0248389797863724,C,Z,lumpy,medium,False,False
21441,928,655.4600104093552,119,7.798319327731092,16.33057848827078,2009-12-13,2011-12-08,6.2100840336134455,4.38531817527686,C,Z,lumpy,fast,False,True
21442,973,704.9700108766556,119,8.176470588235293,15.279124486200299,2009-12-15,2011-12-08,6.2100840336134455,3.4919271996133125,C,Z,lumpy,fast,False,False
21443,257,727.9300012588501,20,12.85,46.4319252692641,2009-12-04,2010-03-30,36.95,13.05651067668262,C,Z,lumpy,slow,False,True
21444,291,902.0300002098083,31,9.387096774193548,36.99610557824957,2009-12-01,2010-04-26,23.838709677419356,15.532788543671737,C,Z,lumpy,medium,False,True
21445,1522,1887.2299721240997,114,13.350877192982455,44.00281214990502,2009-12-01,2011-07-28,6.482456140350878,10.862786970421284,B,Z,lumpy,medium,False,True
21446,1258,1669.829998254776,186,6.763440860215054,8.849978286077945,2009-12-03,2011-12-08,3.9731182795698925,1.7121784101707815,B,Z,lumpy,fast,False,False
21447,2776,3842.6299788951874,248,11.193548387096774,28.586307251143136,2009-12-03,2011-09-21,2.9798387096774195,6.521996368450406,B,Z,lumpy,fast,False,True
21448,955,1640.1699749231339,171,5.584795321637427,6.107623234573935,2009-12-02,2011-10-16,4.321637426900585,1.1959966267694542,B,Z,lumpy,fast,False,True
21450,14,77.34999752044678,4,3.5,4.358898943540674,2009-12-03,2009-12-22,184.75,1.551020408163266,C,Z,lumpy,slow,False,True
21452,1876,5731.330049276352,270,6.948148148148148,9.796682936478867,2010-03-18,2011-12-08,2.737037037037037,1.9880164123045205,A,Z,lumpy,fast,False,False
21454,937,807.6000112295151,134,6.992537313432836,8.713049817524137,2010-01-11,2011-12-08,5.514925373134329,1.5526401385179163,C,Z,lumpy,fast,False,True
21455,901,797.2700071930885,122,7.385245901639344,8.855541031683272,2010-01-28,2011-12-07,6.057377049180328,1.4378059574324082,C,Z,lumpy,fast,False,True
21456,738,776.0499966144562,53,13.924528301886792,40.658450279125816,2009-12-04,2011-12-07,13.943396226415095,8.525908313856961,C,Z,lumpy,medium,False,True
21457,685,715.9999966621399,53,12.924528301886792,40.83496289314784,2009-12-04,2011-11-09,13.943396226415095,9.982399045889911,C,Z,lumpy,medium,False,True
21458,768,849.2399971485138,67,11.462686567164178,36.332358212467554,2009-12-04,2011-11-09,11.029850746268657,10.046489625667476,C,Z,lumpy,medium,False,True
21459,263,520.5500073432922,41,6.414634146341464,11.05435572468178,2010-01-28,2011-04-18,18.024390243902438,2.96977186311787,C,Z,lumpy,medium,False,True
21460,113,249.65000534057617,26,4.346153846153846,4.098217248436766,2010-01-29,2011-03-23,28.423076923076923,0.8891596836087402,C,Y,lumpy,slow,False,True
21461,82,171.04000401496887,22,3.727272727272727,3.8070338182772283,2010-01-29,2011-04-06,33.59090909090909,1.0432565649698307,C,Z,lumpy,slow,False,True
21462,413,2425.409998655319,147,2.8095238095238093,4.4909853898325585,2009-12-04,2011-12-09,5.0272108843537415,2.555158531834263,B,Z,lumpy,fast,False,True
21463,1349,7484.8097467422485,227,5.942731277533039,8.17352067928658,2009-12-01,2011-12-07,3.2555066079295156,1.8916733543650674,A,Z,lumpy,fast,False,False
21464,539,2286.75,179,3.011173184357542,2.7272837596762334,2009-12-02,2011-12-01,4.128491620111732,0.8203311145505381,B,Y,lumpy,fast,False,False
21465,793,2875.640007019043,153,5.183006535947713,15.661063815994144,2009-12-01,2011-12-01,4.830065359477124,9.130172974333803,B,Z,lumpy,fast,False,True
21466,927,3479.7900037765503,220,4.213636363636364,5.334885229797359,2009-12-01,2011-12-08,3.359090909090909,1.603009348097556,B,Z,lumpy,fast,False,False
21467,1025,3263.749999523163,195,5.256410256410256,11.151991058689482,2009-12-01,2011-12-09,3.7897435897435896,4.501179342193221,B,Z,lumpy,fast,False,True
21468,669,2361.3900108337402,124,5.395161290322581,18.72471457048496,2009-12-02,2011-11-29,5.959677419354839,12.045408898524494,B,Z,lumpy,fast,False,True
21469,1165,3482.0100021362305,171,6.812865497076023,14.071667758490182,2009-12-01,2011-12-07,4.321637426900585,4.266104753102409,B,Z,lumpy,fast,False,True
21470,1102,4190.930002689362,243,4.534979423868313,6.225265992158778,2009-12-01,2011-12-08,3.0411522633744856,1.8843656695890094,B,Z,lumpy,fast,False,False
21471,1406,5095.630011081696,225,6.248888888888889,9.938665075957815,2009-12-01,2011-12-09,3.2844444444444445,2.5295921559935763,A,Z,lumpy,fast,False,False
21472,1057,4077.82000207901,192,5.505208333333333,6.817745090857328,2009-12-01,2011-07-18,3.8489583333333335,1.5336773417920166,B,Z,lumpy,fast,False,False
21473,157,3212.1601181030273,74,2.1216216216216215,1.6465214698748931,2009-12-13,2011-11-20,9.986486486486486,0.6022806782569746,B,Y,lumpy,medium,False,True
21474,210,4189.500160217285,70,3.0,2.2714357331553696,2010-01-21,2010-09-12,10.557142857142857,0.5732689210950079,B,Y,lumpy,medium,False,True
21475,1,14.949999809265137,1,1.0,0.0,2009-12-16,2009-12-16,739.0,0.0,C,X,intermittent,slow,False,True
21476,142,2219.5099754333496,72,1.9722222222222223,1.2997531967481226,2010-01-19,2011-10-19,10.26388888888889,0.4343202639762398,B,Y,intermittent,medium,False,True
21477,288,3248.9399700164795,25,11.52,29.83163868557453,2009-12-01,2010-03-31,29.56,6.705779401363169,B,Z,lumpy,slow,False,True
21478,450,854.2300019264221,62,7.258064516129032,28.364105395393945,2009-12-01,2010-11-02,11.919354838709678,15.272021696012965,C,Z,lumpy,medium,False,True
21479,6975,31079.800419807434,233,29.935622317596568,63.78060571393195,2009-12-01,2011-12-09,3.171673819742489,4.53942345036677,A,Z,lumpy,fast,False,True
21480,285,899.5200004577637,17,16.764705882352942,16.58888713779765,2009-12-01,2009-12-22,43.470588235294116,0.9791351184979994,C,Y,lumpy,slow,False,True
21481,8175,25613.450030565262,354,23.093220338983052,50.94545001684384,2009-12-01,2011-12-09,2.0875706214689265,4.866781035829098,A,Z,lumpy,fast,False,False
21482,807,2296.7600104808807,97,8.31958762886598,15.5104443250834,2009-12-01,2010-10-17,7.618556701030927,3.475720756065137,B,Z,lumpy,medium,False,True
21484,4804,18171.14020037651,337,14.25519287833828,21.001137540935314,2009-12-01,2011-12-09,2.192878338278932,2.1703983107502043,A,Z,lumpy,fast,False,True
21485,7593,37078.66923952103,397,19.12594458438287,33.223824008449064,2009-12-01,2011-12-09,1.8614609571788414,3.0175428709681946,A,Z,lumpy,fast,False,False
21486,1116,3638.670027256012,148,7.54054054054054,14.228159478822546,2009-12-01,2010-12-07,4.993243243243243,3.5603483360944996,B,Z,lumpy,fast,False,True
21487,2,0.0,1,2.0,0.0,2009-12-22,2009-12-22,739.0,0.0,C,X,intermittent,slow,False,True
21488,2392,9784.580152750015,150,15.946666666666667,26.444518764895975,2009-12-01,2011-03-01,4.926666666666667,2.749992464763056,A,Z,lumpy,fast,False,True
21489,29,157.59999704360962,8,3.625,1.9955307206712847,2009-12-01,2010-02-17,92.375,0.30304059792763716,C,Y,intermittent,slow,False,True
21490,652,1210.6000074148178,13,50.15384615384615,109.74200514072857,2009-12-01,2010-09-20,56.84615384615385,4.7878142760359825,C,Z,lumpy,slow,False,True
21491,2879,5367.010060071945,89,32.348314606741575,39.51757408925677,2009-12-01,2010-12-20,8.303370786516854,1.492372493984127,A,Z,lumpy,medium,False,True
21492,4,0.0,1,4.0,0.0,2009-12-22,2009-12-22,739.0,0.0,C,X,intermittent,slow,False,True
21493,275,252.4500070810318,9,30.555555555555557,37.39689529597046,2009-12-01,2010-10-04,82.11111111111111,1.497927272727272,C,Z,lumpy,slow,False,True
21494,3833,6448.999968767166,264,14.518939393939394,22.64638945891442,2009-12-01,2011-12-09,2.7992424242424243,2.4329218498900014,A,Z,lumpy,fast,False,False
21495,12465,5119.29987564683,275,45.32727272727273,40.87190893040267,2009-12-01,2011-12-08,2.6872727272727275,0.8130751088745666,A,Y,lumpy,fast,False,False
21496,25,10.499999672174454,1,25.0,0.0,2009-12-17,2009-12-17,739.0,0.0,C,X,intermittent,slow,False,True
21497,17500,6977.999867498875,325,53.84615384615385,89.77754241739478,2009-12-01,2011-12-09,2.273846153846154,2.7798800075585777,A,Z,lumpy,fast,False,False
21498,26751,10851.919729590416,427,62.64871194379391,64.375280787784,2009-12-01,2011-12-08,1.730679156908665,1.0558785807300142,A,Z,lumpy,fast,False,False
21499,15052,6059.839863240719,320,47.0375,46.659426031805786,2009-12-01,2011-12-08,2.309375,0.9839891770184631,A,Y,lumpy,fast,False,False
21500,15950,6442.999847233295,336,47.470238095238095,45.436513109230006,2009-12-01,2011-12-05,2.199404761904762,0.916151233494578,A,Y,lumpy,fast,False,False
21503,1801,740.4199797213078,58,31.051724137931036,24.45075424072045,2009-12-16,2011-11-30,12.741379310344827,0.6200305414292716,C,Y,lumpy,medium,False,False
21504,4913,2005.019977748394,230,21.360869565217392,25.482852169627115,2009-12-02,2011-12-07,3.2130434782608694,1.4231746959928222,B,Z,lumpy,fast,False,False
21505,1,0.0,1,1.0,0.0,2009-12-22,2009-12-22,739.0,0.0,C,X,intermittent,slow,False,True
21506,10878,4534.48994961381,387,28.108527131782946,47.434641204155945,2009-12-01,2011-12-09,1.9095607235142118,2.8478365587723213,A,Z,lumpy,fast,False,False
21507,8223,3455.4099500775337,356,23.098314606741575,25.397213942176553,2009-12-02,2011-12-09,2.0758426966292136,1.2089589932466487,B,Z,lumpy,fast,False,False
21508,6716,2808.619964748621,337,19.928783382789316,21.832171733993402,2009-12-01,2011-12-09,2.192878338278932,1.2001410881955037,B,Z,lumpy,fast,False,False
21509,8696,3587.219962477684,365,23.824657534246576,26.286815004540667,2009-12-03,2011-12-09,2.0246575342465754,1.2173700257708877,B,Z,lumpy,fast,False,False
21511,40,16.799999475479126,2,20.0,5.656854249492381,2010-04-13,2010-05-21,369.5,0.08,C,X,intermittent,slow,False,True
21518,1107,469.27999153733253,96,11.53125,10.763440190610162,2009-12-02,2011-07-12,7.697916666666667,0.8712633148296965,C,Y,lumpy,medium,False,False
21519,7356,3149.9299445450306,352,20.897727272727273,21.28856936722583,2009-12-01,2011-12-08,2.0994318181818183,1.0377550126349702,B,Z,lumpy,fast,False,False
21520,957,411.6299911737442,99,9.666666666666666,8.429781995389673,2009-12-01,2011-12-05,7.4646464646464645,0.7604649469776019,C,Y,lumpy,medium,False,False
21523,6959,46083.709319114685,462,15.062770562770563,39.354806867062294,2009-12-01,2011-12-09,1.5995670995670996,6.826307519876435,A,Z,lumpy,fast,False,False
21524,5257,35955.439465522766,498,10.556224899598394,21.990620174510322,2009-12-01,2011-12-08,1.4839357429718876,4.339679796959348,A,Z,lumpy,fast,False,False
21525,2,13.5,1,2.0,0.0,2009-12-18,2009-12-18,739.0,0.0,C,X,intermittent,slow,False,True
21527,3348,24968.469495773315,321,10.429906542056075,19.880633863228265,2009-12-01,2011-05-15,2.3021806853582554,3.633286292329878,A,Z,lumpy,fast,False,False
21528,899,5680.149868965149,215,4.181395348837209,14.872342389057659,2009-12-01,2011-12-09,3.437209302325581,12.650750385299604,A,Z,lumpy,fast,False,True
21529,504,1790.4400174617767,105,4.8,5.594296546139992,2009-12-01,2010-09-16,7.038095238095238,1.3583400106837606,B,Z,lumpy,medium,False,False
21530,961,1361.5600190758705,138,6.963768115942029,8.13966535682025,2009-12-01,2011-12-08,5.355072463768116,1.3662321408963085,B,Z,lumpy,fast,False,False
21531,4079,10174.119740724564,415,9.828915662650603,15.871224912474101,2009-12-01,2011-12-07,1.780722891566265,2.6074120905444427,A,Z,lumpy,fast,False,False
21532,1388,1419.7099776268005,75,18.506666666666668,129.88325041643648,2009-12-01,2010-10-12,9.853333333333333,49.25495104467141,B,Z,lumpy,medium,False,True
21533,3357,16614.86957883835,467,7.188436830835117,10.19292626454839,2009-12-01,2011-12-09,1.582441113490364,2.0106146550115027,A,Z,lumpy,fast,False,False
21534,939,4768.639883041382,262,3.5839694656488548,3.6175671169734196,2009-12-01,2011-12-07,2.8206106870229006,1.018836728924004,A,Z,lumpy,fast,False,False
21535,6777,16836.999587774277,474,14.29746835443038,22.20455817451029,2009-12-01,2011-12-08,1.5590717299578059,2.4119371349575256,A,Z,lumpy,fast,False,False
21536,221,474.7399797439575,45,4.911111111111111,4.576730781514753,2009-12-03,2010-03-30,16.42222222222222,0.8684627855508873,C,Y,lumpy,medium,False,True
21537,1006,4338.710005760193,189,5.322751322751323,6.583066675801138,2009-12-01,2011-12-07,3.9100529100529102,1.5296221171343412,B,Z,lumpy,fast,False,False
21538,1322,1924.5099997520447,42,31.476190476190474,184.7207831078107,2009-12-01,2010-12-09,17.595238095238095,34.44032115868912,B,Z,lumpy,medium,False,True
21539,2733,13551.639700889587,396,6.901515151515151,12.445441348410748,2009-12-01,2011-11-02,1.8661616161616161,3.25185905219376,A,Z,lumpy,fast,False,False
21540,1323,2394.9500045776367,71,18.633802816901408,130.1035015930031,2009-12-01,2010-09-09,10.408450704225352,48.750040363840164,B,Z,lumpy,medium,False,True
21541,1907,1636.2400325536728,133,14.338345864661655,20.389349276271048,2009-12-01,2010-11-15,5.556390977443609,2.0221279260110077,B,Z,lumpy,fast,False,False
21542,1879,1600.7500327825546,127,14.795275590551181,21.029208176972123,2009-12-01,2010-10-11,5.818897637795276,2.020224912349317,B,Z,lumpy,fast,False,False
21543,285,214.9999976158142,12,23.75,56.15421136963331,2009-12-01,2009-12-22,61.583333333333336,5.5903298917149336,C,Z,lumpy,slow,False,True
21544,6064,5052.210067033768,320,18.95,40.91949432329265,2009-12-01,2011-12-09,2.309375,4.662749537176654,A,Z,lumpy,fast,False,False
21545,701,1640.1200088262558,69,10.159420289855072,33.68261167235639,2009-12-01,2010-08-12,10.710144927536232,10.991922614536566,B,Z,lumpy,medium,False,True
21547,719,1848.4700102806091,98,7.336734693877551,26.516263780894146,2009-12-01,2011-03-22,7.540816326530612,13.062281293946729,B,Z,lumpy,medium,False,True
21548,682,1776.1200067996979,82,8.317073170731707,29.02739363861954,2009-12-01,2010-11-01,9.012195121951219,12.180778342289397,B,Z,lumpy,medium,False,True
21549,547,1270.39000582695,38,14.394736842105264,44.02550825323773,2009-12-01,2010-04-13,19.44736842105263,9.354084684365526,B,Z,lumpy,medium,False,True
21550,295,1565.509970664978,50,5.9,17.023692973294,2009-12-02,2010-05-21,14.78,8.325369791697199,B,Z,lumpy,medium,False,True
21551,171,824.9499883651733,18,9.5,23.84570500234421,2009-12-02,2010-02-03,41.05555555555556,6.300472543588075,C,Z,lumpy,slow,False,True
21552,177,837.599983215332,24,7.375,15.16808004244153,2009-12-02,2010-06-03,30.791666666666668,4.2299688994916504,C,Z,lumpy,slow,False,True
21553,114,581.2699909210205,27,4.222222222222222,6.5828058860438325,2009-12-01,2010-04-06,27.37037037037037,2.4307479224376727,C,Z,lumpy,slow,False,True
21554,170,767.7499914169312,17,10.0,28.484644986378186,2009-12-01,2010-01-26,43.470588235294116,8.113749999999998,C,Z,lumpy,slow,False,True
21555,657,1131.3699893951416,112,5.866071428571429,22.76099696027137,2009-12-02,2011-12-06,6.598214285714286,15.055246401715403,C,Z,lumpy,medium,False,True
21556,1611,4244.409977674484,209,7.708133971291866,30.78345554747719,2009-12-01,2011-11-23,3.535885167464115,15.949101794077768,B,Z,lumpy,fast,False,True
21557,932,3169.3900113105774,223,4.179372197309417,8.865568865887855,2009-12-01,2011-12-09,3.31390134529148,4.499778296965572,B,Z,lumpy,fast,False,True
21558,4214,10810.659745931625,377,11.177718832891246,17.64507441654514,2009-12-01,2011-12-09,1.960212201591512,2.491957472734194,A,Z,lumpy,fast,False,False
21559,8230,20345.5294649601,494,16.65991902834008,27.01846961990908,2009-12-01,2011-12-09,1.4959514170040487,2.6301209436492083,A,Z,lumpy,fast,False,False
21560,43,15.440000057220459,2,21.5,28.991378028648448,2009-12-01,2009-12-22,369.5,1.8182801514332072,C,Z,lumpy,slow,False,True
21561,2970,7303.909811258316,338,8.78698224852071,15.039084857754288,2009-12-01,2011-12-08,2.1863905325443787,2.9292964251714952,A,Z,lumpy,fast,False,False
21562,678,970.2799730300903,69,9.826086956521738,14.964621535415109,2010-01-07,2011-11-21,10.710144927536232,2.3193712483818807,C,Z,lumpy,medium,False,True
21563,2786,6875.710048675537,265,10.513207547169811,27.164775248359454,2009-12-02,2011-12-09,2.788679245283019,6.676390893137089,A,Z,lumpy,fast,False,True
21564,1951,4524.5000539422035,231,8.445887445887445,26.240615183095013,2009-12-03,2011-12-09,3.1991341991341993,9.652891968943438,A,Z,lumpy,fast,False,True
21576,732,1686.189999461174,156,4.6923076923076925,4.140461848347097,2009-12-01,2011-12-08,4.737179487179487,0.7786183041326035,B,Y,lumpy,fast,False,False
21577,2556,5716.519998550415,299,8.548494983277592,24.741078442388563,2009-12-01,2011-12-08,2.471571906354515,8.376410068271227,A,Z,lumpy,fast,False,True
21578,2421,5062.859996438026,258,9.383720930232558,16.241012076232764,2009-12-01,2011-12-05,2.864341085271318,2.995546127876532,A,Z,lumpy,fast,False,False
21579,1029,1560.8500131368637,113,9.106194690265486,25.14861641744446,2009-12-01,2011-12-06,6.539823008849558,7.627010267425826,B,Z,lumpy,medium,False,True
21580,542,1329.629998087883,132,4.106060606060606,4.307383286280062,2009-12-01,2011-12-08,5.598484848484849,1.100465232983926,B,Z,lumpy,fast,False,False
21581,1172,1890.7400132417679,149,7.865771812080537,20.83839287978905,2009-12-01,2011-12-08,4.959731543624161,7.018523478763621,B,Z,lumpy,fast,False,True
21582,117,193.04999721050262,10,11.7,15.705979045502948,2009-12-01,2010-02-21,73.9,1.8020145940373857,C,Z,lumpy,slow,False,True
21584,3769,6070.049963355064,238,15.836134453781513,35.419404515295476,2009-12-01,2011-12-07,3.1050420168067228,5.002466050912746,A,Z,lumpy,fast,False,False
21585,2,1.649999976158142,2,1.0,0.0,2010-08-01,2010-08-12,369.5,0.0,C,X,intermittent,slow,False,True
21586,2679,6018.749816656113,167,16.04191616766467,27.385105725253123,2009-12-01,2011-11-07,4.425149700598802,2.914179903751757,A,Z,lumpy,fast,False,True
21587,2119,5173.049889802933,114,18.587719298245613,16.61900575469217,2009-12-01,2011-10-18,6.482456140350878,0.7993884437906106,A,Y,lumpy,medium,False,True
21588,3351,7748.549755811691,199,16.839195979899497,36.104845520474925,2009-12-01,2011-12-08,3.71356783919598,4.59714581777826,A,Z,lumpy,fast,False,True
21589,1119,2583.4499180316925,64,17.484375,28.63785494954381,2009-12-01,2010-06-17,11.546875,2.682753344906214,B,Z,lumpy,medium,False,True
21590,3457,4141.279949188232,170,20.33529411764706,35.662279164944394,2009-12-01,2010-11-15,4.347058823529411,3.0755109269969467,B,Z,lumpy,fast,False,False
21591,3978,6003.080020189285,190,20.936842105263157,36.03945824816875,2009-12-01,2011-12-09,3.889473684210526,2.96301706170363,A,Z,lumpy,fast,False,True
21592,5876,6552.459898591042,283,20.763250883392224,47.86265581869016,2009-12-01,2011-12-08,2.6113074204946995,5.313771598850468,A,Z,lumpy,fast,False,False
21593,1391,1629.3099670410156,66,21.075757575757574,70.34362047637967,2009-12-01,2010-05-23,11.196969696969697,11.139944961035766,B,Z,lumpy,medium,False,True
21594,5,21.0600004196167,5,1.0,0.0,2009-12-09,2011-01-14,147.8,0.0,C,X,intermittent,slow,False,True
21595,10,76.94999980926514,10,1.0,0.0,2009-12-02,2010-12-08,73.9,0.0,C,X,intermittent,slow,False,True
21596,10,42.64000129699707,6,1.6666666666666667,1.2110601416389966,2009-12-01,2010-11-04,123.16666666666667,0.5279999999999999,C,Y,lumpy,slow,False,True
21609,1537,4186.290008306503,178,8.634831460674157,17.99486179722916,2009-12-02,2011-08-30,4.151685393258427,4.342994713821611,B,Z,lumpy,fast,False,False
21610,635,1543.6700091362,79,8.037974683544304,13.565078693028982,2009-12-02,2010-11-18,9.354430379746836,2.84807464179031,B,Z,lumpy,medium,False,False
21611,750,2182.190020799637,111,6.756756756756757,11.134072371220135,2009-12-01,2010-10-27,6.657657657657658,2.7153856,B,Z,lumpy,medium,False,False
21612,698,2025.7700114250183,88,7.931818181818182,10.94373851790015,2009-12-01,2010-09-29,8.397727272727273,1.90364479011223,B,Z,lumpy,medium,False,False
21613,632,1861.4500226974487,133,4.7518796992481205,5.5954608430427015,2009-12-02,2011-10-27,5.556390977443609,1.3865669594519132,B,Z,lumpy,fast,False,False
21614,1684,4538.170007228851,147,11.45578231292517,24.682984903230597,2009-12-02,2011-06-15,5.0272108843537415,4.642435198518108,A,Z,lumpy,fast,False,False
21615,1168,2308.669999599457,113,10.336283185840708,15.708625144139434,2009-12-01,2011-12-09,6.539823008849558,2.3096573452327886,B,Z,lumpy,medium,False,True
21616,1152,2458.579998731613,121,9.520661157024794,14.105022257783288,2009-12-08,2011-12-09,6.107438016528926,2.194892902138792,B,Z,lumpy,fast,False,True
21617,834,2135.010000228882,135,6.177777777777778,7.8196715839983995,2009-12-02,2011-11-21,5.474074074074074,1.6021842678332368,B,Z,lumpy,fast,False,False
21618,698,1823.7400000095367,110,6.345454545454546,8.384604024870718,2009-12-01,2011-11-14,6.718181818181818,1.745981507360216,B,Z,lumpy,medium,False,False
21619,1131,2069.0199987888336,128,8.8359375,13.92656632152642,2009-12-01,2011-12-08,5.7734375,2.484178695204909,B,Z,lumpy,fast,False,True
21620,1093,2206.7300004959106,139,7.863309352517986,9.661818953518228,2009-12-03,2011-12-09,5.316546762589928,1.509757053011544,B,Z,lumpy,fast,False,True
21621,7000,60286.039731025696,494,14.17004048582996,27.836734838864103,2009-12-01,2011-12-06,1.4959514170040487,3.8591743796001197,A,Z,lumpy,fast,False,False
21622,3699,19936.939391493797,305,12.127868852459017,39.62505242876966,2009-12-01,2011-12-07,2.422950819672131,10.675069612707029,A,Z,lumpy,fast,False,False
21623,6202,45402.180252075195,311,19.942122186495176,92.89405964200355,2010-02-28,2011-12-08,2.3762057877813505,21.69867123889454,A,Z,lumpy,fast,False,False
21624,1771,10641.149817466736,267,6.632958801498128,39.893185859927094,2009-12-01,2011-12-08,2.7677902621722845,36.17285945957235,A,Z,lumpy,fast,False,True
21625,984,7037.619856834412,251,3.9203187250996017,9.000979141071701,2009-12-01,2011-12-07,2.944223107569721,5.271530900918757,A,Z,lumpy,fast,False,False
21626,1496,3017.070070743561,153,9.777777777777779,9.399903570489592,2009-12-01,2011-11-21,4.830065359477124,0.9242010792735975,B,Y,lumpy,fast,False,True
21627,195,3766.3500213623047,107,1.8224299065420562,2.773911767284978,2009-12-04,2011-10-24,6.906542056074766,2.3167737213600788,B,Z,lumpy,medium,False,False
21628,164,3185.280022621155,80,2.05,2.9890094036636743,2009-12-02,2011-12-08,9.2375,2.1259196228887274,B,Z,lumpy,medium,False,True
21629,177,1961.3699388504028,96,1.84375,1.482019425968286,2009-12-03,2011-12-08,7.697916666666667,0.6461059284234715,B,Y,lumpy,medium,False,False
21630,162,1973.390001296997,90,1.8,1.5665032985186027,2009-12-03,2011-12-07,8.21111111111111,0.7573866000832292,B,Y,lumpy,medium,False,False
21631,221,1571.7500071525574,49,4.510204081632653,6.5482900089119696,2009-12-09,2011-11-17,15.081632653061224,2.1079651317540584,B,Z,lumpy,medium,False,True
21632,140,1076.220006942749,42,3.3333333333333335,4.667827962358817,2009-12-02,2011-01-20,17.595238095238095,1.9609756097560973,C,Z,lumpy,medium,False,True
21633,175,1663.1100058555603,64,2.734375,4.423035614554674,2009-12-04,2011-11-21,11.546875,2.6165240038872692,B,Z,lumpy,medium,False,True
21634,1771,1507.739986896515,64,27.671875,40.282752497930474,2009-12-03,2011-10-16,11.546875,2.1191470872634968,B,Z,lumpy,medium,False,True
21635,399,855.2400002479553,41,9.731707317073171,22.26996227011162,2009-12-04,2011-07-18,18.024390243902438,5.236738462698098,C,Z,lumpy,medium,False,True
21636,1014,985.7399952411652,84,12.071428571428571,15.993813347806558,2009-12-04,2011-12-05,8.797619047619047,1.7554429053351472,C,Z,lumpy,medium,False,False
21637,1358,1741.719980955124,75,18.106666666666666,37.488583247088364,2009-12-01,2011-10-10,9.853333333333333,4.2866797858219465,B,Z,lumpy,medium,False,True
21638,1020,2220.9399104118347,122,8.360655737704919,8.366665038351607,2009-12-01,2011-12-08,6.057377049180328,1.001438035593431,B,Z,lumpy,fast,False,True
21639,259,228.65000641345978,8,32.375,17.687263375499494,2009-12-01,2010-03-03,92.375,0.2984707187685676,C,Y,intermittent,slow,False,True
21640,2225,2049.4000458717346,163,13.650306748466258,18.307906186062628,2009-12-01,2011-12-08,4.533742331288344,1.798839994326692,B,Z,lumpy,fast,False,False
21641,1666,946.3100036978722,98,17.0,52.2199945906886,2009-12-02,2011-09-16,7.540816326530612,9.435736453465559,C,Z,lumpy,medium,False,True
21642,4413,2575.180028617382,180,24.516666666666666,37.96741840493234,2009-12-01,2011-12-09,4.105555555555555,2.398276720519993,B,Z,lumpy,fast,False,False
21643,1521,2127.93999004364,154,9.876623376623376,11.33409912180846,2009-12-01,2011-11-15,4.798701298701299,1.3169128227808953,B,Z,lumpy,fast,False,False
21644,1258,1461.4699985980988,119,10.571428571428571,15.46377474285696,2009-12-03,2011-11-27,6.2100840336134455,2.13975312921717,B,Z,lumpy,fast,False,True
21645,969,1642.6499774456024,96,10.09375,12.274130369023684,2009-12-02,2010-11-16,7.697916666666667,1.4786874114327604,B,Z,lumpy,medium,False,True
21647,848,1899.2799305915833,103,8.233009708737864,9.092340973712863,2009-12-01,2011-11-27,7.174757281553398,1.2196470586053931,B,Z,lumpy,medium,False,False
21648,2940,3956.479957342148,165,17.818181818181817,29.62062414472116,2009-12-01,2011-12-09,4.4787878787878785,2.763513805223434,B,Z,lumpy,fast,False,False
21649,421,1162.889996290207,16,26.3125,40.816203890121876,2009-12-01,2010-01-08,46.1875,2.406251375246134,C,Z,lumpy,slow,False,True
21650,3204,1163.7999738156796,150,21.36,35.79776904300567,2009-12-01,2011-12-09,4.926666666666667,2.808726338513777,C,Z,lumpy,fast,False,False
21651,1431,2200.359996676445,102,14.029411764705882,23.307014999038483,2009-12-03,2011-02-21,7.245098039215686,2.759906614450061,B,Z,lumpy,medium,False,False
21652,896,1747.94002699852,66,13.575757575757576,9.96310209038346,2009-12-06,2010-08-05,11.196969696969697,0.5385933820643641,B,Y,lumpy,medium,False,False
21653,1246,2565.6699476242065,93,13.397849462365592,23.462801171283427,2010-01-13,2010-11-22,7.946236559139785,3.0668288008682,B,Z,lumpy,medium,False,False
21654,1183,820.2099946737289,75,15.773333333333333,24.038580102271702,2009-12-03,2011-09-18,9.853333333333333,2.322579884514989,C,Z,lumpy,medium,False,True
21655,1415,2277.5000648498535,68,20.808823529411764,25.27830605092466,2009-12-02,2011-02-11,10.867647058823529,1.4757095268826865,B,Z,lumpy,medium,False,True
21656,985,1614.5400165319443,116,8.491379310344827,11.049686747206652,2009-12-03,2011-05-03,6.370689655172414,1.6933372021505548,B,Z,lumpy,medium,False,False
21657,257,1967.3799648284912,102,2.519607843137255,2.46050140650702,2009-12-03,2011-02-20,7.245098039215686,0.9536331337565312,B,Y,lumpy,medium,False,False
21658,2228,9271.890152692795,298,7.476510067114094,8.433206684574191,2009-12-01,2011-08-12,2.4798657718120807,1.27229448252562,A,Z,lumpy,fast,False,False
21659,121,1891.6999797821045,57,2.1228070175438596,2.260453300293333,2009-12-02,2010-11-08,12.964912280701755,1.1338877125879387,B,Z,lumpy,medium,False,True
21661,242,1511.3099565505981,83,2.9156626506024095,2.798975506289314,2009-12-04,2011-02-22,8.903614457831326,0.9215600693675129,B,Y,lumpy,medium,False,False
21662,271,1735.049952507019,90,3.011111111111111,5.476188382533856,2009-12-04,2011-08-31,8.21111111111111,3.307525462998734,B,Z,lumpy,medium,False,True
21663,78,488.1599864959717,28,2.7857142857142856,2.5583145906970755,2009-12-02,2010-04-21,26.392857142857142,0.8434022451116467,C,Y,lumpy,slow,False,True
21664,278,1031.0700058937073,63,4.412698412698413,7.16315600077571,2009-12-03,2011-10-17,11.73015873015873,2.635119567376964,C,Z,lumpy,medium,False,True
21665,879,638.799987077713,54,16.27777777777778,23.59518392389675,2009-12-02,2010-05-26,13.685185185185185,2.1011473194377928,C,Z,lumpy,medium,False,True
21666,1760,1105.1499872207642,78,22.564102564102566,60.77969366631559,2009-12-02,2011-12-06,9.474358974358974,7.255726159171409,C,Z,lumpy,medium,False,True
21667,357,6126.250114440918,121,2.950413223140496,2.5911748933299923,2009-12-03,2011-01-28,6.107438016528926,0.7713078695530504,A,Y,lumpy,fast,False,False
21668,10357,13912.169890642166,432,23.974537037037038,30.55422777705221,2009-12-01,2011-12-09,1.7106481481481481,1.6242099435099115,A,Z,lumpy,fast,False,False
21669,10578,13839.17988538742,411,25.73722627737226,33.131946871670706,2009-12-01,2011-12-09,1.7980535279805352,1.657182852905266,A,Z,lumpy,fast,False,False
21670,8868,12074.39994263649,433,20.480369515011546,27.489816428462188,2009-12-01,2011-12-09,1.7066974595842956,1.8016403641565302,A,Z,lumpy,fast,False,False
21671,9488,12339.319884300232,393,24.142493638676847,32.757847648180636,2009-12-01,2011-12-09,1.8804071246819338,1.8410537422541144,A,Z,lumpy,fast,False,False
21672,11120,14411.1298661232,430,25.86046511627907,33.04611554626224,2009-12-01,2011-12-09,1.7186046511627906,1.6329322666533468,A,Z,lumpy,fast,False,False
21673,10077,13272.38987827301,424,23.766509433962263,33.40537903607212,2009-12-01,2011-12-09,1.7429245283018868,1.9756135847039487,A,Z,lumpy,fast,False,False
21674,43,680.8500099182129,9,4.777777777777778,4.352521619066865,2009-12-07,2010-03-10,82.11111111111111,0.8299080584099513,C,Y,lumpy,slow,False,True
21675,1782,1576.8400377631187,201,8.865671641791044,7.089912952331772,2009-12-02,2011-12-09,3.6766169154228856,0.6395264655534021,B,Y,lumpy,fast,False,False
21676,1193,893.7200161218643,134,8.902985074626866,13.243735589920064,2009-12-02,2011-12-05,5.514925373134329,2.212838467013393,C,Z,lumpy,fast,False,True
21677,2125,1859.38004642725,209,10.167464114832535,8.862501696859136,2009-12-01,2011-12-09,3.535885167464115,0.7597791408038328,B,Y,lumpy,fast,False,False
21678,572,423.00000751018524,73,7.835616438356165,14.673306923562233,2009-12-02,2011-12-09,10.123287671232877,3.5067892480479896,C,Z,lumpy,medium,False,True
21679,4871,4034.5101194381714,255,19.101960784313725,68.9522643567252,2009-12-01,2011-12-07,2.8980392156862744,13.029902537142933,B,Z,lumpy,fast,False,True
21680,2860,2483.6800630688667,198,14.444444444444445,31.85730310081668,2009-12-01,2011-12-09,3.7323232323232323,4.8642549484876705,B,Z,lumpy,fast,False,False
21681,233,2234.80996799469,68,3.426470588235294,5.26978482800298,2009-12-02,2011-02-22,10.867647058823529,2.365330048169513,B,Z,lumpy,medium,False,False
21682,703,2767.589909553528,136,5.169117647058823,13.597687792038775,2009-12-03,2011-12-04,5.4338235294117645,6.919859831381879,B,Z,lumpy,fast,False,True
21683,936,2757.470022916794,137,6.8321167883211675,11.894492882314768,2009-12-02,2011-12-05,5.394160583941606,3.030967630998269,B,Z,lumpy,fast,False,False
21684,1696,1357.6100124120712,95,17.852631578947367,53.171134470438574,2009-12-01,2011-12-09,7.778947368421052,8.870485043325788,B,Z,lumpy,medium,False,True
21685,3,44.84999942779541,2,1.5,0.7071067811865476,2009-12-01,2009-12-02,369.5,0.22222222222222227,C,X,intermittent,slow,False,True
21686,67,2460.140048980713,34,1.9705882352941178,1.8502300285762516,2009-12-11,2011-10-02,21.735294117647058,0.8815758385818534,B,Y,lumpy,medium,False,False
21687,478,1871.2300112247467,78,6.128205128205129,9.873694520788229,2009-12-01,2010-09-15,9.474358974358974,2.5959288518767516,B,Z,lumpy,medium,False,False
21688,912,2845.6500356197357,131,6.961832061068702,7.430089118580014,2009-12-01,2011-11-30,5.641221374045801,1.1390452054774254,B,Z,lumpy,fast,False,False
21689,342,1268.1200113296509,55,6.218181818181818,13.371737620943923,2009-12-07,2011-12-06,13.436363636363636,4.624330436588911,B,Z,lumpy,medium,False,True
21690,358,990.8399994373322,68,5.264705882352941,8.14901815724625,2009-12-03,2011-02-01,10.867647058823529,2.3958649994619767,C,Z,lumpy,medium,False,False
21691,249,960.9900007247925,58,4.293103448275862,2.8654543786506617,2009-12-01,2010-10-29,12.741379310344827,0.44549649312390815,C,Y,intermittent,medium,False,False
21692,502,1906.6200065612793,92,5.456521739130435,6.831428733287333,2009-12-01,2011-02-25,8.032608695652174,1.5674413680159627,B,Z,lumpy,medium,False,False
21693,871,2648.620036840439,106,8.216981132075471,6.734424310929675,2009-12-03,2011-12-06,6.971698113207547,0.671701584682033,B,Y,lumpy,medium,False,False
21694,556,1593.1600069999695,63,8.825396825396826,16.345601837704354,2009-12-01,2011-12-05,11.73015873015873,3.4303098250107262,B,Z,lumpy,medium,False,True
21695,630,1952.1800220012665,90,7.0,6.911966500126892,2009-12-02,2011-12-08,8.21111111111111,0.9750057326301306,B,Y,lumpy,medium,False,False
21696,749,2251.1400334835052,95,7.88421052631579,6.16072522308503,2009-12-03,2011-11-23,7.778947368421052,0.610586578011561,B,Y,lumpy,medium,False,False
21697,372,295.08001041412354,6,62.0,88.31760866327846,2009-12-07,2010-02-15,123.16666666666667,2.0291363163371483,C,Z,lumpy,slow,False,True
21698,1010,399.01000010967255,100,10.1,48.06487619075205,2009-12-08,2011-12-07,7.39,22.6471161967682,C,Z,lumpy,medium,False,True
21699,108,82.44000291824341,3,36.0,31.74901573277509,2009-12-15,2010-02-15,246.33333333333334,0.7777777777777778,C,Y,lumpy,slow,False,True
21700,6361,7028.510161280632,310,20.519354838709678,25.88444472162425,2009-12-01,2011-12-07,2.3838709677419354,1.5912935490860627,A,Z,lumpy,fast,False,False
21702,2636,918.6800355911255,6,439.3333333333333,819.4375306676321,2009-12-15,2010-02-15,123.16666666666667,3.478911580290181,C,Z,lumpy,slow,False,True
21703,14577,5646.469955384731,348,41.88793103448276,97.783867844817,2009-12-02,2011-12-09,2.1235632183908044,5.449499335158872,A,Z,lumpy,fast,False,False
21704,17175,13235.16045820713,323,53.1733746130031,159.51362693226537,2009-12-01,2011-12-09,2.2879256965944275,8.99926691418529,A,Z,lumpy,fast,False,False
21705,2534,3145.709985971451,143,17.72027972027972,34.68863628402173,2009-12-01,2011-12-09,5.1678321678321675,3.8320688848979922,B,Z,lumpy,fast,False,True
21706,1348,5026.2099022865295,199,6.773869346733668,16.376384839368118,2009-12-01,2011-12-07,3.71356783919598,5.844702895431969,A,Z,lumpy,fast,False,True
21707,1005,4184.949920654297,143,7.027972027972028,26.765529665088522,2009-12-01,2011-12-06,5.1678321678321675,14.504128394534936,B,Z,lumpy,fast,False,True
21708,611,2336.479946374893,109,5.605504587155964,11.452816529395609,2009-12-01,2011-12-05,6.779816513761468,4.174410771705056,B,Z,lumpy,medium,False,True
21709,696,2876.719964027405,103,6.757281553398058,30.27697825321148,2009-12-02,2011-12-04,7.174757281553398,20.076177556998495,B,Z,lumpy,medium,False,True
21710,726,2235.0099787712097,96,7.5625,25.53338887355967,2009-12-01,2011-11-25,7.697916666666667,11.399508949273661,B,Z,lumpy,medium,False,True
21711,382,1555.6599621772766,63,6.063492063492063,13.33909245821495,2009-12-01,2011-11-24,11.73015873015873,4.839571814227644,B,Z,lumpy,medium,False,True
21713,2733,5145.439883351326,245,11.155102040816326,19.093182428708396,2009-12-08,2011-12-06,3.016326530612245,2.929608247282672,A,Z,lumpy,fast,False,True
21714,4283,6182.389971971512,279,15.35125448028674,30.70406301828294,2009-12-07,2011-12-09,2.6487455197132617,4.00040494333334,A,Z,lumpy,fast,False,True
21715,3553,8987.239815235138,304,11.6875,24.469372821358274,2009-12-13,2011-12-08,2.4309210526315788,4.383312442600032,A,Z,lumpy,fast,False,False
21716,3709,9397.069816589355,301,12.322259136212624,25.1429076059093,2009-12-13,2011-12-09,2.4551495016611296,4.163420952093511,A,Z,lumpy,fast,False,False
21717,1559,4039.6299011707306,112,13.919642857142858,15.864367911791167,2009-12-02,2011-03-23,6.598214285714286,1.298940808405807,B,Z,lumpy,medium,False,True
21718,4030,5250.299990534782,292,13.801369863013699,32.49321787295038,2009-12-14,2011-12-09,2.530821917808219,5.542951208902214,A,Z,lumpy,fast,False,False
21719,906,813.140019774437,117,7.743589743589744,8.3202638450309,2009-12-01,2011-12-05,6.316239316239316,1.1544882710830888,C,Z,lumpy,fast,False,False
21720,1068,929.8100236654282,93,11.483870967741936,14.08175886311159,2009-12-04,2011-07-26,7.946236559139785,1.5036168989422718,C,Z,lumpy,medium,False,False
21721,1090,990.5000230073929,119,9.159663865546218,11.162879764282101,2009-12-01,2011-12-02,6.2100840336134455,1.4852290011541003,C,Z,lumpy,fast,False,False
21722,347,327.7500062584877,70,4.957142857142857,10.367781357125116,2009-12-01,2011-12-08,10.557142857142857,4.374302272411867,C,Z,lumpy,medium,False,True
21723,866,769.1300188302994,121,7.1570247933884295,9.104035977212531,2009-12-02,2011-12-05,6.107438016528926,1.6180907946599525,C,Z,lumpy,fast,False,False
21724,996,888.3400214910507,144,6.916666666666667,8.755817247084115,2009-12-01,2011-12-09,5.131944444444445,1.6025060728210672,C,Z,lumpy,fast,False,False
21725,1135,1036.430024266243,140,8.107142857142858,11.199753612764846,2009-12-01,2011-11-17,5.2785714285714285,1.9084521937845704,C,Z,lumpy,fast,False,False
21726,1077,930.9900245070457,128,8.4140625,11.386224128374373,2009-12-01,2011-12-07,5.7734375,1.8312514824505643,C,Z,lumpy,fast,False,False
21728,299,2773.1099977493286,37,8.08108108108108,33.30863950186896,2009-12-03,2010-08-12,19.972972972972972,16.98927553631639,B,Z,lumpy,medium,False,True
21729,295,422.8999991416931,20,14.75,37.861068742387474,2009-12-02,2010-02-12,36.95,6.588729796338017,C,Z,lumpy,slow,False,True
21730,1118,5534.169872283936,183,6.109289617486339,8.351420951560657,2009-12-01,2011-12-07,4.038251366120218,1.8686988652426544,A,Z,lumpy,fast,False,True
21731,29054,48315.840250492096,523,55.55258126195029,95.82836372937012,2009-12-01,2011-12-09,1.4130019120458892,2.975635001904494,A,Z,lumpy,fast,False,False
21732,925,3214.5700764656067,48,19.270833333333332,60.57481380388954,2009-12-01,2010-09-28,15.395833333333334,9.880596975583982,B,Z,lumpy,medium,False,True
21733,17575,50346.49007344246,519,33.86319845857418,62.30624464527168,2009-12-01,2011-12-08,1.4238921001926783,3.385378255289442,A,Z,lumpy,fast,False,False
21734,97,529.4900016784668,27,3.5925925925925926,3.116448413218276,2009-12-02,2010-03-10,27.37037037037037,0.7524955648029301,C,Y,lumpy,slow,False,True
21735,853,11112.849954605103,187,4.561497326203209,13.046245861522532,2009-12-01,2011-09-16,3.9518716577540105,8.180055836736248,A,Z,lumpy,fast,False,True
21736,351,393.6899845600128,29,12.10344827586207,21.478136437493507,2009-12-04,2011-04-08,25.482758620689655,3.149016647592147,C,Z,lumpy,slow,False,True
21737,398,7362.660301208496,112,3.5535714285714284,9.929335266859452,2009-12-01,2010-10-18,6.598214285714286,7.8074686893656144,A,Z,lumpy,medium,False,True
21738,514,1322.6300110816956,90,5.711111111111111,10.705710378420326,2009-12-01,2011-10-20,8.21111111111111,3.513902939952138,B,Z,lumpy,medium,False,True
21739,494,1451.8500187397003,120,4.116666666666666,3.6672141175221142,2009-12-02,2011-12-09,6.158333333333333,0.7935624871988167,B,Y,lumpy,fast,False,True
21740,202,698.0100066661835,23,8.782608695652174,7.1855696411066585,2009-12-01,2010-06-08,32.130434782608695,0.6693840176096818,C,Y,lumpy,slow,False,True
21741,701,2293.750015974045,137,5.116788321167883,6.838543116937666,2009-12-01,2011-11-16,5.394160583941606,1.786209016788373,B,Z,lumpy,fast,False,True
21742,437,2647.2799196243286,155,2.8193548387096774,2.5973787179463685,2009-12-01,2011-12-08,4.767741935483871,0.8487329792358357,B,Y,lumpy,fast,False,False
21743,1288,3767.0800080299377,118,10.915254237288135,16.244697370830078,2009-12-01,2011-09-13,6.262711864406779,2.214907219734387,B,Z,lumpy,fast,False,True
21744,898,2697.160036087036,124,7.241935483870968,6.653284496955609,2009-12-01,2011-11-24,5.959677419354839,0.8440397221864988,B,Y,lumpy,fast,False,True
21745,2699,9201.490049362183,323,8.356037151702786,20.360726393675602,2009-12-01,2011-12-07,2.2879256965944275,5.937256496945653,A,Z,lumpy,fast,False,False
21746,5965,7468.339898586273,301,19.817275747508305,28.134613922243712,2009-12-01,2011-11-29,2.4551495016611296,2.0155520364087143,A,Z,lumpy,fast,False,False
21747,2049,2452.3499450683594,128,16.0078125,39.96248163570743,2009-12-01,2011-11-30,5.7734375,6.232193397468705,B,Z,lumpy,fast,False,False
21749,5945,10980.980020523071,202,29.43069306930693,112.96284621674471,2009-12-09,2011-11-29,3.6584158415841586,14.732290491103367,A,Z,lumpy,fast,False,True
21750,309,663.8499784469604,57,5.421052631578948,7.173730271974101,2009-12-14,2011-11-08,12.964912280701755,1.7511479471607665,C,Z,lumpy,medium,False,True
21752,80,1244.809986114502,32,2.5,2.711980587997897,2009-12-02,2010-09-09,23.09375,1.176774193548387,B,Z,lumpy,medium,False,True
21754,7595,46516.98868942261,572,13.277972027972028,10.786967752254698,2009-12-01,2011-12-09,1.2919580419580419,0.6599868189003939,A,Y,erratic,fast,False,False
21755,5643,34836.019033908844,548,10.297445255474452,8.8237377637337,2009-12-01,2011-12-09,1.3485401459854014,0.7342537981602274,A,Y,lumpy,fast,False,False
21756,1612,9944.649734020233,322,5.0062111801242235,4.49990916406754,2009-12-01,2011-12-08,2.2950310559006213,0.8079587017807369,A,Y,lumpy,fast,False,False
21757,92,454.29998874664307,38,2.4210526315789473,2.2133694376279167,2009-12-08,2011-02-17,19.44736842105263,0.8357942063046032,C,Y,lumpy,medium,False,True
21758,135,1069.759985923767,74,1.8243243243243243,1.3982191031795097,2009-12-10,2011-12-01,9.986486486486486,0.5874168029013285,C,Y,lumpy,medium,False,False
21759,31,1274.470012664795,12,2.5833333333333335,3.7040109300185615,2010-01-13,2010-05-04,61.583333333333336,2.05581307350298,B,Z,lumpy,slow,False,True
21760,15,1740.0,12,1.25,0.621581560508061,2010-03-01,2010-09-09,61.583333333333336,0.24727272727272726,B,X,intermittent,slow,False,True
21761,65,1814.7500495910645,23,2.8260869565217392,4.696731686774262,2009-12-01,2011-12-04,32.130434782608695,2.761979558902636,B,Z,lumpy,slow,False,False
21763,44,1157.900032043457,18,2.4444444444444446,2.0926263324636483,2010-01-31,2011-07-08,41.05555555555556,0.7328633932912003,C,Y,lumpy,slow,False,True
21764,17,659.1500129699707,9,1.8888888888888888,1.6914819275153699,2009-12-08,2010-03-12,82.11111111111111,0.8019031141868512,C,Y,lumpy,slow,False,True
21765,376,3076.389938354492,106,3.547169811320755,5.073051257044796,2009-12-06,2010-11-15,6.971698113207547,2.045382526029878,B,Z,lumpy,medium,False,False
21767,3,29.950000762939453,3,1.0,0.0,2009-12-01,2010-06-29,246.33333333333334,0.0,C,X,intermittent,slow,False,True
21768,895,6756.089896202087,109,8.211009174311927,41.973552827168426,2009-12-01,2010-11-15,6.779816513761468,26.13114188187123,A,Z,lumpy,medium,False,True
21769,123,7954.869758605957,42,2.9285714285714284,6.568189627483238,2009-12-03,2010-12-07,17.595238095238095,5.030135952757506,A,Z,lumpy,medium,False,True
21770,3063,14807.299795150757,292,10.48972602739726,47.34253948918991,2009-12-01,2011-12-08,2.530821917808219,20.369239259394632,A,Z,lumpy,fast,False,True
21772,1,12.75,1,1.0,0.0,2010-01-05,2010-01-05,739.0,0.0,C,X,intermittent,slow,False,True
21773,1642,1899.3999860286713,233,7.047210300429184,21.89792942962236,2009-12-01,2011-12-08,3.171673819742489,9.655430456010837,B,Z,lumpy,fast,False,True
21774,1711,2129.809981584549,269,6.360594795539034,20.737343047261955,2009-12-03,2011-12-09,2.7472118959107807,10.629449305300117,B,Z,lumpy,fast,False,True
21775,874,1326.289998292923,215,4.065116279069767,6.008984072971048,2009-12-02,2011-12-08,3.437209302325581,2.185023742415892,B,Z,lumpy,fast,False,False
21777,1131,9075.509776115417,201,5.626865671641791,9.106869639281417,2009-12-01,2010-12-06,3.6766169154228856,2.6194200339128533,A,Z,lumpy,fast,False,False
21779,302,1097.8000168800354,16,18.875,17.76091213873882,2009-12-04,2010-01-26,46.1875,0.8854348493487127,C,Y,lumpy,slow,False,True
21780,203,1745.850001335144,14,14.5,14.458162453730473,2009-12-08,2010-01-13,52.785714285714285,0.9942376291960122,B,Y,lumpy,slow,False,True
21781,655,10125.719892501831,240,2.7291666666666665,3.478202195968351,2009-12-01,2011-07-10,3.0791666666666666,1.624237500667443,A,Z,lumpy,fast,False,False
21784,298,3538.279969215393,146,2.041095890410959,1.964782035217655,2009-12-01,2011-09-02,5.061643835616438,0.9266205778242361,B,Y,lumpy,fast,False,True
21785,2005,1514.6299966573715,81,24.753086419753085,53.31827333668015,2009-12-04,2011-02-15,9.123456790123457,4.639737787700325,B,Z,lumpy,medium,False,False
21786,7615,3049.0299332737923,292,26.078767123287673,63.80891761234998,2009-12-01,2011-12-09,2.530821917808219,5.98671581629413,B,Z,lumpy,fast,False,False
21787,15138,11926.080074071884,293,51.665529010238906,154.0495297268102,2009-12-22,2011-12-09,2.522184300341297,8.890352738945149,A,Z,lumpy,fast,False,False
21788,3375,2725.0900384783745,173,19.508670520231213,27.595630446391958,2009-12-01,2011-12-06,4.271676300578035,2.0008995780138443,B,Z,lumpy,fast,False,False
21789,2920,2437.0700446367264,178,16.40449438202247,21.702778650563054,2009-12-01,2011-12-02,4.151685393258427,1.7502697371699256,B,Z,lumpy,fast,False,False
21790,27244,23506.170626461506,560,48.65,65.42722404164846,2009-12-01,2011-12-09,1.3196428571428571,1.8086365351842235,A,Z,erratic,fast,False,False
21791,17609,22858.599692821503,493,35.718052738336716,70.70400641427423,2009-12-01,2011-12-09,1.4989858012170385,3.9184336637656423,A,Z,lumpy,fast,False,False
21792,494,2517.8800101280212,113,4.371681415929204,6.530416047599176,2010-01-20,2011-08-03,6.539823008849558,2.231437311356873,B,Z,lumpy,medium,False,True
21793,353,1627.3600101470947,85,4.152941176470589,5.379648338553237,2010-01-20,2011-12-01,8.694117647058823,1.6780164545173495,B,Z,lumpy,medium,False,False
21794,723,3552.0900123119354,152,4.756578947368421,5.894207180369279,2010-01-27,2011-10-27,4.8618421052631575,1.5355408540550415,B,Z,lumpy,fast,False,False
21795,447,3734.9400429725647,70,6.385714285714286,38.893124781630796,2009-12-01,2010-08-12,10.557142857142857,37.09596795374366,B,Z,lumpy,medium,False,True
21796,352,2782.1900305747986,60,5.866666666666666,29.507520826235716,2009-12-01,2010-08-12,12.316666666666666,25.297792057711167,B,Z,lumpy,medium,False,True
21801,3403,1467.6599805355072,155,21.954838709677418,25.082032151013323,2009-12-02,2011-10-30,4.767741935483871,1.3051635561583186,B,Z,lumpy,fast,False,True
21802,4377,1917.1999725401402,188,23.28191489361702,28.017189004895442,2009-12-02,2011-11-21,3.9308510638297873,1.4481439195544819,B,Z,lumpy,fast,False,True
21803,4483,1938.9599647819996,186,24.102150537634408,28.260282428131475,2009-12-02,2011-12-09,3.9731182795698925,1.3748059602816434,B,Z,lumpy,fast,False,True
21804,691,2240.990001678467,95,7.273684210526316,9.162181874844373,2009-12-01,2011-12-05,7.778947368421052,1.5866784851904767,B,Z,lumpy,medium,False,True
21805,2221,957.6299819946289,66,33.65151515151515,35.33901414507654,2009-12-01,2010-11-21,11.196969696969697,1.1028072526094448,C,Z,lumpy,medium,False,True
21806,2767,1179.4299719929695,82,33.74390243902439,33.1717606270978,2009-12-01,2010-11-29,9.012195121951219,0.9663766594566012,C,Y,lumpy,medium,False,True
21807,3225,1422.4499673843384,109,29.587155963302752,30.320574547831967,2009-12-01,2011-11-22,6.779816513761468,1.0501912874715955,B,Z,lumpy,medium,False,True
21808,1006,2715.5299870967865,99,10.16161616161616,15.912199831695732,2009-12-01,2011-12-09,7.4646464646464645,2.452081360984093,B,Z,lumpy,medium,False,True
21809,3087,2427.889959394932,132,23.386363636363637,39.171895153056184,2009-12-01,2011-12-09,5.598484848484849,2.805587192120066,B,Z,lumpy,fast,False,True
21810,6959,4374.409904658794,150,46.39333333333333,81.8046368672057,2009-12-02,2011-12-09,4.926666666666667,3.109171566401172,A,Z,lumpy,fast,False,True
21811,6367,4577.179929256439,212,30.03301886792453,47.91178549112431,2009-12-01,2011-11-25,3.4858490566037736,2.544993828193529,A,Z,lumpy,fast,False,True
21812,805,3917.4898948669434,145,5.551724137931035,6.0758298867118175,2009-12-01,2011-12-09,5.096551724137931,1.1977204240234214,B,Z,lumpy,fast,False,True
21813,815,3761.4099168777466,124,6.57258064516129,6.765735512563567,2009-12-01,2011-12-09,5.959677419354839,1.059639613009476,B,Z,lumpy,fast,False,True
21814,670,1016.5300304889679,74,9.054054054054054,8.180986797650974,2009-12-01,2011-11-29,9.986486486486486,0.8164417739558192,C,Y,lumpy,medium,False,True
21815,679,1060.2400302886963,71,9.56338028169014,8.565266061026774,2009-12-01,2011-11-23,10.408450704225352,0.8021560524366138,C,Y,lumpy,medium,False,True
21816,422,637.3400187492371,38,11.105263157894736,9.099419267731173,2009-12-01,2011-11-27,19.44736842105263,0.6713819230159833,C,Y,lumpy,medium,False,True
21817,1687,1077.1900099515915,86,19.61627906976744,17.482878080905106,2009-12-01,2011-11-09,8.593023255813954,0.7943146914935811,C,Y,lumpy,medium,False,True
21818,4196,2549.450015068054,169,24.828402366863905,29.077689826508937,2009-12-01,2011-12-07,4.372781065088757,1.3715834918199306,B,Z,lumpy,fast,False,True
21819,3847,2247.1400047540665,129,29.82170542635659,39.40702063330591,2009-12-01,2011-12-08,5.728682170542636,1.7461528235688322,B,Z,lumpy,fast,False,True
21820,795,3132.390016555786,133,5.977443609022556,9.377977236681703,2009-12-01,2011-12-05,5.556390977443609,2.4614293402759047,B,Z,lumpy,fast,False,True
21821,713,2866.6000096797943,103,6.922330097087379,8.642904060317342,2009-12-01,2011-12-05,7.174757281553398,1.558887497922518,B,Z,lumpy,medium,False,True
21822,1010,1343.700029373169,92,10.978260869565217,12.182655894118325,2009-12-01,2011-12-09,8.032608695652174,1.2314502241215313,B,Z,lumpy,medium,False,True
21823,2478,2447.7200402617455,122,20.311475409836067,27.00415700083668,2009-12-02,2011-11-16,6.057377049180328,1.7675768536209444,B,Z,lumpy,fast,False,True
21824,2782,2351.4600157141685,117,23.77777777777778,27.20392691959643,2009-12-02,2011-11-15,6.316239316239316,1.308942807834444,B,Z,lumpy,fast,False,True
21825,733,1053.1900298595428,55,13.327272727272728,15.435714413699142,2009-12-01,2010-11-14,13.436363636363636,1.3414389097308341,C,Z,lumpy,medium,False,True
21826,1804,2326.8699860572815,168,10.738095238095237,18.190685941788765,2009-12-01,2011-03-23,4.398809523809524,2.8697472533460706,B,Z,lumpy,fast,False,False
21827,835,1068.8899977207184,102,8.186274509803921,11.956795484599203,2009-12-01,2011-03-29,7.245098039215686,2.1333248603285515,C,Z,lumpy,medium,False,False
21828,1105,1396.619987487793,149,7.416107382550336,17.558820325740403,2009-12-01,2011-12-09,4.959731543624161,5.605813569348303,B,Z,lumpy,fast,False,False
21829,15047,3242.1799244582653,282,53.358156028368796,53.018321758985074,2009-12-01,2011-10-25,2.620567375886525,0.9873027066693356,B,Y,lumpy,fast,False,False
21830,8090,3185.5999215245247,195,41.48717948717949,53.506176440308586,2009-12-04,2011-11-23,3.7897435897435896,1.6633361033989682,B,Z,lumpy,fast,False,False
21832,3338,5836.759957551956,264,12.643939393939394,24.18013280453568,2009-12-01,2011-12-09,2.7992424242424243,3.657232350065705,A,Z,lumpy,fast,False,False
21833,6239,10681.67027926445,264,23.632575757575758,30.82523778651188,2009-12-01,2011-12-09,2.7992424242424243,1.7013385919887856,A,Z,lumpy,fast,False,False
21836,249,1003.8899989128113,82,3.0365853658536586,2.4416404218092445,2009-12-07,2011-01-20,9.012195121951219,0.6465355696174551,C,Y,lumpy,medium,False,False
21837,253,1622.6399612426758,66,3.8333333333333335,3.0259560896368374,2009-12-01,2010-05-19,11.196969696969697,0.6231205467500365,B,Y,lumpy,medium,False,True
21838,1,5.449999809265137,1,1.0,0.0,2009-12-02,2009-12-02,739.0,0.0,C,X,intermittent,slow,False,True
21839,201,1085.5899629592896,74,2.7162162162162162,4.139751399690601,2009-12-01,2011-03-27,9.986486486486486,2.322842951466346,C,Z,lumpy,medium,False,False
21841,518,1857.4700012207031,108,4.796296296296297,8.984679857161693,2009-12-01,2011-11-29,6.842592592592593,3.5090794822328735,B,Z,lumpy,medium,False,False
21842,551,1308.739961862564,27,20.40740740740741,29.211772204500626,2009-12-01,2010-03-04,27.37037037037037,2.0489914267536875,B,Z,lumpy,slow,False,True
21843,6130,64918.29913902283,523,11.720841300191205,22.144303940110806,2009-12-01,2011-12-09,1.4130019120458892,3.569492683351385,A,Z,lumpy,fast,False,False
21844,5374,15329.439992666245,330,16.284848484848485,25.073340705033946,2009-12-01,2011-12-06,2.2393939393939393,2.370592792595666,A,Z,lumpy,fast,False,False
21845,2521,3758.4100370407104,131,19.244274809160306,21.253449169145167,2009-12-09,2011-11-28,5.641221374045801,1.21970763198143,B,Z,lumpy,fast,False,False
21846,1601,3803.399978160858,187,8.561497326203208,19.067232882329083,2009-12-02,2011-12-08,3.9518716577540105,4.959933927206857,B,Z,lumpy,fast,False,True
21847,347,675.369992852211,58,5.982758620689655,16.659112020426985,2009-12-08,2011-11-16,12.741379310344827,7.753552548164422,C,Z,lumpy,medium,False,True
21849,633,1483.5099822282791,108,5.861111111111111,11.296727119555783,2009-12-02,2011-12-04,6.842592592592593,3.7148849424623083,B,Z,lumpy,medium,False,True
21850,447,1072.979991197586,81,5.518518518518518,12.852150706312846,2009-12-10,2011-12-06,9.123456790123457,5.423836764109727,C,Z,lumpy,medium,False,True
21851,628,1473.5599924325943,112,5.607142857142857,16.492617591105276,2009-12-02,2011-12-05,6.598214285714286,8.651590127187522,B,Z,lumpy,medium,False,True
21852,6,13.899999618530273,3,2.0,1.7320508075688772,2009-12-04,2009-12-22,246.33333333333334,0.7499999999999999,C,Y,lumpy,slow,False,True
21853,3,15.400000095367432,3,1.0,0.0,2009-12-02,2010-04-19,246.33333333333334,0.0,C,X,intermittent,slow,False,True
21854,1,5.170000076293945,1,1.0,0.0,2009-12-04,2009-12-04,739.0,0.0,C,X,intermittent,slow,False,True
21857,2,10.230000019073486,2,1.0,0.0,2010-01-11,2010-01-20,369.5,0.0,C,X,intermittent,slow,False,True
21858,2,10.230000019073486,2,1.0,0.0,2009-12-10,2010-03-08,369.5,0.0,C,X,intermittent,slow,False,True
21859,1,0.0,1,1.0,0.0,2009-12-22,2009-12-22,739.0,0.0,C,X,intermittent,slow,False,True
21860,1,5.170000076293945,1,1.0,0.0,2009-12-02,2009-12-02,739.0,0.0,C,X,intermittent,slow,False,True
21864,1853,4431.53994178772,274,6.762773722627737,13.794353079926077,2009-12-01,2011-12-09,2.697080291970803,4.160571242814447,A,Z,lumpy,fast,False,True
21865,896,2085.6399359107018,231,3.878787878787879,4.362192339023469,2009-12-01,2011-12-08,3.1991341991341993,1.264787491508152,B,Z,lumpy,fast,False,False
21866,2168,3591.499967932701,309,7.016181229773463,9.426909378719074,2009-12-01,2011-12-08,2.3915857605177995,1.8052488106341933,B,Z,lumpy,fast,False,False
21867,1144,1562.869998037815,220,5.2,8.946619983682112,2009-12-01,2011-12-08,3.359090909090909,2.960133473832104,B,Z,lumpy,fast,False,False
21868,9235,11163.63990521431,399,23.145363408521302,38.6984076686134,2009-12-01,2011-12-05,1.8521303258145363,2.795491541889918,A,Z,lumpy,fast,False,False
21869,1265,1469.579962015152,65,19.46153846153846,32.30038550615385,2009-12-01,2010-06-08,11.36923076923077,2.7546160500867067,B,Z,lumpy,medium,False,True
21870,6083,7627.489906311035,318,19.128930817610062,24.529497715184384,2009-12-01,2011-08-24,2.3238993710691824,1.6443562666173057,A,Z,lumpy,fast,False,False
21871,11498,13654.889822125435,395,29.10886075949367,78.28673573699223,2009-12-01,2011-12-09,1.870886075949367,7.23312470272821,A,Z,lumpy,fast,False,False
21872,5092,5163.800018787384,239,21.305439330543933,71.29771593831366,2009-12-02,2011-12-09,3.092050209205021,11.19876796663416,A,Z,lumpy,fast,False,False
21873,2010,2360.009993314743,160,12.5625,51.61720344830684,2009-12-02,2011-12-08,4.61875,16.88250135162294,B,Z,lumpy,fast,False,True
21874,6332,8209.169893503189,361,17.54016620498615,51.34457851911564,2009-12-02,2011-12-09,2.0470914127423825,8.568834950723405,A,Z,lumpy,fast,False,False
21875,6818,7882.079873085022,284,24.007042253521128,83.28850590116915,2009-12-01,2011-12-09,2.602112676056338,12.036295158879868,A,Z,lumpy,fast,False,False
21876,5663,7351.249974131584,354,15.997175141242938,46.62553486998925,2009-12-01,2011-12-09,2.0875706214689265,8.494954451607297,A,Z,lumpy,fast,False,False
21877,14054,15954.749829173088,411,34.194647201946474,98.13913006200153,2009-12-01,2011-12-09,1.7980535279805352,8.236982688016704,A,Z,lumpy,fast,False,False
21878,5586,4586.48013728857,237,23.569620253164558,54.13628835843907,2010-03-25,2011-12-08,3.1181434599156117,5.275599067453529,A,Z,lumpy,fast,False,False
21879,1567,664.8399832546711,103,15.21359223300971,25.748653300187804,2009-12-04,2011-12-09,7.174757281553398,2.864478030289545,C,Z,lumpy,medium,False,True
21880,2483,1289.8299600183964,234,10.61111111111111,15.223317769472866,2009-12-02,2011-12-07,3.158119658119658,2.0582442056674117,B,Z,lumpy,fast,False,False
21881,1332,554.9499860703945,96,13.875,33.306629654580306,2009-12-02,2011-12-08,7.697916666666667,5.762293730430287,C,Z,lumpy,medium,False,True
21882,1052,499.43998658657074,99,10.626262626262626,21.522928380998458,2009-12-02,2011-11-28,7.4646464646464645,4.102434262606139,C,Z,lumpy,medium,False,True
21883,2348,1199.4799653887749,162,14.493827160493828,23.297494577418572,2009-12-01,2011-12-07,4.561728395061729,2.583760666782405,C,Z,lumpy,fast,False,True
21884,1448,663.6099846065044,130,11.138461538461538,29.987530702190003,2009-12-02,2011-12-04,5.684615384615385,7.2482137486693015,C,Z,lumpy,fast,False,True
21888,3526,13862.170070648193,393,8.97201017811705,15.68037673563121,2009-12-01,2011-12-05,1.8804071246819338,3.0544531657003273,A,Z,lumpy,fast,False,False
21889,12806,17095.65988135338,442,28.97285067873303,44.5398665776818,2009-12-01,2011-12-09,1.6719457013574661,2.3632810206971846,A,Z,lumpy,fast,False,False
21890,3490,10451.600021839142,321,10.87227414330218,32.630304321667154,2009-12-01,2011-12-09,2.3021806853582554,9.007441687670871,A,Z,lumpy,fast,False,True
21891,12147,15547.749983787537,381,31.881889763779526,75.49697946274634,2009-12-01,2011-12-08,1.9396325459317585,5.607522711083208,A,Z,lumpy,fast,False,False
21892,7826,10151.279898643494,393,19.91348600508906,38.40815504272702,2009-12-01,2011-12-09,1.8804071246819338,3.720080225692386,A,Z,lumpy,fast,False,True
21893,177,587.799991607666,16,11.0625,29.510379529921334,2009-12-01,2010-02-15,46.1875,7.11611605860385,C,Z,lumpy,slow,False,True
21894,1320,1836.1399893760681,194,6.804123711340206,10.176819311586423,2009-12-02,2011-12-08,3.8092783505154637,2.2370707784391244,B,Z,lumpy,fast,False,False
21895,555,1718.629997253418,65,8.538461538461538,30.20351641524797,2009-12-01,2010-12-09,11.36923076923077,12.512836316045773,B,Z,lumpy,medium,False,True
21896,2387,4944.039932608604,219,10.899543378995434,37.849762761144824,2009-12-01,2011-12-06,3.374429223744292,12.05895612730096,A,Z,lumpy,fast,False,False
21897,926,2641.360029935837,89,10.404494382022472,37.899903784095784,2009-12-01,2011-04-27,8.303370786516854,13.268879643172623,B,Z,lumpy,medium,False,True
21898,893,2538.8100366592407,93,9.602150537634408,40.635211702506574,2009-12-01,2011-04-27,7.946236559139785,17.908863764328512,B,Z,lumpy,medium,False,True
21899,6678,4322.4698367118835,379,17.62005277044855,47.356223159737716,2009-12-01,2011-12-08,1.949868073878628,7.2233674429003205,B,Z,lumpy,fast,False,False
21900,9845,5529.139798998833,432,22.78935185185185,85.5770616616485,2009-12-01,2011-12-09,1.7106481481481481,14.101028617667335,A,Z,lumpy,fast,False,False
21901,6159,4061.5098510980606,389,15.832904884318767,36.60608572923618,2009-12-01,2011-12-09,1.8997429305912596,5.345463635068372,B,Z,lumpy,fast,False,False
21902,5359,3408.0298668146133,304,17.62828947368421,51.35841175299833,2009-12-01,2011-12-09,2.4309210526315788,8.487950198448486,B,Z,lumpy,fast,False,False
21903,3436,6908.8698699474335,293,11.726962457337883,35.54661983220291,2009-12-03,2011-12-08,2.522184300341297,9.18809653243359,A,Z,lumpy,fast,False,False
21904,760,1201.5199679136276,124,6.129032258064516,15.910812267868073,2009-12-08,2011-05-26,5.959677419354839,6.7390842961061175,C,Z,lumpy,fast,False,True
21905,1615,2141.069986820221,208,7.764423076923077,24.67327141606613,2009-12-06,2011-12-09,3.5528846153846154,10.097993550040023,B,Z,lumpy,fast,False,False
21906,1786,12879.459997177124,284,6.288732394366197,28.963747533408334,2009-12-06,2011-12-09,2.602112676056338,21.212081030452993,A,Z,lumpy,fast,False,True
21907,5163,10866.219612121582,406,12.716748768472906,13.321330348088354,2010-01-29,2011-12-07,1.8201970443349753,1.0973445563812292,A,Z,lumpy,fast,False,False
21908,9678,19125.97968363762,486,19.91358024691358,46.16702912342571,2009-12-01,2011-12-09,1.5205761316872428,5.374835285839799,A,Z,lumpy,fast,False,False
21910,1066,1398.179987668991,92,11.58695652173913,41.80176981739195,2009-12-03,2011-02-16,8.032608695652174,13.015192151322026,B,Z,lumpy,medium,False,True
21911,2548,4080.849940419197,207,12.309178743961352,30.345599364299524,2009-12-01,2011-10-19,3.570048309178744,6.077616369775844,B,Z,lumpy,fast,False,False
21912,3736,14651.330049991608,413,9.046004842615012,18.824181792710807,2009-12-01,2011-12-09,1.7893462469733656,4.3303059814261715,A,Z,lumpy,fast,False,False
21913,1129,4302.480031013489,230,4.908695652173913,13.53034477507116,2009-12-01,2011-12-08,3.2130434782608694,7.597759018294899,B,Z,lumpy,fast,False,False
21914,12983,17725.359971761703,374,34.713903743315505,45.14612520672243,2009-12-01,2011-12-09,1.9759358288770053,1.6913522037490651,A,Z,lumpy,fast,False,True
21915,36517,42664.53875851631,415,87.99277108433735,225.00402024488469,2009-12-04,2011-12-07,1.780722891566265,6.538627041445514,A,Z,lumpy,fast,False,False
21916,11011,4751.059941768646,407,27.054054054054053,58.81520720065674,2009-12-01,2011-12-09,1.8157248157248158,4.726226770970205,A,Z,lumpy,fast,False,False
21917,8010,3324.2199379205704,307,26.091205211726383,48.12651648587911,2009-12-01,2011-12-08,2.407166123778502,3.402362427861602,B,Z,lumpy,fast,False,False
21918,14608,6013.139932751656,414,35.28502415458937,81.25844887566956,2009-12-01,2011-12-09,1.785024154589372,5.303422388879661,A,Z,lumpy,fast,False,False
21919,6,30.46999979019165,5,1.2,0.4472135954999579,2009-12-14,2010-10-07,147.8,0.1388888888888889,C,X,intermittent,slow,False,True
21922,1445,11199.179711341858,234,6.1752136752136755,8.779075845493539,2010-04-11,2011-12-08,3.158119658119658,2.0211270882350636,A,Z,lumpy,fast,False,True
21923,378,2662.639938354492,77,4.909090909090909,5.397811004135255,2009-12-03,2010-08-12,9.597402597402597,1.209019204389575,B,Z,lumpy,medium,False,True
21924,344,2486.65993976593,85,4.047058823529412,4.822827372563341,2009-12-02,2010-11-08,8.694117647058823,1.4201178967395505,B,Z,lumpy,medium,False,True
21925,1201,1562.329990386963,123,9.764227642276422,10.44900285525206,2010-04-11,2011-12-06,6.008130081300813,1.1451803931516236,B,Z,lumpy,fast,False,True
21926,1009,1325.2699928283691,115,8.773913043478261,8.925678380592466,2010-04-11,2011-12-08,6.426086956521739,1.034893873349649,B,Z,lumpy,medium,False,True
21927,1268,1728.239990234375,154,8.233766233766234,8.141551784600775,2010-04-11,2011-12-01,4.798701298701299,0.9777263365150949,B,Y,lumpy,fast,False,False
21928,24273,46202.5197455883,522,46.5,64.57376118360548,2009-12-01,2011-12-09,1.4157088122605364,1.9284405750478968,A,Z,lumpy,fast,False,False
21929,25608,49651.989728689194,523,48.96367112810707,73.52514504267782,2009-12-01,2011-12-09,1.4130019120458892,2.2548820804505922,A,Z,lumpy,fast,False,False
21930,13390,27368.07994532585,514,26.05058365758755,35.185021534730105,2009-12-01,2011-12-09,1.4377431906614786,1.8242347580878662,A,Z,lumpy,fast,False,False
21931,29183,61537.54991388321,579,50.402417962003454,56.54717901320065,2009-12-01,2011-12-09,1.2763385146804835,1.2586910531242934,A,Z,erratic,fast,False,False
21932,3871,8498.609948635101,329,11.76595744680851,24.030657421467687,2009-12-02,2011-12-09,2.2462006079027357,4.171351215636032,A,Z,lumpy,fast,False,False
21933,4116,9087.629943847656,317,12.984227129337539,28.060903538398186,2009-12-02,2011-12-08,2.331230283911672,4.67058299684768,A,Z,lumpy,fast,False,False
21934,4597,8275.21997320652,397,11.57934508816121,19.347875319217536,2009-12-01,2011-12-09,1.8614609571788414,2.79189169066854,A,Z,lumpy,fast,False,False
21935,7133,13103.210022449493,431,16.54988399071926,26.443299476347732,2009-12-01,2011-12-09,1.71461716937355,2.5529445340277386,A,Z,lumpy,fast,False,False
21936,7805,22741.30999493599,429,18.193473193473192,29.999880908055747,2009-12-02,2011-12-09,1.7226107226107226,2.7189913811975934,A,Z,lumpy,fast,False,False
21937,4162,12038.820002317429,289,14.401384083044983,24.362100535916586,2009-12-02,2011-12-04,2.557093425605536,2.8616795232412677,A,Z,lumpy,fast,False,False
21942,1672,1136.2800068855286,149,11.221476510067115,51.60463597935696,2009-12-01,2011-12-09,4.959731543624161,21.148395730455487,C,Z,lumpy,fast,False,True
21943,591,529.1600095629692,118,5.008474576271187,6.844419728061541,2009-12-07,2011-12-08,6.262711864406779,1.867507358278399,C,Z,lumpy,fast,False,False
21944,1789,1106.010006248951,142,12.598591549295774,53.623332999486614,2009-12-02,2011-12-08,5.204225352112676,18.116054411628703,C,Z,lumpy,fast,False,True
21945,1862,1307.1000098586082,167,11.149700598802395,47.687566102215705,2009-12-01,2011-12-09,4.425149700598802,18.292956582450582,B,Z,lumpy,fast,False,True
21946,625,358.9700027704239,58,10.775862068965518,33.87129566899427,2009-12-07,2011-12-08,12.741379310344827,9.880059778245608,C,Z,lumpy,medium,False,True
21947,1675,2302.809993982315,214,7.827102803738318,13.243937899936064,2009-12-01,2011-12-09,3.453271028037383,2.86307150980435,B,Z,lumpy,fast,False,False
21948,2293,2921.3599393367767,209,10.971291866028707,67.13189614164835,2009-12-01,2011-12-07,3.535885167464115,37.4405561131997,B,Z,lumpy,fast,False,True
21949,2598,3164.1799244880676,188,13.819148936170214,71.32406465003444,2009-12-01,2011-12-09,3.9308510638297873,26.638488268832045,B,Z,lumpy,fast,False,True
21950,282,263.62998819351196,16,17.625,46.59309677051598,2009-12-03,2010-05-12,46.1875,6.988514997568867,C,Z,lumpy,slow,False,True
21955,3923,23734.39962387085,373,10.517426273458446,36.48645118725367,2009-12-01,2011-12-09,1.9812332439678284,12.034950154601063,A,Z,lumpy,fast,False,False
21967,15657,4401.439934045076,298,52.54026845637584,326.85184411690443,2009-12-01,2011-12-09,2.4798657718120807,38.7005648931764,A,Z,lumpy,fast,False,True
21972,1055,1560.8200483322144,138,7.644927536231884,9.303323889673546,2009-12-02,2011-12-01,5.355072463768116,1.4809129653733488,B,Z,lumpy,fast,False,False
21973,1810,2420.0300567150116,163,11.104294478527608,23.047351551585642,2009-12-02,2011-11-28,4.533742331288344,4.307845428224845,B,Z,lumpy,fast,False,False
21974,7046,10622.150251746178,423,16.657210401891252,27.891347054972695,2009-12-02,2011-12-08,1.7470449172576832,2.8037186881396483,A,Z,lumpy,fast,False,False
21975,31332,15236.620081961155,516,60.72093023255814,110.5269269476548,2009-12-01,2011-12-08,1.432170542635659,3.313289299760143,A,Z,lumpy,fast,False,False
21976,14570,7792.370043218136,475,30.673684210526314,64.21325922617999,2009-12-01,2011-12-09,1.5557894736842106,4.382455783542366,A,Z,lumpy,fast,False,False
21977,56061,28081.7300657928,565,99.22300884955752,178.80160516242935,2009-12-01,2011-12-09,1.3079646017699116,3.2472673177672906,A,Z,erratic,fast,False,False
21980,31337,8650.139878809452,389,80.55784061696659,548.7057122268517,2009-12-01,2011-12-09,1.8997429305912596,46.39416152800265,A,Z,lumpy,fast,False,True
21981,26304,7129.459921300411,317,82.97791798107255,614.7050410445036,2009-12-02,2011-12-09,2.331230283911672,54.87928974902208,A,Z,lumpy,fast,False,True
21982,32553,10395.879909485579,367,88.70027247956403,625.9616842399679,2009-12-03,2011-12-09,2.0136239782016347,49.8018634207255,A,Z,lumpy,fast,False,True
21983,6118,1875.0199526846409,257,23.80544747081712,36.8107635612078,2009-12-02,2011-12-09,2.875486381322957,2.3910956726678765,B,Z,lumpy,fast,False,False
21984,25383,7023.949940115213,308,82.41233766233766,668.6762864074348,2009-12-02,2011-12-09,2.3993506493506493,65.83356556036732,A,Z,lumpy,fast,False,True
21985,25523,8972.10986354947,444,57.484234234234236,254.953485288172,2009-12-01,2011-12-08,1.6644144144144144,19.67090793732952,A,Z,lumpy,fast,False,False
21986,13476,4786.129936218262,302,44.62251655629139,176.75253424421447,2009-12-01,2011-12-09,2.447019867549669,15.690008540546522,A,Z,lumpy,fast,False,False
21987,6417,3988.059837460518,288,22.28125,60.140608146724254,2009-12-01,2011-12-09,2.5659722222222223,7.285452445400928,B,Z,lumpy,fast,False,False
21988,7829,5820.10000705719,291,26.903780068728523,77.72642797885068,2009-12-06,2011-12-06,2.5395189003436425,8.346623254975995,A,Z,lumpy,fast,False,False
21989,8552,6790.700041651726,388,22.04123711340206,67.01527729341763,2009-12-01,2011-12-09,1.9046391752577319,9.244335626439998,A,Z,lumpy,fast,False,False
21990,2453,4530.540017604828,279,8.792114695340501,14.34818097566861,2009-12-01,2011-12-09,2.6487455197132617,2.663219744062345,A,Z,lumpy,fast,False,False
21991,1103,1927.5400099754333,196,5.627551020408164,12.209666457253594,2009-12-02,2011-12-08,3.770408163265306,4.70726575849717,B,Z,lumpy,fast,False,False
21992,3333,6744.800027132034,348,9.577586206896552,14.448248617217896,2009-12-02,2011-11-22,2.1235632183908044,2.2757170997982348,A,Z,lumpy,fast,False,False
21993,2849,5216.880026102066,313,9.10223642172524,13.356157760021867,2009-12-01,2011-12-09,2.3610223642172525,2.153113168030684,A,Z,lumpy,fast,False,False
22003,10,0.0,1,10.0,0.0,2009-12-22,2009-12-22,739.0,0.0,C,X,intermittent,slow,False,True
22016,12,83.33000183105469,3,4.0,5.196152422706632,2010-01-29,2011-08-02,246.33333333333334,1.6875,C,Z,lumpy,slow,False,True
22021,1413,2430.309982419014,107,13.205607476635514,13.854866536713093,2009-12-14,2011-03-21,6.906542056074766,1.1007480502613554,B,Z,lumpy,medium,False,True
22023,4975,2076.769975453615,285,17.45614035087719,22.309183177891992,2009-12-01,2011-12-08,2.592982456140351,1.6333185283768972,B,Z,lumpy,fast,False,False
22024,5391,2256.9999773800373,298,18.090604026845636,21.857246807815518,2009-12-01,2011-12-09,2.4798657718120807,1.4597711525202648,B,Z,lumpy,fast,False,False
22025,3970,1641.639986306429,220,18.045454545454547,25.798972180028215,2009-12-01,2011-12-09,3.359090909090909,2.043944770439511,B,Z,lumpy,fast,False,False
22026,4029,1717.4699657857418,266,15.146616541353383,16.995591210207426,2009-12-01,2011-12-09,2.7781954887218046,1.25904511305664,B,Z,lumpy,fast,False,False
22027,11297,4806.489927262068,445,25.386516853932584,30.93780156286272,2009-12-01,2011-12-09,1.6606741573033708,1.48515801561362,A,Z,lumpy,fast,False,False
22028,6344,2665.1299602091312,321,19.76323987538941,21.0699731720381,2009-12-01,2011-12-09,2.3021806853582554,1.1366105463612894,B,Z,lumpy,fast,False,False
22029,17602,7280.759946405888,487,36.143737166324435,45.4130095571044,2009-12-01,2011-12-09,1.517453798767967,1.5786812719639844,A,Z,lumpy,fast,False,False
22030,12735,5197.839949220419,372,34.233870967741936,66.69334120222541,2009-12-01,2011-12-08,1.9865591397849462,3.795359610920421,A,Z,lumpy,fast,False,False
22031,1125,493.9899872839451,118,9.533898305084746,6.819632548175442,2009-12-01,2011-12-09,6.262711864406779,0.5116593554922446,C,Y,lumpy,fast,False,False
22032,980,418.11998823285103,91,10.76923076923077,7.783282545268879,2009-12-03,2011-11-25,8.12087912087912,0.522343537414966,C,Y,lumpy,medium,False,False
22033,1603,681.929983496666,108,14.842592592592593,11.104568426761011,2009-12-03,2011-11-22,6.842592592592593,0.5597367675447972,C,Y,lumpy,medium,False,False
22034,1629,673.4899829030037,62,26.274193548387096,26.163526956081384,2009-12-01,2011-11-25,11.919354838709678,0.99159376451165,C,Y,lumpy,medium,False,True
22035,4139,1731.2399687767029,254,16.29527559055118,16.247450919642755,2009-12-01,2011-10-31,2.909448818897638,0.9941388544404773,B,Y,lumpy,fast,False,False
22036,1649,695.1099842786789,97,17.0,13.9134227756269,2009-12-01,2010-10-04,7.618556701030927,0.669838523644752,C,Y,lumpy,medium,False,False
22037,7104,3035.6999241411686,344,20.651162790697676,18.614247304836375,2009-12-01,2011-12-09,2.1482558139534884,0.8124599069166079,B,Y,lumpy,fast,False,False
22038,1150,480.9999853372574,45,25.555555555555557,3.726779962499649,2009-12-22,2011-12-06,16.42222222222222,0.02126654064272211,C,X,intermittent,medium,False,False
22039,850,352.99998968839645,28,30.357142857142858,15.7485197087178,2009-12-22,2011-10-25,26.392857142857142,0.2691272587466359,C,Y,intermittent,slow,False,False
22040,2815,1144.2999710142612,86,32.73255813953488,41.2072022313075,2009-12-04,2011-11-17,8.593023255813954,1.5848434241017815,C,Z,lumpy,medium,False,False
22041,7540,18650.869420528412,316,23.860759493670887,35.49030153314284,2009-12-01,2011-12-09,2.338607594936709,2.212334805615331,A,Z,lumpy,fast,False,False
22042,1738,627.1899838149548,87,19.977011494252874,19.512653623484912,2009-12-01,2011-12-06,8.494252873563218,0.9540510889977164,C,Y,lumpy,medium,False,True
22043,2203,619.2499898672104,93,23.688172043010752,22.252493018430474,2009-12-06,2011-12-02,7.946236559139785,0.882458416778421,C,Y,lumpy,medium,False,True
22044,1946,550.2799869477749,60,32.43333333333333,29.72607522063077,2009-12-01,2011-11-07,12.316666666666666,0.8400245405182887,C,Y,lumpy,medium,False,True
22045,14542,5981.639844536781,312,46.60897435897436,50.03427426148937,2009-12-04,2011-12-08,2.3685897435897436,1.152381073842181,A,Z,lumpy,fast,False,False
22046,6375,2613.499929755926,171,37.280701754385966,32.58116799226108,2009-12-02,2011-12-08,4.321637426900585,0.7637744758803172,B,Y,lumpy,fast,False,False
22047,8250,3350.9999185800552,200,41.25,44.0384425486478,2009-12-02,2011-12-05,3.695,1.1397667861806737,B,Z,lumpy,fast,False,False
22048,2815,1166.2999664247036,91,30.934065934065934,21.895104576037184,2009-12-04,2011-12-05,8.12087912087912,0.5009795910641104,C,Y,lumpy,medium,False,False
22049,3500,1015.7499752938747,72,48.611111111111114,38.43067860320675,2009-12-02,2011-10-20,10.26388888888889,0.6250071859729806,C,Y,lumpy,medium,False,True
22050,3325,1353.999963402748,103,32.28155339805825,29.001155310228643,2009-12-04,2011-12-05,7.174757281553398,0.8070895948407064,B,Y,lumpy,medium,False,False
22051,3175,1317.4999617040157,107,29.672897196261683,20.92519277021036,2009-12-01,2011-11-24,6.906542056074766,0.49730065497866854,B,Y,lumpy,medium,False,False
22052,3525,1460.499957948923,107,32.94392523364486,22.11241936350622,2009-12-04,2011-07-11,6.906542056074766,0.4505280517190491,B,Y,intermittent,medium,False,False
22053,4551,4020.8899656534195,75,60.68,450.23006611335103,2009-12-03,2011-11-08,9.853333333333333,55.052601072820615,B,Z,lumpy,medium,False,True
22054,361,655.0099929571152,46,7.8478260869565215,8.121213350244728,2009-12-01,2010-03-08,16.065217391304348,1.070885650730802,C,Z,lumpy,medium,False,True
22055,4930,8179.1899873018265,363,13.581267217630854,20.177824969237168,2009-12-01,2011-12-08,2.0358126721763083,2.207334302845828,A,Z,lumpy,fast,False,False
22056,607,656.8700022697449,30,20.233333333333334,52.619442672138184,2009-12-08,2010-07-27,24.633333333333333,6.763283853162291,C,Z,lumpy,medium,False,True
22057,3060,4011.729997396469,182,16.813186813186814,37.930413776224825,2009-12-03,2011-12-08,4.06043956043956,5.089499590396948,B,Z,lumpy,fast,False,False
22058,714,795.7200045585632,78,9.153846153846153,22.140681791891375,2009-12-01,2010-11-21,9.474358974358974,5.850254540318803,C,Z,lumpy,medium,False,True
22059,4940,6639.030007719994,307,16.091205211726383,35.47702221728121,2009-12-03,2011-12-09,2.407166123778502,4.860905442859236,A,Z,lumpy,fast,False,False
22060,733,5691.410006284714,129,5.682170542635659,11.798427130424546,2009-12-04,2011-05-23,5.728682170542636,4.311413730552831,A,Z,lumpy,fast,False,False
22061,2171,19121.36990261078,326,6.659509202453988,13.699545811839322,2009-12-02,2011-12-09,2.266871165644172,4.2318268645878545,A,Z,lumpy,fast,False,False
22062,834,1248.1499972343445,114,7.315789473684211,11.939608945044899,2009-12-01,2011-10-18,6.482456140350878,2.6635313128500187,B,Z,lumpy,medium,False,False
22063,2303,6356.059984922409,254,9.066929133858268,18.56021736923835,2009-12-01,2011-12-08,2.909448818897638,4.19030537183249,A,Z,lumpy,fast,False,False
22064,6607,10592.660005688667,388,17.028350515463917,30.991316952835934,2009-12-01,2011-12-09,1.9046391752577319,3.3123399365261434,A,Z,lumpy,fast,False,False
22065,8653,6273.83998644352,202,42.836633663366335,123.13669160917145,2009-12-01,2011-12-09,3.6584158415841586,8.263124444210725,A,Z,lumpy,fast,False,True
22066,3436,2729.1600135564804,207,16.59903381642512,23.98358255289785,2009-12-04,2011-12-06,3.570048309178744,2.0876730912605512,B,Z,lumpy,fast,False,False
22067,1855,3019.319998860359,199,9.321608040201005,18.161094097418484,2009-12-02,2011-12-08,3.71356783919598,3.7957914407550777,B,Z,lumpy,fast,False,False
22068,1112,1979.8199845552444,206,5.398058252427185,8.905837828679369,2009-12-01,2011-12-09,3.587378640776699,2.7219142005223684,B,Z,lumpy,fast,False,False
22069,968,2164.6299988031387,183,5.2896174863387975,7.217062457275816,2009-12-01,2011-12-09,4.038251366120218,1.861540084633624,B,Z,lumpy,fast,False,False
22070,1835,5701.490032196045,239,7.677824267782427,18.371309435430828,2009-12-01,2011-12-09,3.092050209205021,5.72537436538366,A,Z,lumpy,fast,False,True
22071,1530,4355.880021810532,200,7.65,20.462921486896597,2009-12-01,2011-12-09,3.695,7.155045594068853,A,Z,lumpy,fast,False,True
22072,2406,9231.0100440979,309,7.786407766990291,13.063270472228186,2009-12-01,2011-12-09,2.3915857605177995,2.8146833926454384,A,Z,lumpy,fast,False,False
22073,2129,8457.890055656433,280,7.603571428571429,8.047572805473449,2009-12-01,2011-05-04,2.6392857142857142,1.1201974212951413,A,Z,lumpy,fast,False,False
22074,2156,2216.3399691581726,195,11.056410256410256,19.696456781048955,2009-12-03,2011-12-09,3.7897435897435896,3.1735688491315837,B,Z,lumpy,fast,False,True
22075,3079,4660.689997076988,199,15.472361809045227,30.17822463919115,2009-12-01,2011-12-09,3.71356783919598,3.8042946717527886,A,Z,lumpy,fast,False,True
22076,2365,3490.189965724945,251,9.422310756972111,15.370521794625054,2009-12-01,2011-12-09,2.944223107569721,2.661107230265187,B,Z,lumpy,fast,False,True
22077,17262,31513.10994029045,508,33.98031496062992,38.05347123297569,2009-12-01,2011-12-09,1.454724409448819,1.2541045930761696,A,Z,lumpy,fast,False,False
22078,3988,8449.939757108688,318,12.540880503144654,25.908171284082563,2009-12-02,2011-12-09,2.3238993710691824,4.2679316913813645,A,Z,lumpy,fast,False,False
22079,5028,8457.83994603157,381,13.196850393700787,19.560583097303276,2009-12-01,2011-12-07,1.9396325459317585,2.1969643367322633,A,Z,lumpy,fast,False,False
22080,4168,6512.439943194389,294,14.17687074829932,24.00546032318369,2009-12-01,2011-12-09,2.5136054421768708,2.867208773318049,A,Z,lumpy,fast,False,False
22081,1559,2761.0399599075317,217,7.184331797235023,6.6229912147111945,2009-12-01,2011-12-09,3.4055299539170507,0.8498369214738731,B,Y,lumpy,fast,False,False
22082,7267,12192.049906730652,435,16.70574712643678,20.851700172267876,2009-12-01,2011-12-07,1.6988505747126437,1.5579414661127555,A,Z,lumpy,fast,False,False
22083,13716,40412.81992292404,526,26.076045627376427,46.56507905072019,2009-12-01,2011-12-09,1.4049429657794676,3.1888730086115236,A,Z,lumpy,fast,False,False
22084,8880,25163.559966802597,334,26.58682634730539,46.30467653679226,2009-12-02,2011-12-08,2.212574850299401,3.0333094044860514,A,Z,lumpy,fast,False,True
22085,2538,6883.869965553284,190,13.357894736842105,52.2990820661549,2009-12-01,2011-12-09,3.889473684210526,15.328939110103702,A,Z,lumpy,fast,False,True
22086,35113,117760.28900694847,307,114.37459283387622,176.73881177506107,2009-12-01,2011-12-09,2.407166123778502,2.387837342737411,A,Z,lumpy,fast,False,True
22087,8494,25389.099944353104,329,25.817629179331306,32.12765400210769,2009-12-01,2011-12-09,2.2462006079027357,1.548550278539841,A,Z,lumpy,fast,False,False
22088,4400,13076.88002371788,320,13.75,18.74210387550583,2009-12-01,2011-07-18,2.309375,1.8579382885566973,A,Z,lumpy,fast,False,False
22089,3530,10303.350059747696,339,10.412979351032448,17.292829763099753,2009-12-01,2011-12-05,2.1799410029498527,2.7579228807591805,A,Z,lumpy,fast,False,False
22090,16722,50431.899916410446,544,30.738970588235293,45.47791915237628,2009-12-01,2011-12-08,1.3584558823529411,2.1888829165210764,A,Z,lumpy,fast,False,False
22091,3179,2485.8599507808685,228,13.942982456140351,30.177905589676474,2009-12-01,2011-12-09,3.241228070175439,4.684538679860661,B,Z,lumpy,fast,False,True
22092,933,592.9099905490875,110,8.481818181818182,12.962707143201234,2009-12-18,2011-12-08,6.718181818181818,2.335680859164037,C,Z,lumpy,medium,False,False
22093,2346,1429.869970202446,186,12.612903225806452,30.05581555744273,2009-12-01,2011-12-06,3.9731182795698925,5.678412091227286,B,Z,lumpy,fast,False,True
22094,3557,2649.0499374866486,238,14.945378151260504,44.18957482090293,2009-12-02,2011-12-08,3.1050420168067228,8.742302495662138,B,Z,lumpy,fast,False,False
22095,2978,3123.029965162277,185,16.0972972972973,42.468674430373866,2009-12-02,2011-12-09,3.9945945945945946,6.960356452913094,B,Z,lumpy,fast,False,True
22096,1667,938.859978556633,138,12.079710144927537,42.06652041780204,2009-12-02,2011-12-08,5.355072463768116,12.127189216743977,C,Z,lumpy,fast,False,True
22097,2064,1281.7499779462814,189,10.920634920634921,32.454371367680615,2009-12-02,2011-12-08,3.9100529100529102,8.831828460143782,B,Z,lumpy,fast,False,True
22098,2865,1952.0399688482285,225,12.733333333333333,31.21140473792049,2009-12-03,2011-12-08,3.2844444444444445,6.008172796406741,B,Z,lumpy,fast,False,True
22099,2123,1585.4599778652191,214,9.92056074766355,27.502765506076077,2009-12-02,2011-12-09,3.453271028037383,7.6856444649450255,B,Z,lumpy,fast,False,True
22100,1005,709.4999892711639,109,9.220183486238533,20.294296680195615,2009-12-02,2011-12-06,6.779816513761468,4.844722233681416,C,Z,lumpy,medium,False,True
22101,1909,2790.269995570183,97,19.68041237113402,67.36677383172541,2009-12-01,2011-12-08,7.618556701030927,11.717180254486406,B,Z,lumpy,medium,False,True
22102,1842,1191.6899704933167,54,34.111111111111114,203.23753800748995,2009-12-01,2011-11-28,13.685185185185185,35.49899993934173,C,Z,lumpy,medium,False,True
22103,1746,1760.6399857997894,64,27.28125,121.12363731275995,2009-12-01,2011-10-24,11.546875,19.7119358642093,B,Z,lumpy,medium,False,True
22104,1187,968.0799998044968,91,13.043956043956044,51.906093003061706,2009-12-08,2011-12-09,8.12087912087912,15.834998546218314,C,Z,lumpy,medium,False,True
22105,692,1294.7000036239624,49,14.122448979591837,68.14739926960445,2009-12-07,2011-12-08,15.081632653061224,23.28512340316527,B,Z,lumpy,medium,False,True
22106,509,1589.979992866516,69,7.3768115942028984,29.02590194640326,2010-01-15,2011-12-09,10.710144927536232,15.482249589442501,B,Z,lumpy,medium,False,True
22107,1240,4840.590004444122,225,5.511111111111111,6.785693400134944,2009-12-01,2011-12-09,3.2844444444444445,1.5160381554742093,A,Z,lumpy,fast,False,True
22108,313,978.7399923801422,105,2.980952380952381,3.0602317420447616,2009-12-01,2011-12-09,7.038095238095238,1.0538979363173753,C,Z,lumpy,medium,False,True
22109,3339,13750.1101603508,338,9.878698224852071,16.53860035082921,2009-12-01,2011-12-09,2.1863905325443787,2.80283845871083,A,Z,lumpy,fast,False,True
22110,2609,8563.75989484787,266,9.808270676691729,16.649009467335848,2009-12-01,2011-12-09,2.7781954887218046,2.8813227984036667,A,Z,lumpy,fast,False,True
22111,9776,49771.939099788666,407,24.01965601965602,40.551974882568416,2009-12-01,2011-12-09,1.8157248157248158,2.8502992011380064,A,Z,lumpy,fast,False,True
22112,11066,57981.93918991089,438,25.264840182648403,31.124878705940777,2009-12-01,2011-12-09,1.687214611872146,1.5176870364868054,A,Z,lumpy,fast,False,True
22113,5763,22025.930106163025,266,21.665413533834588,26.495512030396245,2009-12-01,2011-12-09,2.7781954887218046,1.4955835083809856,A,Z,lumpy,fast,False,True
22114,11822,59189.13999533653,355,33.30140845070422,45.72889742993543,2009-12-01,2011-12-09,2.0816901408450703,1.8856290336300123,A,Z,lumpy,fast,False,True
22115,2889,5695.100045681,318,9.084905660377359,23.628480084988947,2009-12-01,2011-12-08,2.3238993710691824,6.764422553675849,A,Z,lumpy,fast,False,False
22116,823,1103.8800138831139,158,5.208860759493671,9.543099549535029,2009-12-01,2011-12-09,4.677215189873418,3.3565522491196265,C,Z,lumpy,fast,False,True
22117,1949,5207.73006939888,179,10.888268156424582,60.64354154609979,2009-12-01,2011-12-06,4.128491620111732,31.02069298789064,A,Z,lumpy,fast,False,True
22118,799,3842.0699319839478,175,4.565714285714286,14.243973173134618,2009-12-01,2011-12-09,4.222857142857142,9.732957631735339,B,Z,lumpy,fast,False,True
22119,896,5543.869873523712,201,4.45771144278607,6.12286311592203,2009-12-01,2011-12-09,3.6766169154228856,1.886623310945473,A,Z,lumpy,fast,False,True
22120,1018,10314.189831733704,258,3.945736434108527,3.8881443615402342,2009-12-01,2011-12-05,2.864341085271318,0.9710209914820592,A,Y,lumpy,fast,False,False
22121,1535,9167.609755516052,188,8.164893617021276,16.690624397228838,2009-12-01,2011-12-09,3.9308510638297873,4.178728035412845,A,Z,lumpy,fast,False,True
22122,1159,3290.0800309181213,124,9.346774193548388,17.718230175908744,2009-12-01,2010-08-20,5.959677419354839,3.593496092321893,B,Z,lumpy,fast,False,False
22123,655,1700.1400132775307,135,4.851851851851852,6.919061404855214,2009-12-02,2011-12-09,5.474074074074074,2.033664496119717,B,Z,lumpy,fast,False,False
22124,298,751.9300078749657,115,2.591304347826087,3.840905531420516,2009-12-07,2011-12-09,6.426086956521739,2.197001755097169,C,Z,lumpy,medium,False,True
22125,687,4089.0898847579956,64,10.734375,14.535388875496409,2009-12-01,2011-11-24,11.546875,1.8335796671068691,B,Z,lumpy,medium,False,True
22127,3468,4153.1099100112915,116,29.896551724137932,64.71924373588683,2009-12-01,2011-03-23,6.370689655172414,4.686241529004218,B,Z,lumpy,medium,False,True
22128,3923,4759.5899267196655,157,24.987261146496817,37.34540565934252,2009-12-01,2011-11-18,4.707006369426751,2.2337627843407297,A,Z,lumpy,fast,False,False
22129,3246,3095.1200733184814,133,24.406015037593985,44.42563374046786,2009-12-02,2011-12-09,5.556390977443609,3.3133973043956098,B,Z,lumpy,fast,False,False
22130,9737,10991.210097789764,193,50.45077720207254,127.122107111943,2009-12-01,2011-12-08,3.8290155440414506,6.34901632575748,A,Z,lumpy,fast,False,True
22131,5243,9914.890051722527,387,13.54780361757106,33.05145406226069,2009-12-01,2011-12-08,1.9095607235142118,5.951731842896742,A,Z,lumpy,fast,False,False
22132,3345,2989.8100724220276,262,12.767175572519085,21.642054784309725,2009-12-01,2011-12-08,2.8206106870229006,2.873474335453284,B,Z,lumpy,fast,False,False
22133,2464,2258.6100507974625,233,10.57510729613734,18.97218195219598,2009-12-01,2011-12-08,3.171673819742489,3.218585105932957,B,Z,lumpy,fast,False,False
22134,2354,1043.5799993276596,223,10.556053811659194,33.44102307043089,2009-12-01,2011-12-09,3.31390134529148,10.035890635248254,C,Z,lumpy,fast,False,True
22135,1624,806.1499941647053,223,7.2825112107623315,20.536410402598914,2009-12-01,2011-12-09,3.31390134529148,7.952189959242045,C,Z,lumpy,fast,False,True
22136,1989,3322.2199894189835,198,10.045454545454545,19.137041301944766,2009-12-01,2011-12-08,3.7323232323232323,3.6291958252184124,B,Z,lumpy,fast,False,True
22137,606,1508.2800042629242,40,15.15,67.77093772407166,2009-12-14,2011-08-11,18.475,20.010674334760203,B,Z,lumpy,medium,False,True
22138,9383,45882.00886440277,515,18.219417475728154,29.134539847256335,2009-12-01,2011-12-09,1.4349514563106796,2.557097878087226,A,Z,lumpy,fast,False,False
22139,10692,52843.008860588074,530,20.173584905660377,26.406378840288955,2009-12-01,2011-12-09,1.3943396226415095,1.713371498574654,A,Z,lumpy,fast,False,False
22141,3675,8895.209795236588,146,25.171232876712327,33.4631778256888,2009-12-01,2011-12-09,5.061643835616438,1.7673614885240994,A,Z,lumpy,fast,False,True
22142,4326,6445.390137672424,148,29.22972972972973,33.58816089498515,2009-12-01,2011-12-09,4.993243243243243,1.3204527043280492,A,Z,lumpy,fast,False,True
22143,482,942.8799862861633,50,9.64,21.415005229501855,2009-12-01,2010-10-27,14.78,4.934944828984433,C,Z,lumpy,medium,False,True
22144,5157,12382.469770431519,174,29.637931034482758,36.60397256112145,2009-12-01,2011-12-09,4.247126436781609,1.5253189858028375,A,Z,lumpy,fast,False,True
22145,1338,2752.659921646118,92,14.543478260869565,18.504180129750345,2009-12-01,2010-12-09,8.032608695652174,1.618837002536655,B,Z,lumpy,medium,False,True
22146,1489,2633.129989862442,54,27.574074074074073,67.9818515881474,2009-12-04,2011-01-25,13.685185185185185,6.078327586022169,B,Z,lumpy,medium,False,True
22147,12828,17893.580344200134,466,27.527896995708154,69.33924918939134,2009-12-01,2011-12-01,1.5858369098712446,6.344716194112435,A,Z,lumpy,fast,False,False
22148,3237,6480.290028810501,148,21.87162162162162,36.0257429510563,2009-12-02,2011-12-04,4.993243243243243,2.7130882709532522,A,Z,lumpy,fast,False,True
22149,12754,26218.969458580017,490,26.02857142857143,55.34823018730657,2009-12-01,2011-11-17,1.5081632653061225,4.521752752927285,A,Z,lumpy,fast,False,False
22150,7815,14486.550131082535,439,17.801822323462414,46.784011595456334,2009-12-01,2011-12-09,1.683371298405467,6.906626854491942,A,Z,lumpy,fast,False,False
22151,27562,11609.189855635166,399,69.07769423558898,116.89829999364306,2009-12-01,2011-12-09,1.8521303258145363,2.86378708028129,A,Z,lumpy,fast,False,False
22152,6241,2642.27995839715,174,35.867816091954026,64.21657538038353,2009-12-01,2011-12-05,4.247126436781609,3.205416099861864,B,Z,lumpy,fast,False,True
22153,5705,2469.1599383056164,167,34.16167664670659,45.49239541445817,2009-12-01,2011-12-09,4.425149700598802,1.7733695842483628,B,Z,lumpy,fast,False,True
22154,7114,3073.319931447506,163,43.644171779141104,60.043161531404714,2009-12-01,2011-12-09,4.533742331288344,1.8926686580229704,B,Z,lumpy,fast,False,True
22155,5925,2671.8099286556244,176,33.66477272727273,43.20828105754789,2009-12-01,2011-12-09,4.198863636363637,1.647337575592027,B,Z,lumpy,fast,False,True
22156,6156,5537.570135474205,348,17.689655172413794,22.31917300112705,2009-12-01,2011-12-09,2.1235632183908044,1.591906157583206,A,Z,lumpy,fast,False,False
22157,1729,1451.4000399112701,77,22.454545454545453,18.47583446911515,2009-12-02,2011-08-31,9.597402597402597,0.677017023372738,B,Y,lumpy,medium,False,True
22158,8991,29198.279947519302,247,36.40080971659919,66.30881558082558,2009-12-03,2011-12-08,2.9919028340080973,3.3183367153267995,A,Z,lumpy,fast,False,True
22161,6726,2738.2799847722054,290,23.193103448275863,39.66508519359143,2009-12-07,2011-12-09,2.5482758620689654,2.924819386346225,B,Z,lumpy,fast,False,False
22162,1220,3737.900004386902,175,6.9714285714285715,13.243705323891628,2009-12-01,2011-11-24,4.222857142857142,3.6089050341800326,B,Z,lumpy,fast,False,True
22163,1269,2235.120024561882,140,9.064285714285715,12.373219348257035,2009-12-01,2011-12-09,5.2785714285714285,1.863366361943447,B,Z,lumpy,fast,False,True
22164,315,883.220011472702,45,7.0,9.120406689496813,2009-12-03,2011-11-28,16.42222222222222,1.6975881261595553,C,Z,lumpy,medium,False,True
22165,976,7673.730041265488,196,4.979591836734694,14.959761133316327,2009-12-01,2011-12-09,3.770408163265306,9.025303716260451,A,Z,lumpy,fast,False,True
22166,440,3528.749963760376,129,3.4108527131782944,11.866189101748276,2009-12-01,2011-12-08,5.728682170542636,12.103099334969004,B,Z,lumpy,fast,False,True
22167,691,6056.329899787903,229,3.017467248908297,7.0623570101979976,2009-12-01,2011-12-09,3.2270742358078603,5.477901334330668,A,Z,lumpy,fast,False,True
22168,666,5475.930006504059,208,3.201923076923077,5.414919107513442,2009-12-08,2011-04-12,3.5528846153846154,2.8599744802904494,A,Z,lumpy,fast,False,False
22169,2277,19507.59996843338,402,5.664179104477612,8.11200646114739,2009-12-01,2011-12-08,1.8383084577114428,2.0510800986566387,A,Z,lumpy,fast,False,False
22170,2385,15645.269820213318,348,6.853448275862069,10.400000812190859,2009-12-02,2011-12-09,2.1235632183908044,2.3027588897905695,A,Z,lumpy,fast,False,False
22171,3377,23709.460123062134,385,8.771428571428572,29.933428120541404,2009-12-01,2011-12-09,1.9194805194805196,11.645878426649968,A,Z,lumpy,fast,False,False
22172,378,3451.819993019104,117,3.230769230769231,3.275785284595014,2009-12-01,2010-09-29,6.316239316239316,1.0280612244897964,B,Z,lumpy,fast,False,True
22173,5053,15411.900058984756,415,12.175903614457832,17.94948353085692,2009-12-01,2011-12-09,1.780722891566265,2.173209079463022,A,Z,lumpy,fast,False,False
22174,5136,10374.329965353012,306,16.784313725490197,50.606024545968396,2009-12-01,2011-12-09,2.415032679738562,9.090698754562288,A,Z,lumpy,fast,False,True
22175,1824,5278.3100328445435,259,7.042471042471043,15.115130878268355,2009-12-02,2011-12-09,2.853281853281853,4.606527669571407,A,Z,lumpy,fast,False,False
22176,1185,3542.730024576187,204,5.8088235294117645,9.522476423167895,2009-12-02,2011-11-29,3.622549019607843,2.687345134629333,B,Z,lumpy,fast,False,False
22177,325,3101.4599466323853,73,4.4520547945205475,12.838787905633646,2009-12-01,2010-08-25,10.123287671232877,8.316240631163712,B,Z,lumpy,medium,False,True
22178,40081,52382.819331645966,560,71.57321428571429,106.47466039526371,2009-12-01,2011-12-09,1.3196428571428571,2.2130513153116387,A,Z,erratic,fast,False,False
22179,2023,14418.609835624695,353,5.730878186968838,8.032503824618185,2009-12-01,2011-12-09,2.093484419263456,1.9645338993432797,A,Z,lumpy,fast,False,False
22180,987,10103.379858016968,288,3.4270833333333335,3.199776097349741,2009-12-01,2011-11-07,2.5659722222222223,0.871745772362982,A,Y,lumpy,fast,False,False
22181,1538,1291.3800369501114,121,12.710743801652892,22.231148574514737,2009-12-02,2011-11-29,6.107438016528926,3.059016869560217,B,Z,lumpy,fast,False,False
22182,561,2156.4499835968018,138,4.065217391304348,5.56475682896699,2009-12-02,2011-12-09,5.355072463768116,1.8738068942397994,B,Z,lumpy,fast,False,True
22183,586,3297.2499570846558,148,3.9594594594594597,4.799203984985608,2009-12-02,2011-11-13,4.993243243243243,1.4691516182938826,B,Z,lumpy,fast,False,False
22184,389,2887.0700149536133,110,3.536363636363636,4.970882691126475,2009-12-02,2011-01-27,6.718181818181818,1.9758464735243857,B,Z,lumpy,medium,False,True
22185,3896,6224.7199884057045,293,13.296928327645052,16.546858249522078,2009-12-01,2011-12-09,2.522184300341297,1.5485614270410424,A,Z,lumpy,fast,False,False
22186,2004,5431.40004491806,176,11.386363636363637,12.695494650291673,2009-12-01,2011-12-09,4.198863636363637,1.2431660886951508,A,Z,lumpy,fast,False,True
22187,2152,6820.70005273819,164,13.121951219512194,15.92381420219641,2009-12-01,2011-12-09,4.5060975609756095,1.4726426201688316,A,Z,lumpy,fast,False,True
22188,10418,28112.029755353928,329,31.66565349544073,140.71330936544234,2009-12-09,2011-12-08,2.2462006079027357,19.746650698234752,A,Z,lumpy,fast,False,True
22189,16186,49300.94000554085,477,33.932914046121596,125.82572525949821,2009-12-01,2011-12-08,1.549266247379455,13.749806001397054,A,Z,lumpy,fast,False,False
22190,1400,2591.66998398304,173,8.092485549132949,14.24464816498697,2009-12-01,2011-12-09,4.271676300578035,3.098415015424773,B,Z,lumpy,fast,False,True
22191,1967,16216.050058364868,347,5.6685878962536025,19.950291377192517,2009-12-01,2011-12-08,2.1296829971181555,12.386503102341175,A,Z,lumpy,fast,False,False
22192,1427,12104.800008296967,320,4.459375,4.759900381916415,2009-12-01,2011-12-08,2.309375,1.1393252900325275,A,Z,lumpy,fast,False,False
22193,1911,16117.980028152466,327,5.844036697247707,9.657167126369133,2009-12-01,2011-12-09,2.2599388379204894,2.730697708616497,A,Z,lumpy,fast,False,False
22194,375,3212.0999999046326,140,2.6785714285714284,3.719031082030084,2009-12-01,2011-08-12,5.2785714285714285,1.9277608313349324,B,Z,lumpy,fast,False,False
22195,5127,9144.23991882801,393,13.045801526717558,17.032320384639252,2009-12-01,2011-12-09,1.8804071246819338,1.7045356992469385,A,Z,lumpy,fast,False,False
22196,6586,6141.1901316046715,454,14.506607929515418,21.580870043255118,2009-12-01,2011-12-09,1.6277533039647578,2.2131260591633097,A,Z,lumpy,fast,False,False
22197,88993,79520.20239627361,563,158.06927175843694,355.81838478483974,2009-12-01,2011-12-09,1.3126110124333925,5.067127857599126,A,Z,erratic,fast,False,False
22198,7331,12759.609953522682,273,26.853479853479854,36.14758042479036,2009-12-01,2011-02-21,2.706959706959707,1.8119963577918599,A,Z,lumpy,fast,False,False
22199,1828,7480.350040435791,283,6.459363957597173,22.66674092751021,2009-12-01,2011-12-09,2.6113074204946995,12.313985841394317,A,Z,lumpy,fast,False,True
22200,1298,5784.920013427734,249,5.21285140562249,9.55495962996443,2009-12-01,2011-12-09,2.967871485943775,3.3597504612578257,A,Z,lumpy,fast,False,False
22201,512,2034.3999984264374,141,3.631205673758865,12.228427855684549,2009-12-01,2011-12-08,5.24113475177305,11.340691975184845,B,Z,lumpy,fast,False,True
22202,1084,4336.250035762787,181,5.988950276243094,11.632802733972316,2009-12-02,2011-05-06,4.082872928176796,3.7728306565814727,B,Z,lumpy,fast,False,False
22203,1404,5469.510009527206,274,5.124087591240876,16.531220437840055,2009-12-01,2011-12-08,2.697080291970803,10.4082267302371,A,Z,lumpy,fast,False,False
22204,537,1974.2900075912476,133,4.037593984962406,12.504790606268868,2009-12-03,2011-12-08,5.556390977443609,9.591964399148939,B,Z,lumpy,fast,False,True
22206,14,11.820000171661377,10,1.4,0.9660917830792958,2010-06-07,2011-11-21,73.9,0.4761904761904761,C,Y,intermittent,slow,False,True
22207,3103,13298.569997787476,296,10.483108108108109,24.616923732175206,2009-12-01,2011-12-09,2.4966216216216215,5.514262434841272,A,Z,lumpy,fast,False,False
22208,2366,3036.9499616622925,259,9.135135135135135,10.210624932523743,2009-12-01,2011-12-08,2.853281853281853,1.2493228826971459,B,Z,lumpy,fast,False,False
22209,1415,1753.9399726390839,194,7.293814432989691,7.968283169544723,2009-12-03,2011-12-09,3.8092783505154637,1.1934936114142969,B,Z,lumpy,fast,False,False
22210,1586,1898.4199749827385,196,8.091836734693878,12.374984473189018,2009-12-02,2011-12-08,3.770408163265306,2.338810862058891,B,Z,lumpy,fast,False,False
22211,1531,2022.3499732017517,200,7.655,7.539908894055237,2009-12-01,2011-12-08,3.695,0.9701565193389012,B,Y,lumpy,fast,False,False
22212,4024,8642.299764156342,445,9.042696629213482,15.95151640423868,2009-12-01,2011-12-09,1.6606741573033708,3.1117738548603766,A,Z,lumpy,fast,False,False
22213,1,0.0,1,1.0,0.0,2010-01-04,2010-01-04,739.0,0.0,C,X,intermittent,slow,False,True
22214,549,1279.7899715304375,75,7.32,12.887412673046725,2009-12-01,2011-12-06,9.853333333333333,3.0996260974761363,B,Z,lumpy,medium,False,True
22215,1085,8809.930013179779,243,4.465020576131687,5.0355975274293465,2009-12-01,2011-12-09,3.0411522633744856,1.2719062285606872,A,Z,lumpy,fast,False,False
22216,1396,1215.8300195336342,97,14.391752577319588,20.35085824410061,2009-12-02,2011-12-09,7.618556701030927,1.9995768050104954,B,Z,lumpy,medium,False,False
22217,2374,2814.809973359108,164,14.475609756097562,21.697431704482952,2009-12-09,2011-12-09,4.5060975609756095,2.2466888343500813,B,Z,lumpy,fast,False,False
22218,1236,5365.660022735596,170,7.270588235294118,12.245408012941466,2009-12-01,2010-12-15,4.347058823529411,2.8366608952033516,A,Z,lumpy,fast,False,False
22219,9771,9270.480181574821,515,18.972815533980583,27.577750696839548,2009-12-01,2011-12-09,1.4349514563106796,2.1127792066377653,A,Z,lumpy,fast,False,False
22220,745,6885.43989109993,204,3.6519607843137254,4.681106146743015,2009-12-02,2011-12-09,3.622549019607843,1.6430272545749165,A,Z,lumpy,fast,False,False
22221,905,6702.329838752747,131,6.908396946564886,26.931665772035082,2009-12-17,2011-12-08,5.641221374045801,15.197489961093511,A,Z,lumpy,fast,False,True
22222,1489,6160.8399295806885,278,5.356115107913669,9.211071780030968,2009-12-01,2011-12-08,2.658273381294964,2.95747123790161,A,Z,lumpy,fast,False,True
22223,726,3359.6599702835083,148,4.905405405405405,6.521902228496363,2009-12-04,2011-12-06,4.993243243243243,1.7676600924427484,B,Z,lumpy,fast,False,False
22224,2373,7527.940032482147,274,8.66058394160584,9.809435972062696,2009-12-01,2011-12-09,2.697080291970803,1.2829027108668014,A,Z,lumpy,fast,False,False
22227,6021,4344.169866800308,387,15.55813953488372,16.791732626879327,2009-12-02,2011-12-09,1.9095607235142118,1.1648652680834664,B,Z,lumpy,fast,False,False
22228,1727,1456.600021481514,182,9.489010989010989,8.989704984121337,2009-12-03,2011-12-08,4.06043956043956,0.8975300132262516,B,Y,lumpy,fast,False,True
22229,1007,845.3000116348267,140,7.192857142857143,6.964345402542856,2009-12-04,2011-12-05,5.2785714285714285,0.9374707681423958,C,Y,lumpy,fast,False,True
22230,1657,1134.6400011181831,158,10.487341772151899,22.689748335162758,2009-12-02,2011-12-04,4.677215189873418,4.68089085653813,C,Z,lumpy,fast,False,False
22231,2135,2712.4800392985344,211,10.118483412322275,12.955976358549552,2009-12-01,2011-12-08,3.5023696682464456,1.6394925426537945,B,Z,lumpy,fast,False,False
22232,1109,1318.9899767637253,128,8.6640625,10.147942923118269,2009-12-01,2011-12-07,5.7734375,1.3718697462868934,B,Z,lumpy,fast,False,False
22233,949,1210.1099764704704,133,7.135338345864661,7.312071748544796,2009-12-09,2011-12-07,5.556390977443609,1.050150988398892,C,Z,lumpy,fast,False,False
22236,1980,13965.519918441772,257,7.7042801556420235,53.000351019320675,2009-12-10,2011-11-23,2.875486381322957,47.32529807226303,A,Z,lumpy,fast,False,True
22241,4349,5862.419977903366,201,21.63681592039801,38.94088388584608,2009-12-01,2011-11-23,3.6766169154228856,3.239104127192628,A,Z,lumpy,fast,False,True
22242,4766,7559.9100333452225,217,21.963133640552996,36.99435048642716,2009-12-10,2011-02-16,3.4055299539170507,2.837149396939903,A,Z,lumpy,fast,False,False
22243,7678,11860.250167250633,244,31.4672131147541,83.70575393355001,2009-12-13,2011-11-30,3.028688524590164,7.0761016324986805,A,Z,lumpy,fast,False,False
22244,4760,9101.96008014679,264,18.03030303030303,35.42118963548507,2009-12-09,2011-09-28,2.7992424242424243,3.859403927081905,A,Z,lumpy,fast,False,False
22245,4633,3988.850105404854,257,18.027237354085603,30.432610576133612,2009-12-09,2011-09-01,2.875486381322957,2.849837281738627,B,Z,lumpy,fast,False,False
22246,1081,2287.9500406980515,148,7.304054054054054,10.095232783321011,2009-12-01,2011-11-24,4.993243243243243,1.9103138229775918,B,Z,lumpy,fast,False,False
22247,1184,1022.790024459362,129,9.178294573643411,13.285594649611975,2009-12-13,2011-11-25,5.728682170542636,2.0952604306362406,C,Z,lumpy,fast,False,True
22248,1013,901.5000188946724,133,7.616541353383458,8.175834499628916,2009-12-02,2011-12-05,5.556390977443609,1.1522549286509223,C,Z,lumpy,fast,False,True
22249,1636,1434.6600323915482,154,10.623376623376624,10.42061677077569,2009-12-13,2011-12-08,4.798701298701299,0.9621918901048385,B,Y,lumpy,fast,False,True
22250,1521,1382.960022687912,187,8.133689839572192,12.862728049330174,2009-12-13,2011-12-08,3.9518716577540105,2.500869098250996,B,Z,lumpy,fast,False,False
22251,1871,2317.639968752861,213,8.784037558685446,16.182634783213896,2009-12-17,2011-12-08,3.4694835680751175,3.3939863994611876,B,Z,lumpy,fast,False,False
22252,956,1175.559984922409,100,9.56,12.382229038408065,2009-12-10,2011-12-09,7.39,1.6775747531511602,C,Z,lumpy,medium,False,False
22253,964,1158.2799768447876,59,16.338983050847457,36.474180839513046,2009-12-01,2010-04-08,12.525423728813559,4.983346088013825,C,Z,lumpy,medium,False,True
22254,1398,1792.2099902629852,121,11.553719008264462,18.841864032531003,2009-12-01,2011-12-07,6.107438016528926,2.6595253164988732,B,Z,lumpy,fast,False,True
22255,1185,1127.1100220680237,117,10.128205128205128,11.122777547508212,2009-12-01,2011-12-07,6.316239316239316,1.2060394830625067,C,Z,lumpy,fast,False,False
22256,933,1200.0699908733368,90,10.366666666666667,16.34353804887596,2009-12-07,2011-09-07,8.21111111111111,2.4855006912619864,C,Z,lumpy,medium,False,True
22257,419,345.4799984693527,49,8.551020408163266,21.29657760503023,2010-01-21,2011-10-30,15.081632653061224,6.202742446595014,C,Z,lumpy,medium,False,True
22258,1342,1291.0499863028526,90,14.911111111111111,26.16183189667273,2009-12-04,2011-11-25,8.21111111111111,3.07833789589191,B,Z,lumpy,medium,False,True
22259,590,482.9499971270561,54,10.925925925925926,22.10254988436031,2010-01-24,2011-04-26,13.685185185185185,4.092307458819577,C,Z,lumpy,medium,False,True
22260,1557,1594.7700285315514,162,9.61111111111111,25.688107793054318,2009-12-02,2011-12-09,4.561728395061729,7.1435984417780505,B,Z,lumpy,fast,False,True
22261,2105,2024.3500484228134,164,12.835365853658537,38.116108930320124,2009-12-01,2011-12-09,4.5060975609756095,8.818619708225082,B,Z,lumpy,fast,False,True
22262,2026,1947.8200376033783,206,9.83495145631068,11.006514334816003,2009-12-01,2011-12-06,3.587378640776699,1.2524349136709745,B,Z,lumpy,fast,False,True
22263,836,627.3800147175789,91,9.186813186813186,31.321597833483704,2009-12-06,2011-12-08,8.12087912087912,11.62406547850706,C,Z,lumpy,medium,False,True
22264,2014,1152.2200163006783,113,17.82300884955752,36.17892788639335,2009-12-14,2011-12-09,6.539823008849558,4.120494516290638,C,Z,lumpy,medium,False,True
22265,1843,1207.7999663352966,122,15.10655737704918,26.132784696321284,2009-12-02,2011-11-29,6.057377049180328,2.9925428082766525,C,Z,lumpy,fast,False,True
22266,2542,1040.1099717020988,124,20.5,59.57648633124679,2009-12-17,2011-12-07,5.959677419354839,8.445824446346784,C,Z,lumpy,fast,False,True
22267,1472,1291.469978928566,94,15.659574468085106,35.70023137525978,2009-12-07,2011-12-05,7.861702127659575,5.197352210881761,B,Z,lumpy,medium,False,True
22268,2554,1271.2900206446648,168,15.202380952380953,25.42137332722271,2009-12-13,2011-11-10,4.398809523809524,2.796242258105035,B,Z,lumpy,fast,False,False
22269,1521,1357.699981868267,166,9.162650602409638,13.10438474703767,2009-12-02,2011-12-07,4.451807228915663,2.045460132042846,B,Z,lumpy,fast,False,False
22270,685,2638.6700134277344,113,6.061946902654867,9.164453052264248,2009-12-03,2011-11-22,6.539823008849558,2.2855401003173927,B,Z,lumpy,medium,False,True
22271,4866,13921.730097770691,395,12.318987341772152,20.23603156726163,2009-12-01,2011-11-25,1.870886075949367,2.6983648970615715,A,Z,lumpy,fast,False,False
22272,1416,3848.3400251865387,197,7.187817258883249,12.728333082869732,2009-12-01,2011-05-22,3.751269035532995,3.1358047162894644,B,Z,lumpy,fast,False,False
22273,7355,20150.989954948425,405,18.160493827160494,85.75697540980967,2009-12-01,2011-12-09,1.8246913580246913,22.298908373151875,A,Z,lumpy,fast,False,True
22274,3773,10770.070048093796,355,10.628169014084508,21.201676081666722,2009-12-01,2011-12-08,2.0816901408450703,3.9794539724781957,A,Z,lumpy,fast,False,False
22275,947,7875.330034732819,173,5.473988439306359,9.001657776254097,2009-12-01,2010-12-02,4.271676300578035,2.7041902599000442,A,Z,lumpy,fast,False,False
22276,1889,4884.859886884689,245,7.710204081632653,14.459443633974356,2009-12-01,2011-12-08,3.016326530612245,3.5169923053447247,A,Z,lumpy,fast,False,False
22277,1400,2927.4899331331253,201,6.965174129353234,16.55245544004053,2009-12-01,2011-12-09,3.6766169154228856,5.647560581632651,B,Z,lumpy,fast,False,False
22278,1016,5959.5298891067505,262,3.877862595419847,6.139530727962169,2009-12-02,2011-12-09,2.8206106870229006,2.506602805351203,A,Z,lumpy,fast,False,False
22279,1440,2104.6199709177017,160,9.0,14.398637252079833,2009-12-02,2011-12-09,4.61875,2.5595154903330997,B,Z,lumpy,fast,False,False
22280,877,1248.739985883236,128,6.8515625,11.730631443993248,2009-12-01,2011-12-09,5.7734375,2.931322037527612,B,Z,lumpy,fast,False,False
22281,511,3285.8599700927734,104,4.913461538461538,15.59568684270089,2009-12-01,2011-12-07,7.105769230769231,10.07474100743311,B,Z,lumpy,medium,False,True
22282,561,7304.6899490356445,175,3.2057142857142855,12.105046512398186,2009-12-01,2011-12-08,4.222857142857142,14.258810586000878,A,Z,lumpy,fast,False,True
22283,1032,8533.089793205261,277,3.7256317689530687,10.06593264691953,2009-12-01,2011-12-08,2.667870036101083,7.299753311676068,A,Z,lumpy,fast,False,False
22284,2465,4017.739944577217,211,11.682464454976303,22.5041504233884,2009-12-03,2011-12-05,3.5023696682464456,3.7107039587745274,B,Z,lumpy,fast,False,False
22285,2793,4248.009982705116,185,15.097297297297297,37.111630124285654,2009-12-06,2011-12-05,3.9945945945945946,6.042569407732304,B,Z,lumpy,fast,False,True
22286,1937,2200.749967813492,140,13.835714285714285,28.966020955418138,2009-12-01,2011-12-01,5.2785714285714285,4.3830306838352255,B,Z,lumpy,fast,False,True
22287,1340,1435.7499803304672,100,13.4,32.43704080463593,2009-12-03,2011-12-01,7.39,5.8596659398619755,B,Z,lumpy,medium,False,True
22288,1310,1525.9899966716766,93,14.086021505376344,32.513092986076735,2009-12-01,2011-12-06,7.946236559139785,5.327701423602053,B,Z,lumpy,medium,False,True
22289,764,817.4799964427948,70,10.914285714285715,36.318535554792426,2009-12-01,2011-11-22,10.557142857142857,11.073018354998382,C,Z,lumpy,medium,False,True
22290,671,1223.0199601650238,49,13.693877551020408,42.27055914070723,2009-12-09,2010-04-01,15.081632653061224,9.528468549806291,B,Z,lumpy,medium,False,True
22291,3193,4412.930115699768,160,19.95625,35.221374812898674,2009-12-03,2011-11-25,4.61875,3.114976224611458,A,Z,lumpy,fast,False,True
22292,2779,3773.740096092224,159,17.47798742138365,41.502453256447836,2009-12-03,2011-11-25,4.647798742138365,5.6385143921236045,B,Z,lumpy,fast,False,True
22293,2034,2860.2000861167908,167,12.179640718562874,25.192345698601592,2009-12-02,2011-11-22,4.425149700598802,4.2782706924902625,B,Z,lumpy,fast,False,True
22294,16671,20629.379805088043,426,39.13380281690141,57.174024814635494,2009-12-01,2011-12-08,1.7347417840375587,2.1344865711641723,A,Z,lumpy,fast,False,False
22295,8413,13873.539898633957,345,24.38550724637681,34.06823383727679,2009-12-01,2011-12-08,2.1420289855072463,1.9518015173786998,A,Z,lumpy,fast,False,False
22296,9719,16027.55988073349,404,24.056930693069308,34.652965477177155,2009-12-01,2011-12-08,1.8292079207920793,2.074915322418279,A,Z,lumpy,fast,False,False
22297,13715,17702.61990094185,441,31.099773242630384,44.55174749091128,2009-12-01,2011-12-08,1.6757369614512472,2.0521780677833545,A,Z,lumpy,fast,False,False
22299,3912,4430.819938778877,147,26.612244897959183,44.61562613716014,2009-12-03,2011-12-09,5.0272108843537415,2.81067714227674,A,Z,lumpy,fast,False,False
22300,4117,9891.39979314804,324,12.70679012345679,26.062864288637797,2009-12-01,2011-12-09,2.2808641975308643,4.207000577884151,A,Z,lumpy,fast,False,False
22301,5012,12124.779726266861,364,13.76923076923077,27.058177062823862,2009-12-01,2011-12-09,2.03021978021978,3.861692702093209,A,Z,lumpy,fast,False,False
22302,4970,10492.449820756912,271,18.339483394833948,45.49630703481553,2009-12-01,2011-12-09,2.726937269372694,6.1542919764656965,A,Z,lumpy,fast,False,False
22303,5439,12701.629687786102,349,15.584527220630372,26.995676348525578,2009-12-01,2011-12-09,2.1174785100286533,3.0005520291047105,A,Z,lumpy,fast,False,False
22304,2380,4689.559920787811,144,16.52777777777778,51.06350693481344,2009-12-01,2011-12-09,5.131944444444445,9.54536073911259,A,Z,lumpy,fast,False,False
22305,2267,4711.529895782471,128,17.7109375,49.899134851785675,2009-12-01,2011-12-07,5.7734375,7.93785078604189,A,Z,lumpy,fast,False,False
22306,1621,2316.1999554634094,111,14.603603603603604,14.963761850355969,2009-12-09,2011-12-06,6.657657657657658,1.049932800077055,B,Z,lumpy,medium,False,True
22307,1199,1804.1099727153778,90,13.322222222222223,14.846652691089588,2009-12-07,2011-12-09,8.21111111111111,1.241948968212797,B,Z,lumpy,medium,False,True
22308,677,2085.0499725341797,162,4.179012345679013,8.347204925864755,2009-12-01,2011-12-09,4.561728395061729,3.9896504137247484,B,Z,lumpy,fast,False,False
22309,1331,3459.079917192459,202,6.589108910891089,14.254770701741357,2009-12-02,2011-12-09,3.6584158415841586,4.680228958826349,B,Z,lumpy,fast,False,False
22310,1739,3113.940010070801,171,10.169590643274853,21.414409919126477,2009-12-03,2011-12-08,4.321637426900585,4.434097927570864,B,Z,lumpy,fast,False,False
22311,2116,6755.559930086136,199,10.633165829145728,28.32319079652934,2009-12-01,2011-12-06,3.71356783919598,7.095110800472954,A,Z,lumpy,fast,False,True
22312,1233,4254.049985408783,197,6.258883248730965,11.11071301242467,2009-12-01,2011-12-08,3.751269035532995,3.151302972591369,B,Z,lumpy,fast,False,True
22313,985,3146.069975376129,113,8.716814159292035,25.8576007845126,2009-12-02,2011-12-09,6.539823008849558,8.799558405082772,B,Z,lumpy,medium,False,True
22314,1110,3888.479968070984,181,6.132596685082873,9.209541453043267,2009-12-02,2011-12-09,4.082872928176796,2.2552111300489686,B,Z,lumpy,fast,False,True
22315,2137,2749.509976387024,267,8.00374531835206,15.690737205120621,2009-12-01,2011-12-08,2.7677902621722845,3.8432636280680534,B,Z,lumpy,fast,False,False
22316,1257,1432.8199520111084,108,11.63888888888889,30.813414463564843,2009-12-09,2011-12-06,6.842592592592593,7.009008823889368,B,Z,lumpy,medium,False,True
22317,587,1827.6400151252747,141,4.163120567375887,3.5529145248758742,2009-12-04,2011-11-29,5.24113475177305,0.7283356060138065,B,Y,lumpy,fast,False,False
22318,1583,4983.980051279068,275,5.756363636363637,5.959925893466056,2009-12-01,2011-12-05,2.6872727272727275,1.0719765309158908,A,Z,lumpy,fast,False,False
22319,2987,1698.0399442911148,141,21.18439716312057,24.91115723551524,2009-12-01,2011-12-09,5.24113475177305,1.382787948920108,B,Z,lumpy,fast,False,True
22320,598,3545.0198879241943,151,3.9602649006622515,5.874102251637533,2009-12-01,2011-12-08,4.894039735099338,2.200060029157018,B,Z,lumpy,fast,False,False
22321,2528,2339.950049519539,234,10.803418803418804,14.598923657331946,2009-12-01,2011-12-08,3.158119658119658,1.8260776902860296,B,Z,lumpy,fast,False,False
22322,1617,1528.2100224494934,199,8.125628140703517,9.595311169882967,2009-12-02,2011-11-11,3.71356783919598,1.394454150873365,B,Z,lumpy,fast,False,True
22323,636,1683.31001663208,96,6.625,11.413058079973224,2009-12-03,2011-01-12,7.697916666666667,2.9677840025482003,B,Z,lumpy,medium,False,False
22324,664,1797.060021162033,130,5.107692307692307,10.037330441168693,2009-12-01,2011-12-09,5.684615384615385,3.86177520392582,B,Z,lumpy,fast,False,False
22325,699,3139.9899096488953,159,4.39622641509434,6.475874280376912,2009-12-01,2011-11-29,4.647798742138365,2.16988498730773,B,Z,lumpy,fast,False,True
22326,15461,44257.739970207214,487,31.747433264887064,50.71983756293645,2010-01-07,2011-12-09,1.517453798767967,2.5523396669507745,A,Z,lumpy,fast,False,False
22327,3074,9943.550060272217,376,8.175531914893616,13.41863529013459,2010-01-10,2011-12-09,1.9654255319148937,2.6939197977397558,A,Z,lumpy,fast,False,False
22328,12960,36170.30994415283,482,26.887966804979254,76.52749360157178,2010-01-07,2011-12-09,1.533195020746888,8.100634790377594,A,Z,lumpy,fast,False,False
22329,5159,8430.450023174286,360,14.330555555555556,25.553900862151572,2010-01-10,2011-12-09,2.0527777777777776,3.1797161813072026,A,Z,lumpy,fast,False,False
22330,302,197.90000581741333,19,15.894736842105264,38.79131451589834,2009-12-01,2010-02-07,38.89473684210526,5.956104508086877,C,Z,lumpy,slow,False,True
22331,3661,6011.570001721382,303,12.082508250825082,23.19118190587011,2009-12-02,2011-12-09,2.438943894389439,3.684101306589209,A,Z,lumpy,fast,False,False
22332,4158,6520.550056099892,279,14.903225806451612,56.787385463940176,2009-12-03,2011-12-05,2.6487455197132617,14.519216605127102,A,Z,lumpy,fast,False,False
22333,10030,15639.650171518326,411,24.40389294403893,60.06474055532711,2009-12-01,2011-12-07,1.7980535279805352,6.057884499311931,A,Z,lumpy,fast,False,False
22334,2232,3552.3600051403046,213,10.47887323943662,30.981366503473264,2009-12-03,2011-12-07,3.4694835680751175,8.741218276679385,B,Z,lumpy,fast,False,False
22335,8666,5644.769915699959,314,27.598726114649683,62.18223859828526,2009-12-01,2011-12-08,2.3535031847133756,5.076385938557181,A,Z,lumpy,fast,False,False
22336,4661,2234.95995670557,136,34.27205882352941,63.48968617456432,2009-12-01,2011-10-14,5.4338235294117645,3.4318316220378478,B,Z,lumpy,fast,False,True
22337,2473,1522.5199877023697,96,25.760416666666668,57.85294329803466,2009-12-01,2011-12-02,7.697916666666667,5.04365243336184,B,Z,lumpy,medium,False,True
22338,6087,2151.989958822727,137,44.43065693430657,61.96569207568172,2009-12-01,2011-12-09,5.394160583941606,1.9450785292853665,B,Z,lumpy,fast,False,True
22339,3521,1385.459971010685,95,37.06315789473684,53.588822772028,2009-12-02,2011-11-20,7.778947368421052,2.09056460788793,B,Z,lumpy,medium,False,True
22340,1799,1511.049968123436,106,16.971698113207548,17.160562510022135,2009-12-01,2011-12-09,6.971698113207547,1.0223802303855418,B,Z,lumpy,medium,False,True
22341,3467,5698.890004515648,190,18.24736842105263,71.67177440950098,2009-12-02,2011-12-08,3.889473684210526,15.427509830994683,A,Z,lumpy,fast,False,True
22342,1817,2521.2499829530716,196,9.270408163265307,11.375337327733535,2009-12-02,2011-12-09,3.770408163265306,1.5056736722935218,B,Z,lumpy,fast,False,False
22343,3297,1985.7400429844856,147,22.428571428571427,39.24196104744658,2009-12-02,2011-12-08,5.0272108843537415,3.061245642241731,B,Z,lumpy,fast,False,True
22344,1580,807.3200069665909,108,14.62962962962963,27.497355044458057,2009-12-02,2011-12-08,6.842592592592593,3.532768502531496,C,Z,lumpy,medium,False,True
22345,1466,710.600007802248,102,14.372549019607844,28.27514094427056,2009-12-02,2011-12-08,7.245098039215686,3.870276204581088,C,Z,lumpy,medium,False,True
22346,1300,612.6100076436996,86,15.116279069767442,30.926637520828763,2009-12-02,2011-12-08,8.593023255813954,4.185772363383225,C,Z,lumpy,medium,False,True
22347,2762,3119.179887533188,77,35.87012987012987,94.06875294297289,2009-12-01,2010-08-23,9.597402597402597,6.877409357623576,B,Z,lumpy,medium,False,True
22348,12532,10583.1202968359,449,27.910913140311806,53.83092820610086,2009-12-01,2011-12-09,1.645879732739421,3.719766221997744,A,Z,lumpy,fast,False,False
22349,2575,10551.669877052307,255,10.098039215686274,47.72908079588903,2009-12-01,2011-12-05,2.8980392156862744,22.34045608282375,A,Z,lumpy,fast,False,True
22350,2843,7883.439933538437,246,11.55691056910569,59.315369631302914,2009-12-01,2011-12-08,3.0040650406504064,26.342135358881293,A,Z,lumpy,fast,False,True
22351,15,29.809999465942383,3,5.0,6.082762530298219,2010-08-26,2011-06-29,246.33333333333334,1.4799999999999998,C,Z,lumpy,slow,False,True
22352,7092,17830.709557294846,478,14.836820083682008,22.161749204709142,2009-12-01,2011-12-09,1.5460251046025104,2.2311378870509553,A,Z,lumpy,fast,False,False
22353,3100,7917.889803171158,227,13.656387665198238,22.4228468977401,2009-12-01,2011-05-08,3.2555066079295156,2.695937563194679,A,Z,lumpy,fast,False,False
22354,2228,8454.560094356537,207,10.76328502415459,12.302300867397088,2009-12-02,2011-12-06,3.570048309178744,1.3064205580785146,A,Z,lumpy,fast,False,False
22355,31975,45377.56074333191,557,57.40574506283662,71.1434145551139,2009-12-01,2011-12-09,1.3267504488330342,1.535884986070946,A,Z,lumpy,fast,False,False
22356,20021,20871.90047287941,539,37.144712430426715,46.199718220194015,2009-12-01,2011-12-09,1.3710575139146568,1.5469798346180184,A,Z,lumpy,fast,False,False
22357,2089,9352.409987449646,292,7.154109589041096,41.498563924496345,2010-01-07,2011-12-09,2.530821917808219,33.647667131434396,A,Z,lumpy,fast,False,True
22358,2651,8393.610016345978,351,7.552706552706553,10.575007589159712,2010-01-06,2011-12-09,2.1054131054131053,1.9604517267512673,A,Z,lumpy,fast,False,False
22359,1384,4052.1800677776337,162,8.54320987654321,55.6831206251226,2010-03-11,2011-12-06,4.561728395061729,42.48200261841225,B,Z,lumpy,fast,False,True
22360,2609,7535.499968290329,277,9.418772563176896,17.64355430838321,2009-12-13,2011-12-08,2.667870036101083,3.5090013645590843,A,Z,lumpy,fast,False,False
22361,1954,6036.259978532791,306,6.38562091503268,14.730641281492808,2010-03-11,2011-12-09,2.415032679738562,5.321536456337257,A,Z,lumpy,fast,False,False
22362,854,2410.5300114154816,195,4.37948717948718,11.320521906277325,2010-03-11,2011-12-09,3.7897435897435896,6.681690888675066,B,Z,lumpy,fast,False,False
22363,885,2303.389997959137,153,5.784313725490196,15.94354397325903,2010-03-11,2011-12-08,4.830065359477124,7.597418467167625,B,Z,lumpy,fast,False,True
22364,2161,6498.610050439835,244,8.85655737704918,46.48456443257704,2010-03-11,2011-12-08,3.028688524590164,27.54784626854259,A,Z,lumpy,fast,False,True
22365,2333,15289.78979587555,292,7.989726027397261,28.87280847684354,2010-01-04,2011-12-08,2.530821917808219,13.059131209224986,A,Z,lumpy,fast,False,False
22366,2550,17242.29977083206,348,7.327586206896552,24.716761814968965,2010-01-04,2011-12-08,2.1235632183908044,11.3778779813129,A,Z,lumpy,fast,False,False
22367,8063,15778.670193910599,484,16.65909090909091,20.780662196500174,2010-01-10,2011-12-09,1.5268595041322315,1.5560235621523977,A,Z,lumpy,fast,False,False
22371,1840,8936.799998521805,368,5.0,6.100877678405501,2010-02-12,2011-12-09,2.0081521739130435,1.4888283378746596,A,Z,lumpy,fast,False,False
22372,611,3073.4299874305725,220,2.7772727272727273,3.1824908854201728,2010-02-11,2011-12-09,3.359090909090909,1.3130984182831176,B,Z,lumpy,fast,False,False
22374,1029,5099.839987277985,286,3.597902097902098,3.2739046601443476,2010-02-14,2011-12-09,2.5839160839160837,0.8280057885867491,A,Y,lumpy,fast,False,False
22375,595,2969.2900018692017,223,2.6681614349775784,2.8327587754921284,2010-02-14,2011-12-08,3.31390134529148,1.1271844318013378,B,Z,lumpy,fast,False,False
22376,531,2632.179995059967,196,2.7091836734693877,2.2763257274329396,2010-02-14,2011-12-08,3.770408163265306,0.7059792138920101,B,Y,lumpy,fast,False,False
22377,3618,6920.109918475151,276,13.108695652173912,36.35715456065056,2010-01-26,2011-12-08,2.677536231884058,7.692381451704231,A,Z,lumpy,fast,False,False
22378,3749,6826.509915590286,329,11.395136778115502,25.612415542769547,2010-01-25,2011-12-09,2.2462006079027357,5.051984317044786,A,Z,lumpy,fast,False,False
22379,15765,34640.83960235119,511,30.851272015655578,66.71400324347924,2010-01-25,2011-12-09,1.446183953033268,4.6761437516750455,A,Z,lumpy,fast,False,False
22380,4966,10217.659780740738,375,13.242666666666667,23.332112624040107,2010-01-22,2011-12-09,1.9706666666666666,3.1042538843196525,A,Z,lumpy,fast,False,False
22381,9265,19619.539693832397,469,19.754797441364605,40.96164564444632,2010-01-24,2011-12-09,1.5756929637526653,4.299417605884878,A,Z,lumpy,fast,False,False
22382,20249,34071.96988654137,540,37.49814814814815,38.42968178157737,2010-01-22,2011-12-08,1.3685185185185185,1.0503013784340571,A,Z,lumpy,fast,False,False
22383,25059,43254.349956035614,543,46.149171270718234,56.545330362845206,2010-01-22,2011-12-09,1.3609576427255985,1.5012937563308326,A,Z,lumpy,fast,False,False
22384,20785,34088.789919137955,544,38.2077205882353,42.12490257867056,2010-01-25,2011-12-09,1.3584558823529411,1.2155576495651077,A,Z,lumpy,fast,False,False
22385,17070,32433.499797344208,461,37.028199566160524,59.82344736998739,2010-01-29,2011-12-08,1.6030368763557483,2.6102234106100233,A,Z,lumpy,fast,False,False
22386,39437,76324.61950349808,537,73.43947858472998,96.50605389577169,2010-01-29,2011-12-09,1.3761638733705772,1.726831435964955,A,Z,lumpy,fast,False,False
22389,647,1245.5199780464172,80,8.0875,14.663477189641588,2010-03-30,2011-12-08,9.2375,3.2873454824509043,B,Z,lumpy,medium,False,True
22390,828,1448.519983291626,76,10.894736842105264,18.978991155041882,2009-12-22,2011-12-08,9.723684210526315,3.034678989007912,B,Z,lumpy,medium,False,True
22391,323,635.1899923086166,60,5.383333333333334,4.988432948014451,2010-03-30,2011-12-08,12.316666666666666,0.8586689012317776,C,Y,lumpy,medium,False,False
22393,834,1459.3699759244919,94,8.872340425531915,17.78862391249162,2010-03-26,2011-12-08,7.861702127659575,4.019835790685159,B,Z,lumpy,medium,False,True
22394,346,544.2899976968765,50,6.92,11.614276928480248,2010-04-06,2011-12-09,14.78,2.816904769860098,C,Z,lumpy,medium,False,True
22395,234,413.7599951028824,45,5.2,7.6917901923828085,2010-04-13,2011-12-08,16.42222222222222,2.1880043033889187,C,Z,lumpy,medium,False,True
22396,1895,1427.0799726247787,147,12.891156462585034,27.459342111590708,2010-03-26,2011-12-09,5.0272108843537415,4.537289568848057,B,Z,lumpy,fast,False,False
22398,4240,3687.4799706935883,265,16.0,17.411899449061906,2010-03-26,2011-12-09,2.788679245283019,1.1842743844696966,B,Z,lumpy,fast,False,False
22399,4042,4734.599899291992,201,20.109452736318406,58.46330439001036,2010-03-26,2011-12-02,3.6766169154228856,8.452130876048887,A,Z,lumpy,fast,False,True
22400,2450,2049.559981942177,174,14.080459770114942,28.56863488529606,2010-03-30,2011-12-07,4.247126436781609,4.116662897203239,B,Z,lumpy,fast,False,False
22402,3431,3012.7799327373505,183,18.74863387978142,58.46706770794325,2010-03-26,2011-12-08,4.038251366120218,9.724860268159103,B,Z,lumpy,fast,False,True
22403,1715,1195.8899841308594,165,10.393939393939394,16.714130493897557,2010-03-29,2011-12-07,4.4787878787878785,2.5858731501661927,C,Z,lumpy,fast,False,False
22405,1642,1993.3799903392792,160,10.2625,11.610820966753927,2010-03-26,2011-12-08,4.61875,1.2800281385566765,B,Z,lumpy,fast,False,False
22406,2487,3149.3499279022217,165,15.072727272727272,65.89122259510445,2010-03-26,2011-12-08,4.4787878787878785,19.110473582934883,B,Z,lumpy,fast,False,True
22407,438,521.1199941635132,68,6.4411764705882355,10.418672034067871,2010-03-26,2011-12-07,10.867647058823529,2.6163409511521643,C,Z,lumpy,medium,False,False
22408,650,798.6699962615967,79,8.227848101265822,11.220344808322809,2010-03-26,2011-12-06,9.354430379746836,1.859687088453953,C,Z,lumpy,medium,False,False
22409,1686,2290.4599566459656,135,12.488888888888889,65.52211278401812,2010-03-26,2011-12-06,5.474074074074074,27.525054169005017,B,Z,lumpy,fast,False,True
22410,1363,1667.4599957466125,153,8.908496732026144,9.305742056672225,2010-03-26,2011-12-08,4.830065359477124,1.0911718926246878,B,Z,lumpy,fast,False,False
22411,27282,57318.70993542671,540,50.522222222222226,58.6405789666684,2010-01-29,2011-12-09,1.3685185185185185,1.3471985585501545,A,Z,lumpy,fast,False,False
22412,2401,5140.819854974747,275,8.73090909090909,14.301764384124244,2010-01-29,2011-11-10,2.6872727272727275,2.6832448557612367,A,Z,lumpy,fast,False,False
22413,6976,19728.24014854431,437,15.963386727688787,71.9973466347804,2010-01-29,2011-12-08,1.6910755148741419,20.341497088808712,A,Z,lumpy,fast,False,False
22414,1192,7203.569897174835,181,6.585635359116022,32.47733591393079,2010-01-10,2011-12-08,4.082872928176796,24.320104316810056,A,Z,lumpy,fast,False,True
22415,317,2520.1499395370483,139,2.2805755395683454,2.455484181359065,2009-12-01,2011-01-26,5.316546762589928,1.1592720293417362,B,Z,lumpy,fast,False,True
22416,1970,2763.3600659370422,153,12.875816993464053,28.147244480784,2010-02-03,2011-12-04,4.830065359477124,4.778836586331712,B,Z,lumpy,fast,False,False
22417,21451,11159.900052130222,472,45.44703389830509,92.50549620266685,2010-01-31,2011-12-08,1.5656779661016949,4.14308635661595,A,Z,lumpy,fast,False,False
22418,12314,10417.730295062065,314,39.21656050955414,43.40386438697785,2010-05-06,2011-12-09,2.3535031847133756,1.2249483961386296,A,Z,lumpy,fast,False,False
22419,6847,3242.5899950563908,274,24.98905109489051,40.92873137349279,2010-05-07,2011-12-09,2.697080291970803,2.682606897079503,B,Z,lumpy,fast,False,True
22420,2111,1014.749990105629,168,12.56547619047619,19.33525212202272,2010-05-07,2011-12-09,4.398809523809524,2.3677823324972604,C,Z,lumpy,fast,False,True
22421,4723,2351.8599757552147,253,18.66798418972332,34.5836982580825,2010-05-06,2011-12-09,2.9209486166007905,3.432005837469813,B,Z,lumpy,fast,False,False
22422,2743,1760.9399693459272,227,12.083700440528634,24.431175652601624,2010-05-07,2011-12-09,3.2555066079295156,4.087792396359381,B,Z,lumpy,fast,False,False
22423,26495,330590.3160390854,514,51.54669260700389,53.8060081171951,2010-03-15,2011-12-09,1.4377431906614786,1.0895820398246912,A,Z,lumpy,fast,False,False
22424,1531,20886.889777183533,366,4.183060109289618,6.759819842917835,2010-05-16,2011-12-09,2.019125683060109,2.611451909881172,A,Z,lumpy,fast,False,False
22425,857,4321.5198802948,208,4.1201923076923075,5.093329535769362,2010-05-16,2011-12-08,3.5528846153846154,1.528159119555024,B,Z,lumpy,fast,False,False
22426,1361,5133.300023317337,252,5.400793650793651,6.331644374342793,2010-04-08,2011-12-08,2.9325396825396823,1.3744149148888074,A,Z,lumpy,fast,False,False
22427,3217,19273.27941799164,316,10.180379746835444,12.018334981533439,2010-05-14,2011-11-28,2.338607594936709,1.3936722506425592,A,Z,lumpy,fast,False,False
22428,479,3379.6699271202087,156,3.0705128205128207,2.940511650644579,2010-04-08,2011-12-08,4.737179487179487,0.9171153846424215,B,Y,lumpy,fast,False,False
22429,2294,9844.040009498596,334,6.868263473053892,15.147344745244114,2010-03-18,2011-12-09,2.212574850299401,4.863838276730711,A,Z,lumpy,fast,False,False
22430,1406,6761.379833221436,233,6.034334763948498,14.538848867343328,2010-05-14,2011-12-08,3.171673819742489,5.804986910117124,A,Z,lumpy,fast,False,False
22431,3375,6771.520107984543,337,10.014836795252226,13.32725968243014,2010-02-22,2011-12-08,2.192878338278932,1.7708997128486523,A,Z,lumpy,fast,False,False
22432,7737,6730.4200892448425,302,25.619205298013245,247.22410515185823,2010-02-18,2011-12-08,2.447019867549669,93.12157642572554,A,Z,lumpy,fast,False,True
22433,2778,5186.28005862236,264,10.522727272727273,18.5832689414137,2010-02-18,2011-12-08,2.7992424242424243,3.118800500476709,A,Z,lumpy,fast,False,True
22434,2547,4733.490059137344,203,12.54679802955665,35.65096928533303,2010-04-07,2011-12-08,3.6403940886699506,8.073779231874559,A,Z,lumpy,fast,False,True
22435,4915,6185.219966888428,319,15.407523510971787,18.95799908698983,2010-04-08,2011-12-07,2.316614420062696,1.5139771404899762,A,Z,lumpy,fast,False,False
22436,4216,2687.0499235391617,208,20.26923076923077,43.89870438576089,2010-04-07,2011-12-07,3.5528846153846154,4.690605096341876,B,Z,lumpy,fast,False,False
22437,6536,5457.970156669617,298,21.93288590604027,52.36419529168629,2010-04-07,2011-12-09,2.4798657718120807,5.700032197784032,A,Z,lumpy,fast,False,False
22438,1459,1913.220022559166,128,11.3984375,27.416398289658062,2010-04-11,2011-12-08,5.7734375,5.785356912840713,B,Z,lumpy,fast,False,True
22439,3891,2599.0099107027054,249,15.626506024096386,15.935133766182606,2010-04-08,2011-12-08,2.967871485943775,1.0398906169439768,B,Z,lumpy,fast,False,False
22440,8523,3399.4100095927715,210,40.58571428571429,144.47242675193291,2010-04-11,2011-12-06,3.519047619047619,12.671369296745317,B,Z,lumpy,fast,False,True
22441,2645,5729.56979227066,276,9.583333333333334,12.13456120993156,2010-03-23,2011-12-09,2.677536231884058,1.6033006358480828,A,Z,lumpy,fast,False,False
22442,866,4765.319938898087,124,6.983870967741935,28.867790549940732,2010-03-23,2011-12-09,5.959677419354839,17.085774788218465,A,Z,lumpy,fast,False,True
22443,683,5393.429891586304,181,3.773480662983425,5.690007179834524,2010-03-23,2011-08-05,4.082872928176796,2.2737429797677726,A,Z,lumpy,fast,False,True
22444,10678,13856.599934101105,215,49.665116279069764,64.70226159837352,2010-03-23,2011-06-15,3.437209302325581,1.6972116697940343,A,Z,lumpy,fast,False,False
22445,1287,3948.86003446579,197,6.532994923857868,7.118184363847935,2010-03-17,2011-12-08,3.751269035532995,1.1871724863732864,B,Z,lumpy,fast,False,False
22446,619,1751.9299855232239,141,4.390070921985815,4.9421988305458155,2010-03-18,2011-12-09,5.24113475177305,1.2673522916700066,B,Z,lumpy,fast,False,False
22447,248,796.3399846553802,69,3.5942028985507246,3.054980699754718,2010-03-23,2011-12-09,10.710144927536232,0.7224565977535654,C,Y,lumpy,medium,False,True
22448,753,2426.7299675941467,105,7.171428571428572,23.250912778963006,2010-03-18,2011-12-06,7.038095238095238,10.511595969783144,B,Z,lumpy,medium,False,True
22449,1324,4374.449906826019,203,6.522167487684729,7.676842587315627,2010-03-17,2011-11-24,3.6403940886699506,1.3854197571207003,A,Z,lumpy,fast,False,False
22450,834,2798.2799305915833,138,6.043478260869565,7.0170486498953695,2010-03-17,2011-11-28,5.355072463768116,1.3481401613992117,B,Z,lumpy,fast,False,False
22451,1358,4496.9899163246155,158,8.594936708860759,14.398353574793143,2010-03-17,2011-05-13,4.677215189873418,2.8063401023634724,A,Z,lumpy,fast,False,False
22452,1271,3358.1000217199326,176,7.221590909090909,9.778214255474978,2010-03-21,2011-12-06,4.198863636363637,1.8333835599248585,B,Z,lumpy,fast,False,False
22453,801,2212.9200139045715,112,7.151785714285714,10.242298641768919,2010-03-21,2011-12-08,6.598214285714286,2.0510010494440065,B,Z,lumpy,medium,False,False
22454,1405,3933.6300048828125,135,10.407407407407407,34.357709229906604,2010-03-19,2011-11-16,5.474074074074074,10.89841366992622,B,Z,lumpy,fast,False,True
22456,4573,21583.19975376129,392,11.665816326530612,30.613054983018063,2010-03-04,2011-12-09,1.885204081632653,6.88625458126037,A,Z,lumpy,fast,False,False
22457,15373,47288.230170726776,464,33.13146551724138,42.64021415371178,2010-03-04,2011-12-09,1.5926724137931034,1.6563704009947355,A,Z,lumpy,fast,False,False
22458,1531,3790.4699919223785,126,12.15079365079365,36.77892167213551,2010-03-04,2011-04-20,5.865079365079365,9.16196635694877,B,Z,lumpy,fast,False,True
22459,1451,3389.739974975586,129,11.248062015503876,31.248257703368424,2010-03-04,2011-04-27,5.728682170542636,7.717847818835937,B,Z,lumpy,fast,False,True
22460,4771,6283.869945764542,252,18.932539682539684,23.507382342575116,2010-03-08,2011-12-09,2.9325396825396823,1.5416677609488005,A,Z,lumpy,fast,False,False
22461,410,3607.8099870681763,118,3.4745762711864407,4.21172937744507,2010-03-07,2011-08-12,6.262711864406779,1.4693227982936483,B,Z,lumpy,fast,False,True
22464,7853,12985.309921264648,409,19.200488997555013,21.248273280606924,2010-03-04,2011-12-09,1.8068459657701712,1.2246802318629844,A,Z,lumpy,fast,False,False
22465,4522,7284.239952743053,275,16.443636363636365,20.775290309849503,2010-03-04,2011-12-09,2.6872727272727275,1.596241045989085,A,Z,lumpy,fast,False,False
22466,5312,9857.180146217346,245,21.681632653061225,47.17942588493121,2010-03-05,2011-12-09,3.016326530612245,4.735014786139114,A,Z,lumpy,fast,False,False
22467,12092,28059.479138851166,383,31.571801566579634,41.966197300396544,2010-03-04,2011-12-09,1.9295039164490861,1.766853361582954,A,Z,lumpy,fast,False,False
22468,1736,11542.5998544693,258,6.728682170542636,13.049294113314705,2010-03-08,2011-12-08,2.864341085271318,3.7610924565147883,A,Z,lumpy,fast,False,False
22469,27999,48935.10966742039,420,66.66428571428571,114.45852251092343,2010-04-22,2011-12-09,1.7595238095238095,2.947880068563292,A,Z,lumpy,fast,False,False
22470,17784,53506.130417108536,424,41.943396226415096,92.66221022894948,2010-04-22,2011-12-08,1.7429245283018868,4.880655159252947,A,Z,lumpy,fast,False,False
22471,627,2568.7599680423737,137,4.576642335766423,7.048907537109838,2010-03-11,2011-12-09,5.394160583941606,2.372191144262928,B,Z,lumpy,fast,False,True
22472,1109,5160.319917440414,180,6.161111111111111,16.683770553320773,2010-03-08,2011-12-08,4.105555555555555,7.332808357863603,A,Z,lumpy,fast,False,False
22473,813,3070.9199714660645,158,5.1455696202531644,10.31715283724617,2010-03-11,2011-12-08,4.677215189873418,4.020247690196366,B,Z,lumpy,fast,False,True
22474,974,4746.5299327373505,179,5.441340782122905,16.138817410383176,2010-03-08,2011-12-09,4.128491620111732,8.796938676118739,A,Z,lumpy,fast,False,False
22475,777,3856.7999498844147,194,4.005154639175258,9.132585524907238,2010-03-05,2011-12-08,3.8092783505154637,5.199348381415719,B,Z,lumpy,fast,False,False
22476,1333,5218.609987020493,196,6.801020408163265,43.16582455148792,2010-03-07,2011-12-09,3.770408163265306,40.283938686212316,A,Z,lumpy,fast,False,True
22477,2414,3356.7400155067444,204,11.833333333333334,36.0318915481631,2010-03-05,2011-12-08,3.622549019607843,9.27171186419146,B,Z,lumpy,fast,False,True
22478,2772,3848.4100177288055,221,12.542986425339366,34.89066309259147,2010-03-05,2011-12-09,3.3438914027149322,7.737782926148729,B,Z,lumpy,fast,False,True
22479,1939,2691.190015077591,165,11.751515151515152,39.98374762212554,2010-03-05,2011-12-08,4.4787878787878785,11.576553024066177,B,Z,lumpy,fast,False,True
22480,2368,2863.0599670410156,180,13.155555555555555,19.32949297245831,2010-03-05,2011-08-28,4.105555555555555,2.1588503515594706,B,Z,lumpy,fast,False,False
22481,1272,1309.8099959492683,165,7.709090909090909,8.363697821040951,2010-03-07,2011-12-09,4.4787878787878785,1.1770375898679333,B,Z,lumpy,fast,False,False
22482,2319,2739.4299507141113,153,15.156862745098039,23.57075508667546,2010-03-05,2011-07-05,4.830065359477124,2.4184012297663426,B,Z,lumpy,fast,False,False
22483,1883,5440.510017871857,240,7.845833333333333,13.637460074892312,2010-03-04,2011-12-08,3.0791666666666666,3.02126505628402,A,Z,lumpy,fast,False,False
22485,1101,14677.839881896973,282,3.904255319148936,4.1349198177223405,2010-03-05,2011-12-09,2.620567375886525,1.1216510400960862,A,Z,lumpy,fast,False,False
22486,104,856.4000000953674,37,2.810810810810811,2.8658704110990803,2010-03-08,2011-12-09,19.972972972972972,1.039560733070348,C,Z,lumpy,medium,False,True
22487,1634,16373.69973564148,409,3.9951100244498776,3.800796556105598,2010-03-05,2011-12-08,1.8068459657701712,0.9050899851063131,A,Y,lumpy,fast,False,False
22488,6905,11788.059959411621,401,17.219451371571072,20.74552290732279,2010-03-05,2011-12-09,1.8428927680798004,1.4514769768257647,A,Z,lumpy,fast,False,False
22489,17926,7548.6699205338955,371,48.318059299191376,69.37470660279222,2010-03-02,2011-12-09,1.9919137466307277,2.0615000701587585,A,Z,lumpy,fast,False,False
22491,7423,5950.000189840794,253,29.3399209486166,59.82927983346073,2010-05-06,2011-12-09,2.9209486166007905,4.158241148883784,A,Z,lumpy,fast,False,False
22492,43546,27817.58939564228,361,120.62603878116343,178.66391878511465,2010-05-06,2011-12-08,2.0470914127423825,2.1937724507547545,A,Z,lumpy,fast,False,False
22493,4738,7608.120010018349,260,18.223076923076924,41.82880450417974,2010-05-07,2011-12-08,2.8423076923076924,5.268748736468216,A,Z,lumpy,fast,False,False
22494,2765,3730.9199900627136,316,8.75,17.948183796342775,2010-01-29,2011-12-08,2.338607594936709,4.2075076125688335,B,Z,lumpy,fast,False,False
22495,940,2682.320015668869,175,5.371428571428571,10.003693899036282,2010-01-29,2011-12-09,4.222857142857142,3.4684958477076533,B,Z,lumpy,fast,False,False
22496,731,1996.0900191664696,151,4.841059602649007,6.4695107648433385,2010-01-29,2011-12-09,4.894039735099338,1.7859200802453772,B,Z,lumpy,fast,False,False
22497,929,4239.070013046265,206,4.509708737864078,7.961333563535356,2010-01-31,2011-12-05,3.587378640776699,3.1165539799553406,B,Z,lumpy,fast,False,False
22498,1147,6933.739822387695,261,4.394636015325671,9.72474094778987,2010-02-03,2011-12-09,2.8314176245210727,4.896776263370748,A,Z,lumpy,fast,False,False
22499,3596,21826.519401744008,358,10.044692737430168,14.523938022300745,2010-02-02,2011-12-07,2.064245810055866,2.090718013657174,A,Z,lumpy,fast,False,False
22500,580,2647.3099184036255,156,3.717948717948718,4.464620594789404,2010-01-31,2011-12-09,4.737179487179487,1.4419902573740937,B,Z,lumpy,fast,False,False
22501,2918,30339.360087394714,294,9.92517006802721,19.02381781265081,2010-05-21,2011-11-06,2.5136054421768708,3.6738332633430826,A,Z,lumpy,fast,False,True
22502,4012,60880.29967689514,311,12.90032154340836,16.1064913749831,2010-05-21,2011-09-25,2.3762057877813505,1.5588374041032578,A,Z,lumpy,fast,False,False
22503,141,3178.0200481414795,51,2.764705882352941,3.069776769044405,2010-04-30,2011-11-27,14.490196078431373,1.232865550022635,B,Z,lumpy,medium,False,False
22504,366,7985.030080795288,88,4.159090909090909,5.340985237012491,2010-05-04,2011-12-05,8.397727272727273,1.649095963231022,A,Z,lumpy,medium,False,False
22505,3773,18034.629613876343,381,9.902887139107612,18.842379921766156,2010-03-10,2011-12-09,1.9396325459317585,3.6203274526788056,A,Z,lumpy,fast,False,False
22507,5455,25603.459443092346,410,13.304878048780488,45.37119090261487,2010-03-11,2011-12-09,1.802439024390244,11.628897997538662,A,Z,lumpy,fast,False,False
22508,2880,11561.949968099594,366,7.868852459016393,38.96699358196021,2010-03-11,2011-12-08,2.019125683060109,24.52285302511416,A,Z,lumpy,fast,False,True
22509,387,5130.3601167202,138,2.8043478260869565,4.762779498325192,2010-03-10,2011-12-08,5.355072463768116,2.8844113365239394,A,Z,lumpy,fast,False,True
22510,316,821.5700014829636,78,4.051282051282051,6.670145612416755,2010-03-12,2011-12-08,9.474358974358974,2.7107263030192055,C,Z,lumpy,medium,False,True
22511,399,1046.6600035429,95,4.2,5.5708206355250285,2010-03-12,2011-12-08,7.778947368421052,1.7592994644666375,C,Z,lumpy,medium,False,True
22512,386,956.1700043678284,63,6.126984126984127,15.32707078414935,2010-03-12,2011-12-06,11.73015873015873,6.257845198702019,C,Z,lumpy,medium,False,True
22513,587,1894.7000039219856,140,4.192857142857143,10.673638897656904,2010-03-14,2011-12-09,5.2785714285714285,6.480445772615819,B,Z,lumpy,fast,False,False
22514,1090,2202.9199571609497,167,6.526946107784431,17.645373594578796,2010-03-28,2011-12-08,4.425149700598802,7.308725686349468,B,Z,lumpy,fast,False,True
22515,1052,2129.7399611473083,153,6.875816993464053,18.332571050856703,2010-03-28,2011-12-06,4.830065359477124,7.108830115084256,B,Z,lumpy,fast,False,True
22516,840,1700.5999763011932,123,6.829268292682927,20.507778339231088,2010-03-28,2011-12-08,6.008130081300813,9.017556666109071,B,Z,lumpy,fast,False,True
22517,806,1589.409977197647,120,6.716666666666667,20.05797619311544,2010-03-26,2011-12-06,6.158333333333333,8.917982822804825,B,Z,lumpy,fast,False,True
22518,1402,2899.7999551296234,158,8.873417721518987,19.690514440852386,2010-03-25,2011-05-17,4.677215189873418,4.9241613187159645,B,Z,lumpy,fast,False,True
22519,1431,2968.7699506282806,151,9.47682119205298,19.346949608688906,2010-03-25,2011-06-07,4.894039735099338,4.1677304984973,B,Z,lumpy,fast,False,True
22520,2297,2011.28005194664,200,11.485,13.705069120511213,2010-03-25,2011-05-17,3.695,1.4239687593724206,B,Z,lumpy,fast,False,True
22521,2289,1987.9300520420074,186,12.306451612903226,14.407492843780698,2010-03-25,2011-05-05,3.9731182795698925,1.3706012645255377,B,Z,lumpy,fast,False,True
22522,2240,1905.8100529909134,206,10.87378640776699,17.7863634318476,2010-03-25,2011-12-08,3.587378640776699,2.6755478860751616,B,Z,lumpy,fast,False,True
22523,2184,1882.2900505065918,206,10.601941747572816,13.98733908746798,2010-03-25,2011-12-08,3.587378640776699,1.7406016040899448,B,Z,lumpy,fast,False,True
22524,1952,2713.229980945587,177,11.028248587570621,11.977929219710669,2010-03-25,2011-05-24,4.175141242937853,1.1796424457327965,B,Z,lumpy,fast,False,True
22525,1950,2748.7899782657623,179,10.893854748603353,12.300311323415388,2010-03-25,2011-04-18,4.128491620111732,1.2748792323205456,B,Z,lumpy,fast,False,False
22526,546,6689.669952392578,150,3.64,8.383652997583606,2010-03-26,2011-12-09,4.926666666666667,5.30473656441648,A,Z,lumpy,fast,False,True
22528,10655,7623.409883260727,157,67.86624203821655,388.10628493284776,2010-03-26,2010-12-07,4.707006369426751,32.70346338902747,A,Z,lumpy,fast,False,True
22529,2437,984.0299901366234,123,19.8130081300813,37.20310880573568,2010-03-28,2011-12-08,6.008130081300813,3.5257996414010226,C,Z,lumpy,fast,False,False
22530,10065,4257.08995744586,263,38.26996197718631,89.84626039233412,2010-03-28,2011-12-08,2.8098859315589353,5.5116794209047715,B,Z,lumpy,fast,False,True
22531,8136,3507.759944140911,258,31.53488372093023,81.01184488612843,2010-03-31,2011-12-08,2.864341085271318,6.599553852710935,B,Z,lumpy,fast,False,False
22532,2862,1101.0999872684479,136,21.044117647058822,39.12636084904601,2010-03-28,2011-12-08,5.4338235294117645,3.4568256021341615,C,Z,lumpy,fast,False,False
22533,4579,1783.3599846363068,171,26.77777777777778,56.81598550716449,2010-03-28,2011-12-08,4.321637426900585,4.501860383622463,B,Z,lumpy,fast,False,False
22534,12954,5514.789931327105,319,40.608150470219435,83.9736784683111,2010-03-28,2011-12-08,2.316614420062696,4.276218976413732,A,Z,lumpy,fast,False,False
22535,4502,1862.4899587929249,210,21.438095238095237,29.742571364602068,2010-03-25,2011-12-02,3.519047619047619,1.924795668867517,B,Z,lumpy,fast,False,False
22536,9139,3586.239972025156,242,37.764462809917354,73.11809280440366,2010-03-28,2011-12-08,3.053719008264463,3.748720722818497,B,Z,lumpy,fast,False,False
22537,5909,2420.9099668860435,241,24.518672199170126,79.18154682897777,2010-03-29,2011-12-05,3.066390041493776,10.429273778708946,B,Z,lumpy,fast,False,True
22538,1443,610.4299821555614,80,18.0375,28.721907023002057,2010-03-28,2011-12-05,9.2375,2.5355597891717263,C,Z,lumpy,medium,False,False
22539,5654,2268.1299712359905,180,31.41111111111111,57.04901243656708,2010-03-26,2011-12-09,4.105555555555555,3.298600067880914,B,Z,lumpy,fast,False,False
22540,6162,2410.2899928987026,146,42.205479452054796,104.08855101559999,2010-03-28,2011-12-09,5.061643835616438,6.082305772437727,B,Z,lumpy,fast,False,False
22541,1245,503.91999730467796,58,21.46551724137931,46.14592244716425,2010-03-28,2011-12-06,12.741379310344827,4.621510541567383,C,Z,lumpy,medium,False,True
22543,3247,1281.4899927973747,99,32.7979797979798,70.57981150297516,2010-03-26,2011-12-08,7.4646464646464645,4.630914900043027,B,Z,lumpy,medium,False,False
22544,9382,3756.5199454426765,237,39.586497890295355,64.23538140075301,2010-03-25,2011-12-09,3.1181434599156117,2.6330217646800915,B,Z,lumpy,fast,False,False
22545,3451,1421.0599733293056,146,23.636986301369863,42.288154392092665,2010-03-26,2011-12-09,5.061643835616438,3.2007610666796644,B,Z,lumpy,fast,False,False
22546,4375,1760.7999792397022,144,30.381944444444443,66.70517499428266,2010-03-26,2011-12-08,5.131944444444445,4.8204538030198405,B,Z,lumpy,fast,False,False
22547,1980,846.8199772238731,150,13.2,21.039432457193453,2010-03-26,2011-12-08,4.926666666666667,2.5405057284251917,C,Z,lumpy,fast,False,False
22548,3530,4404.309993505478,255,13.843137254901961,22.7142230139346,2010-03-25,2011-11-16,2.8980392156862744,2.6923202707201983,A,Z,lumpy,fast,False,False
22549,6521,9718.410220623016,347,18.792507204610953,23.5755494801528,2010-03-25,2011-12-09,2.1296829971181555,1.5738168711946905,A,Z,lumpy,fast,False,False
22550,2061,7669.64000415802,271,7.605166051660516,17.825777502915148,2010-03-25,2011-12-08,2.726937269372694,5.493884958807583,A,Z,lumpy,fast,False,False
22551,15441,25912.870010614395,446,34.62107623318386,49.057612585071695,2010-03-25,2011-12-09,1.65695067264574,2.0078519647117785,A,Z,lumpy,fast,False,False
22553,7818,13013.149897098541,418,18.70334928229665,21.994506361778914,2010-03-25,2011-12-09,1.7679425837320575,1.38289647575233,A,Z,lumpy,fast,False,False
22554,13588,22853.71994328499,445,30.53483146067416,39.96717995088014,2010-03-25,2011-12-09,1.6606741573033708,1.7132311311716972,A,Z,lumpy,fast,False,False
22555,11549,18680.31993854046,410,28.16829268292683,56.86313916853299,2010-03-25,2011-12-09,1.802439024390244,4.075121988322633,A,Z,lumpy,fast,False,False
22556,13585,22334.079939246178,438,31.015981735159816,56.63878255294477,2010-03-25,2011-12-09,1.687214611872146,3.3346998869280373,A,Z,lumpy,fast,False,False
22557,10369,17401.29999780655,432,24.002314814814813,44.46680760283904,2010-03-25,2011-12-09,1.7106481481481481,3.43214515717934,A,Z,lumpy,fast,False,False
22558,18609,19513.169934868813,362,51.4060773480663,254.15562939247133,2010-04-13,2011-12-09,2.041436464088398,24.443902136083228,A,Z,lumpy,fast,False,True
22559,1587,1986.8699789643288,151,10.509933774834437,14.842222452480566,2010-03-25,2011-12-05,4.894039735099338,1.9943340947445414,B,Z,lumpy,fast,False,False
22560,14836,17861.709650993347,369,40.205962059620596,66.07757189724448,2010-03-25,2011-12-09,2.002710027100271,2.7010164851554284,A,Z,lumpy,fast,False,False
22561,11643,19524.26994252205,401,29.034912718204488,41.87330627087937,2010-03-25,2011-12-09,1.8428927680798004,2.07985691122867,A,Z,lumpy,fast,False,False
22562,3978,4682.299902439117,243,16.37037037037037,53.86678804230387,2010-03-24,2011-12-08,3.0411522633744856,10.827424154716242,A,Z,lumpy,fast,False,False
22563,5942,6923.849830150604,303,19.61056105610561,54.32822879853678,2010-03-24,2011-12-08,2.438943894389439,7.674870477519904,A,Z,lumpy,fast,False,False
22564,4570,5221.399841547012,223,20.493273542600896,64.93127829095087,2010-03-24,2011-12-08,3.31390134529148,10.03887927693265,A,Z,lumpy,fast,False,False
22565,2086,1902.1900475025177,202,10.326732673267326,13.036961547304353,2010-03-10,2011-12-09,3.6584158415841586,1.593774595097746,B,Z,lumpy,fast,False,True
22566,2836,2373.820068359375,208,13.634615384615385,53.16241774713526,2010-03-10,2011-12-09,3.5528846153846154,15.202802880135458,B,Z,lumpy,fast,False,True
22567,5561,6955.8299441337585,301,18.475083056478404,39.76577519773017,2010-03-26,2011-12-09,2.4551495016611296,4.632827257519964,A,Z,lumpy,fast,False,False
22568,5487,20244.97023653984,392,13.997448979591837,26.78382711656754,2010-03-10,2011-12-07,1.885204081632653,3.661402550696284,A,Z,lumpy,fast,False,False
22569,5521,20104.43023467064,356,15.508426966292134,35.383332382300296,2010-03-10,2011-10-25,2.0758426966292136,5.205494187592035,A,Z,lumpy,fast,False,False
22570,5678,20901.100286006927,361,15.728531855955678,35.268391424502184,2010-03-10,2011-11-18,2.0470914127423825,5.027996094985161,A,Z,lumpy,fast,False,False
22571,5780,5135.240126490593,192,30.104166666666668,33.20584038917151,2010-07-23,2011-12-09,3.8489583333333335,1.2166782169904156,A,Z,lumpy,fast,False,True
22572,3439,3087.180075764656,163,21.098159509202453,25.250403914120884,2010-07-22,2011-11-29,4.533742331288344,1.432344604421265,B,Z,lumpy,fast,False,True
22573,4907,4403.830105185509,172,28.52906976744186,52.39173490970598,2010-07-18,2011-12-09,4.296511627906977,3.372487416072969,A,Z,lumpy,fast,False,True
22574,5074,4629.170106887817,175,28.994285714285713,33.78677173348722,2010-07-18,2011-12-09,4.222857142857142,1.3579024345958828,A,Z,lumpy,fast,False,True
22575,3113,6699.710054397583,153,20.34640522875817,30.702374385601782,2010-07-18,2011-12-05,4.830065359477124,2.277028920647658,A,Z,lumpy,fast,False,True
22576,3132,2835.0800668001175,157,19.94904458598726,25.13802824059441,2010-07-18,2011-12-09,4.707006369426751,1.5878819707273846,B,Z,lumpy,fast,False,True
22577,14023,7154.53001499176,222,63.166666666666664,81.86222929543699,2010-07-18,2011-12-09,3.328828828828829,1.6795433411621563,A,Z,lumpy,fast,False,True
22578,13302,6419.239992380142,185,71.9027027027027,95.62080478574256,2010-07-18,2011-12-09,3.9945945945945946,1.7685378500716902,A,Z,lumpy,fast,False,True
22579,7167,3797.2800130844116,162,44.24074074074074,48.854303046466335,2010-07-18,2011-11-28,4.561728395061729,1.2194412006387598,B,Z,lumpy,fast,False,True
22580,2326,13141.07970237732,187,12.438502673796792,13.1087352433957,2010-07-20,2011-12-09,3.9518716577540105,1.1106708570358392,A,Z,lumpy,fast,False,True
22581,3565,2852.6300491690636,162,22.006172839506174,27.25004915684899,2010-07-18,2011-12-09,4.561728395061729,1.5333649816575137,B,Z,lumpy,fast,False,True
22582,2522,6324.769854784012,203,12.423645320197044,28.12538813835261,2010-03-10,2011-12-08,3.6403940886699506,5.125060074667338,A,Z,lumpy,fast,False,False
22583,1873,4955.749919652939,223,8.399103139013453,12.660408569156179,2010-03-10,2011-12-08,3.31390134529148,2.272111363568948,A,Z,lumpy,fast,False,False
22584,5222,13287.779682636261,316,16.525316455696203,30.760250451451896,2010-03-10,2011-12-08,2.338607594936709,3.4648159075418437,A,Z,lumpy,fast,False,False
22585,17558,21977.29971218109,393,44.67684478371501,58.169964707749685,2010-03-10,2011-12-09,1.8804071246819338,1.6952455459259919,A,Z,lumpy,fast,False,False
22586,2087,1815.1400476694107,203,10.280788177339902,15.012700081335693,2010-03-10,2011-12-09,3.6403940886699506,2.1323809532664093,B,Z,lumpy,fast,False,False
22587,2112,1841.1900472640991,206,10.25242718446602,16.47509188492202,2010-03-10,2011-12-08,3.587378640776699,2.582273889112859,B,Z,lumpy,fast,False,True
22588,2849,7776.839909553528,225,12.662222222222223,18.57084996046137,2010-07-16,2011-12-08,3.2844444444444445,2.151016293901641,A,Z,lumpy,fast,False,False
22589,1317,3626.7799677848816,133,9.902255639097744,11.10614398733813,2010-07-16,2011-12-09,5.556390977443609,1.2579353779456521,B,Z,lumpy,fast,False,True
22591,1383,3854.14995098114,120,11.525,17.212445419257676,2010-07-16,2011-12-09,6.158333333333333,2.230505426275424,B,Z,lumpy,fast,False,True
22592,1980,7956.840040206909,152,13.026315789473685,36.40190435459851,2010-07-27,2011-12-09,4.8618421052631575,7.809172276649695,A,Z,lumpy,fast,False,True
22593,5420,4823.90011548996,184,29.456521739130434,31.857405327088205,2010-07-16,2011-12-09,4.016304347826087,1.1696552520543049,A,Z,lumpy,fast,False,True
22594,4791,4377.330095887184,180,26.616666666666667,27.85643060869399,2010-07-18,2011-12-09,4.105555555555555,1.0953265199915543,A,Z,lumpy,fast,False,True
22595,12535,10544.320296168327,301,41.64451827242525,115.47052962343754,2010-07-16,2011-12-08,2.4551495016611296,7.688234655969533,A,Z,lumpy,fast,False,True
22596,6379,6471.200065851212,165,38.660606060606064,43.676540693460666,2010-07-16,2011-12-09,4.4787878787878785,1.2763187563299885,A,Z,lumpy,fast,False,True
22597,4613,2766.0800350904465,156,29.57051282051282,37.573860539800144,2010-07-25,2011-12-09,4.737179487179487,1.6145590217334986,B,Z,lumpy,fast,False,True
22598,1790,1131.8500146567822,92,19.456521739130434,27.48562583113568,2010-07-26,2011-12-09,8.032608695652174,1.9956338084686147,C,Z,lumpy,medium,False,True
22599,3119,1976.8800172805786,110,28.354545454545455,34.33365331262453,2010-07-25,2011-12-09,6.718181818181818,1.4662048636404215,B,Z,lumpy,medium,False,True
22600,4860,4209.900108575821,185,26.27027027027027,31.538493258108787,2010-07-16,2011-12-09,3.9945945945945946,1.4412947367035616,B,Z,lumpy,fast,False,True
22601,5250,4547.190118074417,188,27.925531914893618,53.36299652485115,2010-07-18,2011-12-09,3.9308510638297873,3.6515521656905188,A,Z,lumpy,fast,False,True
22602,6383,5415.590150237083,249,25.634538152610443,36.02394717473272,2010-07-16,2011-12-09,2.967871485943775,1.9748385647236466,A,Z,lumpy,fast,False,False
22603,4143,3552.0900939702988,171,24.228070175438596,43.12445090959269,2010-07-16,2011-12-08,4.321637426900585,3.1681775408886947,B,Z,lumpy,fast,False,True
22604,4577,4957.619868755341,172,26.61046511627907,196.50890046004605,2010-07-16,2011-12-08,4.296511627906977,54.53301634890842,A,Z,lumpy,fast,False,True
22605,1828,23426.819781303406,315,5.803174603174603,12.391927311813278,2010-04-08,2011-12-08,2.346031746031746,4.559806773281147,A,Z,lumpy,fast,False,False
22606,1079,14881.939890861511,229,4.711790393013101,13.84009211857381,2010-04-08,2011-12-08,3.2270742358078603,8.627918554934743,A,Z,lumpy,fast,False,True
22607,2553,22906.539875030518,294,8.683673469387756,11.796855836195352,2010-04-08,2011-12-08,2.5136054421768708,1.8455489793334345,A,Z,lumpy,fast,False,True
22608,5735,1573.8099918961525,124,46.25,79.85878033596535,2010-02-26,2011-12-09,5.959677419354839,2.981411154067712,B,Z,lumpy,fast,False,False
22609,7087,2414.5400089621544,150,47.24666666666667,42.58649889510967,2010-02-23,2011-12-08,4.926666666666667,0.812459137759524,B,Y,lumpy,fast,False,False
22610,12680,5107.540073633194,201,63.08457711442786,109.55408623572775,2010-02-25,2011-12-07,3.6766169154228856,3.015857168819473,A,Z,lumpy,fast,False,False
22611,907,4338.629884719849,135,6.718518518518518,7.660376682850651,2010-03-28,2011-11-25,5.474074074074074,1.3000295205787964,B,Z,lumpy,fast,False,False
22612,1001,3984.9899349212646,74,13.527027027027026,49.85904047480008,2010-03-28,2010-09-28,9.986486486486486,13.585734315497705,B,Z,lumpy,medium,False,True
22613,3051,2419.7600470781326,203,15.029556650246306,28.13720121790235,2010-05-06,2011-12-09,3.6403940886699506,3.504850140719586,B,Z,lumpy,fast,False,False
22614,5726,1954.2999489307404,231,24.78787878787879,22.868110134706576,2010-05-06,2011-12-09,3.1991341991341993,0.8511024147600637,B,Y,lumpy,fast,False,False
22615,3718,1145.8799703419209,154,24.142857142857142,42.066307535745004,2010-05-06,2011-12-09,4.798701298701299,3.035927917611497,C,Z,lumpy,fast,False,False
22616,39351,12460.159789562225,371,106.06738544474393,215.63809343161358,2010-05-06,2011-12-09,1.9919137466307277,4.133207791488632,A,Z,lumpy,fast,False,False
22617,4252,20546.989477157593,397,10.710327455919396,22.205177736889343,2010-03-14,2011-12-09,1.8614609571788414,4.298362209360162,A,Z,lumpy,fast,False,False
22618,718,6984.349844932556,149,4.818791946308725,6.219035394130523,2010-03-14,2011-05-06,4.959731543624161,1.6655961386546179,A,Z,lumpy,fast,False,False
22619,4091,15620.090114355087,327,12.510703363914374,19.618423835727477,2010-05-07,2011-12-09,2.2599388379204894,2.4590353493163746,A,Z,lumpy,fast,False,False
22620,8182,11073.450062274933,357,22.9187675070028,34.93592225267902,2010-05-09,2011-12-09,2.070028011204482,2.323602883503828,A,Z,lumpy,fast,False,False
22621,8902,13784.320086240768,343,25.9533527696793,28.78866602254515,2010-05-06,2011-12-09,2.1545189504373177,1.2304278233646329,A,Z,lumpy,fast,False,False
22622,2945,29450.10967540741,300,9.816666666666666,16.523512857320704,2010-05-07,2011-12-09,2.4633333333333334,2.833196369564694,A,Z,lumpy,fast,False,False
22623,2313,12432.279650688171,283,8.173144876325088,12.257363672020027,2010-05-06,2011-12-07,2.6113074204946995,2.249136164875955,A,Z,lumpy,fast,False,False
22624,3184,27282.72999048233,411,7.746958637469587,8.332669132630595,2010-05-04,2011-12-09,1.7980535279805352,1.1569265845828909,A,Z,lumpy,fast,False,False
22625,2647,22911.549968242645,381,6.94750656167979,8.832200377213276,2010-05-04,2011-12-09,1.9396325459317585,1.6161434094431042,A,Z,lumpy,fast,False,False
22626,843,7167.480004310608,233,3.6180257510729614,5.1019791172766595,2010-04-30,2011-12-08,3.171673819742489,1.988538694183427,A,Z,lumpy,fast,False,False
22627,1613,14016.799981832504,326,4.947852760736196,5.384911540429788,2010-05-04,2011-12-09,2.266871165644172,1.1844687636639657,A,Z,lumpy,fast,False,False
22628,1744,8367.799843788147,224,7.785714285714286,18.18511122703201,2010-07-01,2011-12-09,3.299107142857143,5.455505511871647,A,Z,lumpy,fast,False,False
22629,20807,37955.50016236305,405,51.37530864197531,79.23890672720583,2010-07-01,2011-12-09,1.8246913580246913,2.3788554975790777,A,Z,lumpy,fast,False,False
22630,18122,33380.83016061783,406,44.635467980295566,80.23404113093272,2010-07-01,2011-12-09,1.8201970443349753,3.2311502141064032,A,Z,lumpy,fast,False,False
22631,6275,12241.850125312805,326,19.24846625766871,30.854141935297335,2010-03-14,2011-12-09,2.266871165644172,2.5694175483514927,A,Z,lumpy,fast,False,False
22632,10295,20540.329579353333,152,67.73026315789474,168.15394123316935,2010-09-20,2011-12-09,4.8618421052631575,6.163800528307515,A,Z,lumpy,fast,False,True
22633,8541,17576.66949558258,153,55.8235294117647,63.07745005849833,2010-10-07,2011-12-09,4.830065359477124,1.2767729549489726,A,Z,lumpy,fast,False,True
22634,1688,15946.549823760986,286,5.9020979020979025,7.76389727176512,2010-05-20,2011-12-09,2.5839160839160837,1.7304009403013827,A,Z,lumpy,fast,False,False
22635,1660,15795.009822845459,263,6.311787072243346,9.183131203602631,2010-05-20,2011-12-07,2.8098859315589353,2.1167857320941996,A,Z,lumpy,fast,False,False
22636,1619,13437.030017852783,278,5.823741007194244,8.280367653758919,2010-05-20,2011-12-08,2.658273381294964,2.0215995613385944,A,Z,lumpy,fast,False,False
22637,4480,11492.819762468338,322,13.91304347826087,44.00819681570772,2010-05-20,2011-11-27,2.2950310559006213,10.005132946359037,A,Z,lumpy,fast,False,True
22638,2965,735.2299911975861,60,49.416666666666664,329.76911757160474,2010-07-16,2011-12-08,12.316666666666666,44.53208912913019,C,Z,lumpy,medium,False,True
22639,4211,4021.1199112534523,182,23.13736263736264,189.33363177518854,2010-07-16,2011-12-08,4.06043956043956,66.96190867559412,B,Z,lumpy,fast,False,True
22640,2923,765.3899902701378,78,37.47435897435897,289.3919161831946,2010-06-24,2011-12-08,9.474358974358974,59.63543144259159,C,Z,lumpy,medium,False,True
22641,2860,704.899987757206,64,44.6875,319.4812201053452,2010-07-16,2011-12-07,11.546875,51.11149102645607,C,Z,lumpy,medium,False,True
22642,3549,2348.4699454903603,102,34.794117647058826,252.81873670363447,2010-07-16,2011-12-08,7.245098039215686,52.79670976653294,B,Z,lumpy,medium,False,True
22643,3024,1006.2399835586548,79,38.278481012658226,287.43315551614916,2010-07-16,2011-12-08,9.354430379746836,56.385097318050356,C,Z,lumpy,medium,False,True
22644,4858,7069.880157589912,311,15.620578778135048,24.22709948263214,2010-05-14,2011-12-09,2.3762057877813505,2.4055179523602104,A,Z,lumpy,fast,False,False
22645,5561,9925.130211949348,333,16.6996996996997,20.17229774455777,2010-05-14,2011-12-09,2.219219219219219,1.4591280836960918,A,Z,lumpy,fast,False,False
22646,8918,12654.710248708725,367,24.29972752043597,34.87123189870417,2010-05-14,2011-12-09,2.0136239782016347,2.059357626780651,A,Z,lumpy,fast,False,False
22647,1059,919.630005478859,74,14.31081081081081,17.884657598505257,2010-05-14,2011-12-08,9.986486486486486,1.561826470826315,C,Z,lumpy,medium,False,True
22649,2308,11541.779688835144,271,8.51660516605166,9.47153147238701,2010-05-14,2011-12-05,2.726937269372694,1.236822525445588,A,Z,lumpy,fast,False,False
22650,1787,2717.8800637722015,197,9.071065989847716,11.106856926990806,2010-05-14,2011-12-09,3.751269035532995,1.499221157137476,B,Z,lumpy,fast,False,False
22651,3175,2720.8600711226463,178,17.837078651685392,36.42811009339943,2010-07-20,2011-12-09,4.151685393258427,4.170862052946704,B,Z,lumpy,fast,False,False
22652,9912,16794.049998998642,324,30.59259259259259,61.91200742365484,2010-07-18,2011-11-15,2.2808641975308643,4.09559689552653,A,Z,lumpy,fast,False,False
22653,3031,5618.210073471069,230,13.178260869565218,22.240418309222612,2010-07-19,2011-12-09,3.2130434782608694,2.8481948848493976,A,Z,lumpy,fast,False,False
22654,2534,16971.26964187622,275,9.214545454545455,12.949134319652448,2010-07-19,2011-12-09,2.6872727272727275,1.9748478345484541,A,Z,lumpy,fast,False,False
22655,112,12845.0,46,2.4347826086956523,3.9024332803068367,2010-07-09,2011-11-01,16.065217391304348,2.568920068027211,A,Z,lumpy,medium,False,True
22656,74,9290.0,35,2.1142857142857143,3.3499027955294163,2010-07-09,2011-10-12,21.114285714285714,2.510366089459889,A,Z,lumpy,medium,False,True
22657,124,50.15000140666962,9,13.777777777777779,18.362855018881035,2010-01-29,2010-03-21,82.11111111111111,1.7763234911550467,C,Z,lumpy,slow,False,True
22659,15942,29563.809986114502,392,40.66836734693877,76.37414446727163,2010-03-14,2011-12-09,1.885204081632653,3.526787080497512,A,Z,lumpy,fast,False,False
22660,881,5839.40992641449,143,6.160839160839161,20.915541209339583,2010-06-28,2011-12-07,5.1678321678321675,11.525465413185382,A,Z,lumpy,fast,False,True
22661,8199,6620.45020711422,308,26.62012987012987,38.34620940691328,2010-07-19,2011-12-08,2.3993506493506493,2.075030761695892,A,Z,lumpy,fast,False,False
22662,9951,16213.610019803047,370,26.894594594594594,38.38596207630529,2010-07-19,2011-12-09,1.9972972972972973,2.03711175788672,A,Z,lumpy,fast,False,False
22663,5764,11465.289953231812,321,17.956386292834893,28.449593000609184,2010-07-19,2011-12-09,2.3021806853582554,2.5102341644574984,A,Z,lumpy,fast,False,False
22664,1429,2954.189939022064,185,7.724324324324324,13.72377747397238,2010-07-22,2011-12-09,3.9945945945945946,3.1566492948029445,B,Z,lumpy,fast,False,False
22665,2964,9589.84004664421,304,9.75,14.078633484542419,2010-07-11,2011-11-25,2.4309210526315788,2.0850274376550058,A,Z,lumpy,fast,False,False
22666,10728,33682.62012338638,414,25.91304347826087,48.0928498046964,2010-07-09,2011-12-09,1.785024154589372,3.4444840464289856,A,Z,lumpy,fast,False,False
22667,4845,13586.35004734993,322,15.046583850931677,28.818169958513064,2010-07-09,2011-12-09,2.2950310559006213,3.668233538481876,A,Z,lumpy,fast,False,False
22668,3587,10898.050023555756,302,11.87748344370861,15.747010145726883,2010-07-07,2011-12-08,2.447019867549669,1.7577105003840536,A,Z,lumpy,fast,False,False
22669,2386,7613.940046787262,245,9.738775510204082,10.453111865602878,2010-07-06,2011-12-08,3.016326530612245,1.1520795990688082,A,Z,lumpy,fast,False,False
22670,4432,5510.569937467575,248,17.870967741935484,64.68177696325651,2010-08-17,2011-12-09,2.9798387096774195,13.099892845438513,A,Z,lumpy,fast,False,True
22671,1688,2811.3399851322174,180,9.377777777777778,18.128700525510297,2010-08-17,2011-12-08,4.105555555555555,3.7370892952531696,B,Z,lumpy,fast,False,False
22672,2850,4736.109969854355,222,12.837837837837839,20.369456568960317,2010-08-17,2011-12-08,3.328828828828829,2.5175326656722756,A,Z,lumpy,fast,False,False
22673,1320,1667.499992609024,144,9.166666666666666,11.549225748274875,2010-08-17,2011-12-08,5.131944444444445,1.587387158296249,B,Z,lumpy,fast,False,False
22674,2377,2956.3299736976624,203,11.70935960591133,18.910923583368,2010-08-17,2011-12-08,3.6403940886699506,2.6083099120829853,B,Z,lumpy,fast,False,False
22675,2227,2754.949973344803,174,12.798850574712644,21.87430722537881,2010-08-17,2011-12-08,4.247126436781609,2.920967181578473,B,Z,lumpy,fast,False,False
22676,1856,2464.9800045490265,206,9.009708737864077,10.985129767659258,2010-08-17,2011-12-09,3.587378640776699,1.486582035215046,B,Z,lumpy,fast,False,False
22677,1600,2143.0300047397614,187,8.556149732620321,9.927197470175972,2010-08-17,2011-12-02,3.9518716577540105,1.346159652217742,B,Z,lumpy,fast,False,False
22678,1421,1875.5300035476685,185,7.681081081081081,8.382883630073048,2010-08-17,2011-12-08,3.9945945945945946,1.1910834103119639,B,Z,lumpy,fast,False,False
22679,1284,1695.6800031661987,174,7.379310344827586,7.880966137935831,2010-08-17,2011-12-08,4.247126436781609,1.1405842547775331,B,Z,lumpy,fast,False,False
22680,1368,1820.4500041007996,172,7.953488372093023,8.60015908562799,2010-08-17,2011-12-08,4.296511627906977,1.1692238587531614,B,Z,lumpy,fast,False,False
22681,1185,1559.5200028419495,157,7.547770700636943,7.62119670584194,2010-08-17,2011-12-05,4.707006369426751,1.019550979621481,B,Z,lumpy,fast,False,False
22682,1178,1521.8600018024445,144,8.180555555555555,7.954989442598717,2010-08-17,2011-12-06,5.131944444444445,0.945613401475111,B,Y,lumpy,fast,False,False
22683,1150,1501.660002231598,157,7.32484076433121,7.899380501927037,2010-08-17,2011-12-02,4.707006369426751,1.1630267170762443,B,Z,lumpy,fast,False,False
22684,1020,1342.4400022029877,136,7.5,7.591418156683876,2010-08-17,2011-12-09,5.4338235294117645,1.0245267489711931,B,Z,lumpy,fast,False,False
22685,1091,1395.8400015830994,132,8.265151515151516,8.448189515140992,2010-08-17,2011-12-08,5.598484848484849,1.0447819393933484,B,Z,lumpy,fast,False,False
22686,1432,1857.3899865150452,175,8.182857142857143,16.41595603306352,2010-08-17,2011-12-08,4.222857142857142,4.024597211475096,B,Z,lumpy,fast,False,False
22687,940,5784.669898986816,86,10.930232558139535,51.05655242794635,2010-06-28,2011-12-08,8.593023255813954,21.81946848454185,A,Z,lumpy,medium,False,True
22688,882,4756.69992351532,73,12.082191780821917,73.92671923838904,2010-06-28,2011-12-08,10.123287671232877,37.437894532970674,A,Z,lumpy,medium,False,True
22689,1148,8366.719882965088,143,8.027972027972028,19.9534472491841,2010-06-28,2011-12-07,5.1678321678321675,6.177662430775696,A,Z,lumpy,fast,False,True
22690,2545,15836.34979057312,255,9.980392156862745,31.21483230374815,2010-06-28,2011-12-08,2.8980392156862744,9.781980657434008,A,Z,lumpy,fast,False,False
22691,759,5198.5999212265015,165,4.6,14.530791528303764,2010-06-28,2011-12-08,4.4787878787878785,9.978445294849928,A,Z,lumpy,fast,False,True
22692,2154,15965.949785232544,311,6.92604501607717,19.412275716700318,2010-06-28,2011-12-08,2.3762057877813505,7.855652832087972,A,Z,lumpy,fast,False,False
22693,17875,20469.079778432846,205,87.1951219512195,270.8524143666524,2010-08-05,2011-12-09,3.604878048780488,9.648971943783616,A,Z,lumpy,fast,False,False
22694,4893,10958.599650859833,274,17.857664233576642,23.956573111712174,2010-07-29,2011-12-09,2.697080291970803,1.7996998580286565,A,Z,lumpy,fast,False,True
22695,1457,2070.1500380039215,144,10.118055555555555,11.569489975387778,2010-07-29,2011-12-09,5.131944444444445,1.307477755673553,B,Z,lumpy,fast,False,True
22696,1421,2790.830048084259,175,8.12,10.020805941846092,2010-07-29,2011-12-07,4.222857142857142,1.5229766514010585,B,Z,lumpy,fast,False,True
22697,9799,30425.049931049347,382,25.651832460732983,26.90591626327949,2010-08-11,2011-12-09,1.9345549738219896,1.1001674281910914,A,Z,lumpy,fast,False,False
22698,8194,24374.61999630928,323,25.36842105263158,33.96532566455359,2010-08-11,2011-12-09,2.2879256965944275,1.7926053634028551,A,Z,lumpy,fast,False,False
22699,13071,38249.49989795685,377,34.6710875331565,57.20974880782601,2010-08-11,2011-12-09,1.960212201591512,2.722733613137378,A,Z,lumpy,fast,False,False
22700,1384,3155.400021791458,81,17.08641975308642,63.344336276194454,2010-07-01,2011-10-07,9.123456790123457,13.744009207207055,B,Z,lumpy,medium,False,True
22701,675,1320.5700143575668,121,5.578512396694215,10.549685671554156,2010-06-22,2011-12-09,6.107438016528926,3.5763682853223595,B,Z,lumpy,fast,False,False
22702,1589,3156.3200657367706,83,19.14457831325301,97.91834982495345,2010-06-23,2011-12-02,8.903614457831326,26.159929070371977,B,Z,lumpy,medium,False,True
22703,513,921.8099830746651,122,4.204918032786885,5.465048258941973,2010-06-23,2011-12-09,6.057377049180328,1.6891683435421836,C,Z,lumpy,fast,False,False
22704,8678,3564.759902894497,209,41.52153110047847,38.2432845481279,2010-05-27,2011-12-09,3.535885167464115,0.8483277045397277,B,Y,lumpy,fast,False,False
22705,3733,1567.8599510490894,126,29.626984126984127,12.667270662291306,2010-05-27,2011-12-06,5.865079365079365,0.18280632199303512,B,X,intermittent,fast,False,False
22706,4222,1693.2399613261223,104,40.59615384615385,50.99048440274505,2010-06-02,2011-12-07,7.105769230769231,1.5776421328244281,B,Z,lumpy,medium,False,False
22707,2157,905.9399717152119,77,28.01298701298701,9.666128472380551,2010-05-27,2011-12-02,9.597402597402597,0.11906559490144897,C,X,intermittent,medium,False,False
22708,5325,2140.4999502003193,128,41.6015625,74.98538858655316,2010-06-02,2011-12-08,5.7734375,3.2488825228923344,B,Z,lumpy,fast,False,True
22709,2799,1099.5799821317196,65,43.06153846153846,50.10485159988157,2010-06-02,2011-12-08,11.36923076923077,1.3538809476308407,C,Z,lumpy,medium,False,False
22710,7184,2821.279955625534,140,51.31428571428572,75.73192836780449,2010-05-27,2011-12-06,5.2785714285714285,2.1781182550945863,B,Z,lumpy,fast,False,False
22711,5377,2210.339939504862,145,37.08275862068965,37.38268751267754,2010-05-27,2011-12-09,5.096551724137931,1.0162416082268522,B,Z,lumpy,fast,False,False
22712,7295,3002.4199893176556,285,25.596491228070175,42.24070013871159,2010-05-28,2011-12-09,2.592982456140351,2.7233367305526643,B,Z,lumpy,fast,False,False
22713,6084,2616.1199950277805,239,25.456066945606693,52.13562181250948,2010-05-27,2011-12-09,3.092050209205021,4.194560921689942,B,Z,lumpy,fast,False,False
22714,5277,2157.9099902510643,244,21.62704918032787,39.46384819950559,2010-05-28,2011-12-09,3.028688524590164,3.3296940354032283,B,Z,lumpy,fast,False,False
22715,2717,1133.929978966713,164,16.567073170731707,18.680435320777573,2010-06-01,2011-11-27,4.5060975609756095,1.271400577920274,C,Z,lumpy,fast,False,False
22716,5218,2211.4099530875683,278,18.769784172661872,17.641768842593095,2010-06-01,2011-12-09,2.658273381294964,0.8834168871982239,B,Y,lumpy,fast,False,False
22717,2405,1018.4199812710285,166,14.487951807228916,24.16452143919971,2010-06-02,2011-12-09,4.451807228915663,2.781905749024254,C,Z,lumpy,fast,False,False
22718,2605,1141.3599736392498,193,13.49740932642487,12.903538093747292,2010-06-01,2011-12-07,3.8290155440414506,0.9139380933609879,C,Y,lumpy,fast,False,False
22719,3304,1987.829959154129,143,23.104895104895103,150.27358680540686,2010-04-13,2011-05-16,5.1678321678321675,42.30164951367416,B,Z,lumpy,fast,False,True
22720,7497,38108.88913631439,263,28.505703422053234,53.284335289033564,2010-12-13,2011-12-09,2.8098859315589353,3.4941020107626346,A,Z,lumpy,fast,False,False
22721,1020,4671.809904575348,174,5.862068965517241,10.118000229423554,2010-12-14,2011-12-09,4.247126436781609,2.9791167470048197,A,Z,lumpy,fast,False,False
22722,5973,24459.960228204727,203,29.423645320197043,77.06296661996356,2010-11-11,2011-12-09,3.6403940886699506,6.8595952915786285,A,Z,lumpy,fast,False,False
22723,1164,4262.820042133331,177,6.576271186440678,10.150912503480303,2010-12-13,2011-12-09,4.175141242937853,2.3825978240127914,B,Z,lumpy,fast,False,False
22725,2518,10324.920036792755,267,9.430711610486892,12.752335502561962,2010-09-24,2011-12-09,2.7677902621722845,1.8284813347433917,A,Z,lumpy,fast,False,False
22726,7672,32609.320076942444,308,24.90909090909091,32.66419084165783,2010-09-24,2011-12-09,2.3993506493506493,1.7196024423806466,A,Z,lumpy,fast,False,False
22727,9234,36543.77021074295,348,26.53448275862069,56.548940477997824,2010-09-24,2011-12-09,2.1235632183908044,4.541796715813561,A,Z,lumpy,fast,False,False
22728,6215,24257.310158729553,336,18.49702380952381,46.1675726807816,2010-09-24,2011-12-09,2.199404761904762,6.229746459608492,A,Z,lumpy,fast,False,False
22729,3006,11864.000052928925,281,10.697508896797153,21.23955947352451,2010-09-24,2011-12-04,2.6298932384341636,3.9420823917858274,A,Z,lumpy,fast,False,False
22730,3702,14867.269991874695,294,12.591836734693878,21.495060184017873,2010-09-24,2011-12-09,2.5136054421768708,2.9140645176698974,A,Z,lumpy,fast,False,True
22731,2958,3965.6199830770493,139,21.280575539568346,27.850019846733595,2010-09-16,2011-12-07,5.316546762589928,1.7127117578439162,B,Z,lumpy,fast,False,True
22732,3773,5001.839969754219,158,23.879746835443036,35.431167249673734,2010-09-15,2011-12-07,4.677215189873418,2.2014634709256358,A,Z,lumpy,fast,False,True
22733,3441,4425.489982008934,147,23.408163265306122,27.512576228206765,2010-09-17,2011-12-09,5.0272108843537415,1.3814266879913744,A,Z,lumpy,fast,False,True
22734,10131,26763.749774694443,184,55.05978260869565,116.65460536540316,2010-09-16,2011-12-09,4.016304347826087,4.488846896684372,A,Z,lumpy,fast,False,True
22735,1434,2541.3799842596054,122,11.754098360655737,17.762115630173863,2010-09-16,2011-12-09,6.057377049180328,2.283551153449344,B,Z,lumpy,fast,False,True
22736,2527,4538.27995800972,166,15.22289156626506,18.44545653378322,2010-09-16,2011-12-09,4.451807228915663,1.468197599346729,A,Z,lumpy,fast,False,True
22737,3266,5840.429953217506,174,18.770114942528735,21.559275004392784,2010-09-16,2011-12-08,4.247126436781609,1.3192722892448667,A,Z,lumpy,fast,False,True
22738,4447,8012.5699779987335,173,25.705202312138727,33.582072781671506,2010-09-16,2011-12-09,4.271676300578035,1.7067619191169483,A,Z,lumpy,fast,False,True
22739,4021,7357.43993639946,189,21.275132275132275,30.944330000146117,2010-09-16,2011-12-08,3.9100529100529102,2.1155224084177866,A,Z,lumpy,fast,False,True
22740,13434,11395.310324668884,152,88.38157894736842,125.72665263020559,2010-09-30,2011-09-29,4.8618421052631575,2.0236303950041123,A,Z,lumpy,fast,False,False
22741,10652,9173.030247211456,194,54.90721649484536,54.03387585948729,2010-09-30,2011-12-09,3.8092783505154637,0.9684414865528818,A,Y,lumpy,fast,False,False
22742,1002,2475.3000294566154,141,7.1063829787234045,14.814906647244367,2010-08-10,2011-12-08,5.24113475177305,4.346109065017953,B,Z,lumpy,fast,False,True
22743,1502,4542.50002014637,197,7.624365482233503,13.087266565309026,2010-08-10,2011-12-08,3.751269035532995,2.9463917083444158,A,Z,lumpy,fast,False,False
22744,1515,4245.1700249910355,186,8.14516129032258,13.79406073625408,2010-08-10,2011-12-08,3.9731182795698925,2.868037929508766,B,Z,lumpy,fast,False,False
22745,3976,9764.639696836472,262,15.17557251908397,27.432810546835192,2010-09-24,2011-12-09,2.8206106870229006,3.2677621616746895,A,Z,lumpy,fast,False,True
22746,2910,6699.249795675278,247,11.781376518218623,23.40629078910196,2010-09-24,2011-12-08,2.9919028340080973,3.9470544807903174,A,Z,lumpy,fast,False,False
22747,2035,4487.199875116348,204,9.97549019607843,23.340790469873216,2010-09-24,2011-12-09,3.622549019607843,5.4747290161608575,A,Z,lumpy,fast,False,True
22748,4142,10161.399661779404,277,14.953068592057761,27.7114002263716,2010-09-24,2011-12-09,2.667870036101083,3.4344428225094044,A,Z,lumpy,fast,False,True
22749,3759,15354.350060462952,286,13.143356643356643,19.73820966104162,2010-09-08,2011-12-09,2.5839160839160837,2.2552927841884465,A,Z,lumpy,fast,False,True
22750,3125,11697.600092887878,269,11.617100371747211,16.110805836304774,2010-09-06,2011-12-08,2.7472118959107807,1.9232646266268671,A,Z,lumpy,fast,False,False
22751,2264,8445.970081329346,233,9.716738197424892,19.7208213878463,2010-09-05,2011-12-09,3.171673819742489,4.119163176184704,A,Z,lumpy,fast,False,True
22752,9459,28139.45009469986,290,32.61724137931034,352.3062942401422,2010-08-05,2011-12-08,2.5482758620689654,116.66654840977374,A,Z,lumpy,fast,False,True
22753,7332,1915.210045427084,218,33.63302752293578,338.20753208154684,2010-08-05,2011-12-09,3.389908256880734,101.11943290717645,B,Z,lumpy,fast,False,True
22754,8924,3044.8600706011057,237,37.654008438818565,325.00719437077476,2010-08-05,2011-12-09,3.1181434599156117,74.50124289388846,B,Z,lumpy,fast,False,True
22755,8776,2997.63007350266,243,36.11522633744856,320.67173023023634,2010-08-05,2011-12-09,3.0411522633744856,78.83892034955784,B,Z,lumpy,fast,False,True
22756,6204,1393.4499875307083,141,44.0,420.5945961204378,2010-08-05,2011-12-08,5.24113475177305,91.37387101534824,B,Z,lumpy,fast,False,True
22757,7696,3070.179944872856,174,44.229885057471265,379.48392705571644,2010-08-05,2011-12-09,4.247126436781609,73.61310741208226,B,Z,lumpy,fast,False,True
22758,7437,2618.349955677986,195,38.13846153846154,358.56033196299717,2010-08-05,2011-12-09,3.7897435897435896,88.38898408634583,B,Z,lumpy,fast,False,True
22759,19093,15866.560003519058,313,61.0,543.2391986253174,2010-08-05,2011-11-30,2.3610223642172525,79.30901019163585,A,Z,lumpy,fast,False,True
22760,356,4506.889961242676,96,3.7083333333333335,6.443138605347498,2010-10-10,2011-09-05,7.697916666666667,3.018821387517525,A,Z,lumpy,medium,False,False
22761,48,1182.7800369262695,34,1.411764705882353,0.8569730754521467,2010-10-13,2011-12-02,21.735294117647058,0.3684764309764309,C,Y,intermittent,medium,False,True
22762,204,3276.6199827194214,107,1.9065420560747663,1.7832168847675995,2010-10-10,2011-12-07,6.906542056074766,0.8748136602032605,B,Y,lumpy,medium,False,False
22763,662,5430.590029716492,107,6.186915887850467,40.02714429010846,2010-10-10,2011-12-09,6.906542056074766,41.85629565712774,A,Z,lumpy,medium,False,True
22764,186,3462.489921569824,18,10.333333333333334,24.07341711857097,2010-10-12,2011-03-25,41.05555555555556,5.42743465752586,B,Z,lumpy,slow,False,True
22765,311,3508.300054550171,37,8.405405405405405,24.57353981132671,2010-10-10,2010-12-09,19.972972972972972,8.5470867523886,B,Z,lumpy,medium,False,True
22766,4367,12864.25011396408,288,15.163194444444445,34.19758788186192,2010-10-10,2011-12-08,2.5659722222222223,5.086388635716206,A,Z,lumpy,fast,False,False
22767,1004,9478.229823112488,185,5.427027027027027,11.00377031849046,2010-10-10,2011-12-08,3.9945945945945946,4.11110969253076,A,Z,lumpy,fast,False,False
22768,1158,11064.71979522705,215,5.386046511627907,11.325052482710372,2010-10-10,2011-12-09,3.437209302325581,4.421200878586804,A,Z,lumpy,fast,False,True
22769,174,3656.8601150512695,31,5.612903225806452,17.711912035604435,2010-10-10,2011-01-04,23.838709677419356,9.957625401858456,B,Z,lumpy,medium,False,True
22770,112,1799.6199836730957,64,1.75,1.1683661091795519,2010-10-12,2011-12-04,11.546875,0.44574020084224153,B,Y,intermittent,medium,False,False
22771,7489,10147.079998731613,269,27.840148698884757,31.683846724496505,2010-10-17,2011-12-08,2.7472118959107807,1.2951876843153693,A,Z,lumpy,fast,False,False
22772,4377,5914.919986009598,205,21.351219512195122,31.203216918364674,2010-10-17,2011-12-08,3.604878048780488,2.1357645286207845,A,Z,lumpy,fast,False,False
22773,2392,3171.1100096702576,162,14.765432098765432,18.250684734836444,2010-10-17,2011-12-07,4.561728395061729,1.5277982373507164,B,Z,lumpy,fast,False,False
22774,2791,3591.059975385666,130,21.46923076923077,33.0848541336834,2010-10-17,2011-12-07,5.684615384615385,2.3747914689312846,B,Z,lumpy,fast,False,False
22775,3633,5190.0299825668335,197,18.441624365482234,26.509776660176993,2010-10-17,2011-12-08,3.751269035532995,2.0663971510305896,A,Z,lumpy,fast,False,False
22776,1708,17530.45968723297,275,6.210909090909091,7.074619814583858,2010-10-17,2011-12-09,2.6872727272727275,1.2974656450421544,A,Z,lumpy,fast,False,False
22777,459,3838.820011615753,62,7.403225806451613,16.579129362158678,2010-10-22,2011-07-21,11.919354838709678,5.015121377272969,B,Z,lumpy,medium,False,True
22778,974,3844.460075378418,138,7.057971014492754,9.137847912189553,2010-10-18,2011-11-24,5.355072463768116,1.676208775700397,B,Z,lumpy,fast,False,False
22779,1735,6631.349922180176,141,12.304964539007091,27.23546617986275,2010-10-24,2011-12-08,5.24113475177305,4.899016404801254,A,Z,lumpy,fast,False,True
22780,1623,6167.58992767334,134,12.111940298507463,27.530614660325988,2010-10-22,2011-12-08,5.514925373134329,5.16659444379493,A,Z,lumpy,fast,False,True
22781,867,7060.580044269562,192,4.515625,5.064998010160708,2010-10-17,2011-12-08,3.8489583333333335,1.258122185278543,A,Z,lumpy,fast,False,True
22782,254,3712.300030708313,66,3.8484848484848486,5.449749251090998,2010-10-27,2011-12-07,11.196969696969697,2.0052728720842055,B,Z,lumpy,medium,False,True
22783,484,6316.299956321716,36,13.444444444444445,36.34001686016155,2010-10-26,2011-06-15,20.52777777777778,7.306081746953273,A,Z,lumpy,medium,False,True
22784,1551,7727.139837265015,209,7.421052631578948,7.434634182332121,2010-10-22,2011-12-08,3.535885167464115,1.0036636254947706,A,Z,lumpy,fast,False,False
22785,412,2207.109983444214,89,4.629213483146067,9.47050687718061,2010-10-17,2011-12-09,8.303370786516854,4.185352380911575,B,Z,lumpy,medium,False,True
22786,248,1549.0999536514282,67,3.701492537313433,3.030226141041714,2010-10-17,2011-12-07,11.029850746268657,0.6701875019708009,B,Y,lumpy,medium,False,True
22788,476,3942.6200194358826,65,7.323076923076923,26.442217482363596,2010-10-17,2011-06-15,11.36923076923077,13.037927257299971,B,Z,lumpy,medium,False,True
22789,1238,2419.5400466918945,132,9.378787878787879,9.63496360711271,2010-10-17,2011-12-08,5.598484848484849,1.0553748248972181,B,Z,lumpy,fast,False,False
22790,200,3884.000015258789,1,200.0,0.0,2010-10-14,2010-10-14,739.0,0.0,B,X,intermittent,slow,False,True
22791,9458,11728.689741134644,200,47.29,49.098566641309965,2010-10-22,2011-12-09,3.695,1.0779509496016983,A,Z,lumpy,fast,False,True
22792,3489,3241.130071043968,165,21.145454545454545,25.568238334502706,2010-10-22,2011-12-08,4.4787878787878785,1.4620679646495296,B,Z,lumpy,fast,False,True
22794,389,3271.3499307632446,161,2.4161490683229814,1.8926139536735302,2010-10-17,2011-12-09,4.590062111801243,0.6135876712419295,B,Y,lumpy,fast,False,False
22795,1597,11175.809880256653,214,7.462616822429907,8.523152928529203,2010-10-17,2011-12-09,3.453271028037383,1.3044224848133852,A,Z,lumpy,fast,False,False
22796,806,8020.449878692627,197,4.091370558375634,3.919050365209298,2010-10-10,2011-12-08,3.751269035532995,0.9175379971025531,A,Y,lumpy,fast,False,False
22797,242,4205.5601444244385,102,2.372549019607843,3.4638774377154116,2010-10-17,2011-12-07,7.245098039215686,2.1315456864995292,B,Z,lumpy,medium,False,True
22798,2367,7336.090044498444,204,11.602941176470589,14.67561199289423,2010-10-22,2011-12-09,3.622549019607843,1.5997652576865615,A,Z,lumpy,fast,False,True
22799,253,2020.8399987220764,86,2.941860465116279,3.0499938328299874,2010-10-18,2011-12-06,8.593023255813954,1.074864655981282,B,Z,lumpy,medium,False,False
22800,1127,4586.400017976761,177,6.367231638418079,11.54416665549759,2010-10-22,2011-12-09,4.175141242937853,3.2871829536427186,A,Z,lumpy,fast,False,True
22801,1300,5277.9500370025635,178,7.303370786516854,9.425179036657076,2010-10-22,2011-12-08,4.151685393258427,1.665453521880118,A,Z,lumpy,fast,False,True
22802,110,1933.590054512024,49,2.2448979591836733,2.0364451486689776,2010-10-28,2011-12-07,15.081632653061224,0.8229097796143251,B,Y,lumpy,medium,False,True
22803,59,2237.8400230407715,25,2.36,2.643860813280457,2010-10-22,2011-11-13,29.56,1.2550272910083309,B,Z,lumpy,slow,False,True
22804,5261,14075.800020217896,296,17.77364864864865,40.07052403541466,2010-09-23,2011-12-08,2.4966216216216215,5.082727923667793,A,Z,lumpy,fast,False,True
22805,2207,3008.819991827011,169,13.059171597633137,17.045004903689744,2010-10-17,2011-12-09,4.372781065088757,1.7035818479440004,B,Z,lumpy,fast,False,False
22806,430,1149.0200023651123,52,8.26923076923077,11.774208078137145,2010-09-20,2011-12-08,14.211538461538462,2.0273708098707304,C,Z,lumpy,medium,False,True
22807,1375,4086.560015439987,184,7.4728260869565215,10.016888506795267,2010-09-20,2011-12-09,4.016304347826087,1.7967842391726503,B,Z,lumpy,fast,False,False
22808,420,1243.8800120353699,62,6.774193548387097,8.06412690758256,2010-09-20,2011-12-09,11.919354838709678,1.417096762202149,B,Z,lumpy,medium,False,False
22809,2568,7664.720033168793,145,17.71034482758621,22.88738045098315,2010-09-20,2011-12-09,5.096551724137931,1.6700833385901395,A,Z,lumpy,fast,False,True
22810,2232,6729.1300213336945,141,15.829787234042554,20.79490234470544,2010-09-20,2011-12-05,5.24113475177305,1.7256933088878978,A,Z,lumpy,fast,False,True
22811,1021,2884.1299846172333,103,9.912621359223301,25.231130319087075,2010-09-21,2011-12-09,7.174757281553398,6.4788269298016985,B,Z,lumpy,medium,False,False
22812,4986,10734.430088996887,149,33.46308724832215,38.30682027516363,2010-09-15,2011-12-05,4.959731543624161,1.3104492200889912,A,Z,lumpy,fast,False,True
22813,3945,7663.83010840416,204,19.33823529411765,28.475178177492236,2010-09-16,2011-12-09,3.622549019607843,2.1681994019502584,A,Z,lumpy,fast,False,False
22814,2728,1147.769981533289,195,13.98974358974359,18.823375943030985,2010-09-21,2011-12-09,3.7897435897435896,1.8104040937160129,C,Z,lumpy,fast,False,False
22815,3433,1468.5299643278122,216,15.893518518518519,14.841574373631238,2010-09-16,2011-12-09,3.4212962962962963,0.8720067383929346,B,Y,lumpy,fast,False,False
22816,6856,2950.929944753647,164,41.80487804878049,34.212414431197786,2010-09-16,2011-12-09,4.5060975609756095,0.6697512405005056,B,Y,lumpy,fast,False,True
22817,3392,1434.8999722599983,212,16.0,15.644449979653382,2010-09-16,2011-12-09,3.4858490566037736,0.9560500592417059,B,Y,lumpy,fast,False,False
22818,6290,2720.8599331378937,163,38.58895705521472,32.55133269186782,2010-09-16,2011-12-09,4.533742331288344,0.7115599002475153,B,Y,lumpy,fast,False,True
22819,3351,1418.1199720203876,203,16.507389162561577,17.27625551257915,2010-09-20,2011-12-09,3.6403940886699506,1.0953236305878566,B,Z,lumpy,fast,False,False
22820,1353,845.1299696564674,84,16.107142857142858,22.421492409268033,2010-09-15,2011-12-02,8.797619047619047,1.9377244179593482,C,Z,lumpy,medium,False,False
22821,1660,1047.449963837862,136,12.205882352941176,10.533978634986545,2010-09-15,2011-12-09,5.4338235294117645,0.7448117288430834,C,Y,lumpy,fast,False,False
22822,581,3367.349892616272,127,4.574803149606299,7.8178871877247,2010-11-07,2011-12-08,5.818897637795276,2.9203437563289567,B,Z,lumpy,fast,False,True
22823,54,3655.0,18,3.0,5.335783750799325,2010-10-26,2011-11-15,41.05555555555556,3.163398692810457,B,Z,lumpy,slow,False,True
22824,61,2153.9500465393066,44,1.3863636363636365,0.8684632000319445,2010-11-07,2011-11-23,16.795454545454547,0.39241764216920944,B,Y,intermittent,medium,False,False
22825,100,799.0199823379517,35,2.857142857142857,2.2115054380491603,2010-10-22,2011-11-27,21.114285714285714,0.5991176470588235,C,Y,lumpy,medium,False,False
22826,58,6210.0,36,1.6111111111111112,1.076443290995935,2010-12-10,2011-11-23,20.52777777777778,0.4464073382028199,A,Y,intermittent,medium,False,True
22827,50,7150.0,32,1.5625,0.87758833761769,2010-10-21,2011-11-17,23.09375,0.31545806451612907,A,Y,intermittent,medium,False,False
22828,17,2565.0,10,1.7,0.9486832980505138,2010-10-21,2011-11-16,73.9,0.3114186851211073,B,Y,intermittent,slow,False,True
22829,246,2468.5699710845947,92,2.6739130434782608,2.1437806578190286,2010-11-10,2011-11-11,8.032608695652174,0.6427855969795292,B,Y,lumpy,medium,False,False
22830,183,3760.7100715637207,17,10.764705882352942,24.17263279973012,2010-10-22,2011-01-28,43.470588235294116,5.042472901549764,B,Z,lumpy,slow,False,True
22831,776,2286.2800209522247,105,7.390476190476191,14.67041452280958,2010-11-07,2011-12-01,7.038095238095238,3.9403965145380435,B,Z,lumpy,medium,False,False
22832,185,2033.149995803833,72,2.5694444444444446,2.471393453601412,2010-11-09,2011-11-29,10.26388888888889,0.925135443780286,B,Y,lumpy,medium,False,False
22833,121,4163.539863586426,13,9.307692307692308,20.902091663214854,2010-11-04,2011-02-04,56.84615384615385,5.0430753819183565,B,Z,lumpy,slow,False,True
22834,6900,11287.629789829254,190,36.31578947368421,85.27171177323994,2010-09-12,2011-12-09,3.889473684210526,5.513393411414831,A,Z,lumpy,fast,False,True
22835,5302,27082.839895248413,269,19.71003717472119,26.675033249823873,2010-09-12,2011-12-09,2.7472118959107807,1.8316186293656598,A,Z,lumpy,fast,False,True
22837,3595,16455.18014383316,104,34.56730769230769,56.202263787297994,2010-10-06,2011-10-06,7.105769230769231,2.6434829105716653,A,Z,lumpy,medium,False,True
22838,927,13220.859921455383,162,5.722222222222222,12.573387058060417,2010-10-14,2011-12-09,4.561728395061729,4.828087484609632,A,Z,lumpy,fast,False,False
22839,579,8971.169937133789,185,3.1297297297297297,5.127126539982388,2010-10-14,2011-12-08,3.9945945945945946,2.68370269123718,A,Z,lumpy,fast,False,False
22840,1323,10023.64974117279,211,6.270142180094787,12.519623053760844,2010-10-13,2011-12-08,3.5023696682464456,3.9868301004309146,A,Z,lumpy,fast,False,False
22841,773,6002.519847869873,187,4.133689839572193,5.684187534273362,2010-10-13,2011-12-08,3.9518716577540105,1.890867167521468,A,Z,lumpy,fast,False,False
22842,819,5308.579922676086,154,5.318181818181818,8.28314655997625,2010-10-13,2011-12-05,4.798701298701299,2.425852158381069,A,Z,lumpy,fast,False,False
22843,597,3858.509955406189,130,4.592307692307692,7.596098706803796,2010-10-15,2011-12-05,5.684615384615385,2.7360198340200634,B,Z,lumpy,fast,False,False
22844,1227,11593.279884338379,254,4.830708661417323,6.324467973512706,2010-10-17,2011-12-09,2.909448818897638,1.7140611169679152,A,Z,lumpy,fast,False,False
22845,1000,6764.600006103516,228,4.385964912280702,6.579247539330429,2010-10-15,2011-12-09,3.241228070175439,2.2502053215859057,A,Z,lumpy,fast,False,False
22846,826,13264.820188522339,193,4.27979274611399,4.992124626865344,2010-10-14,2011-12-08,3.8290155440414506,1.3605840048602038,A,Z,lumpy,fast,False,False
22847,1158,18352.740242004395,215,5.386046511627907,5.997257215592483,2010-10-14,2011-12-08,3.437209302325581,1.2398385976309918,A,Z,lumpy,fast,False,False
22848,384,6128.600060462952,119,3.226890756302521,4.003043280419765,2010-10-14,2011-11-27,6.2100840336134455,1.538905831604579,A,Z,lumpy,fast,False,False
22849,403,6287.730068206787,105,3.8380952380952382,4.0099007505553095,2010-10-14,2011-10-20,7.038095238095238,1.0915301918186613,A,Z,lumpy,medium,False,False
22850,16,123.60000038146973,2,8.0,0.0,2010-10-17,2010-10-18,369.5,0.0,C,X,intermittent,slow,False,True
22851,5167,4193.680076956749,283,18.257950530035334,27.658516035028978,2010-08-19,2011-12-07,2.6113074204946995,2.2948468009257423,B,Z,lumpy,fast,False,False
22852,565,2467.1099967956543,122,4.631147540983607,6.075558430507815,2010-10-15,2011-12-08,6.057377049180328,1.721056665516758,B,Z,lumpy,fast,False,True
22853,645,2205.570004463196,110,5.863636363636363,5.8238315719534715,2010-10-15,2011-12-08,6.718181818181818,0.9864692543948869,B,Y,lumpy,medium,False,False
22854,1160,5624.4998569488525,155,7.483870967741935,10.87076075828008,2010-09-16,2011-09-22,4.767741935483871,2.1099263400095754,A,Z,lumpy,fast,False,False
22855,4795,5979.239934921265,179,26.787709497206706,26.041446325935798,2010-09-15,2011-08-30,4.128491620111732,0.9450592581509305,A,Y,lumpy,fast,False,False
22856,877,1059.8499660491943,27,32.48148148148148,74.02617539677871,2010-10-17,2011-11-20,27.37037037037037,5.193964361485026,C,Z,lumpy,slow,False,True
22857,1230,1048.2800314426422,50,24.6,29.586262669953943,2010-10-05,2011-10-24,14.78,1.4464719062322526,C,Z,lumpy,medium,False,True
22858,1135,1877.3399958610535,76,14.93421052631579,23.51869357273956,2010-11-08,2011-10-06,9.723684210526315,2.480058064390926,B,Z,lumpy,medium,False,True
22859,1250,2085.7499924898148,93,13.440860215053764,20.735635345101684,2010-10-05,2011-11-15,7.946236559139785,2.3800197704347816,B,Z,lumpy,medium,False,False
22860,612,1060.8499847650528,62,9.870967741935484,12.305515051693972,2010-10-05,2011-11-18,11.919354838709678,1.5541041731882577,C,Z,lumpy,medium,False,True
22861,305,522.929992556572,39,7.82051282051282,9.383276823190329,2010-12-12,2011-04-21,18.94871794871795,1.4395892445437706,C,Z,lumpy,medium,False,True
22862,758,3373.2200088500977,88,8.613636363636363,8.423328059050451,2010-09-16,2011-01-25,8.397727272727273,0.9563004575503411,B,Y,lumpy,medium,False,True
22863,1107,3166.610013961792,133,8.323308270676693,11.441252363229196,2010-09-23,2011-12-06,5.556390977443609,1.8895359986421287,B,Z,lumpy,fast,False,False
22864,762,158.75999504327774,3,254.0,180.43281298034458,2010-05-20,2010-06-29,246.33333333333334,0.5046190092380186,C,Y,lumpy,slow,False,True
22865,14588,31416.039182662964,196,74.42857142857143,83.76377039489822,2010-09-10,2011-12-09,3.770408163265306,1.2665812913586822,A,Z,lumpy,fast,False,True
22866,12786,28266.86925983429,180,71.03333333333333,80.84372814194226,2010-09-10,2011-12-09,4.105555555555555,1.2952937678050702,A,Z,lumpy,fast,False,True
22867,11875,26117.629329681396,184,64.53804347826087,70.07465705359128,2010-09-10,2011-12-09,4.016304347826087,1.1789363851789962,A,Z,lumpy,fast,False,True
22868,124,270.38000655174255,26,4.769230769230769,9.377879045104782,2010-10-18,2011-11-21,28.423076923076923,3.8664516129032256,C,Z,lumpy,slow,False,True
22869,167,393.6300096511841,51,3.2745098039215685,6.873364333054226,2010-10-17,2011-11-29,14.490196078431373,4.406016709096776,C,Z,lumpy,medium,False,True
22870,155,367.97000908851624,44,3.522727272727273,7.381588145636212,2010-10-18,2011-11-29,16.795454545454547,4.390778985068849,C,Z,lumpy,medium,False,True
22871,127,289.39000701904297,29,4.379310344827586,8.89387346557589,2010-10-18,2011-11-16,25.482758620689655,4.124491820412212,C,Z,lumpy,slow,False,True
22872,136,311.3000075817108,38,3.5789473684210527,7.852118250776798,2010-10-18,2011-12-08,19.44736842105263,4.8135228654259805,C,Z,lumpy,medium,False,True
22873,120,262.50000643730164,31,3.870967741935484,8.612943497952644,2010-10-17,2011-11-25,23.838709677419356,4.950671296296297,C,Z,lumpy,medium,False,True
22874,126,272.02000665664673,26,4.846153846153846,9.306738666975912,2010-10-18,2011-11-09,28.423076923076923,3.6880826404635916,C,Z,lumpy,slow,False,True
22875,123,268.3500065803528,28,4.392857142857143,8.986983532636131,2010-10-18,2011-12-08,26.392857142857142,4.185368791357288,C,Z,lumpy,slow,False,True
22876,118,252.2200059890747,22,5.363636363636363,10.026372151887168,2010-10-18,2011-09-27,33.59090909090909,3.4943708020410114,C,Z,lumpy,slow,False,True
22877,128,271.6400065422058,27,4.7407407407407405,9.11293498526046,2010-10-18,2011-10-04,27.37037037037037,3.6950824444110593,C,Z,lumpy,slow,False,True
22878,128,330.2599935531616,41,3.1219512195121952,5.758450841811623,2010-10-18,2011-11-16,18.024390243902438,3.402194213867189,C,Z,lumpy,medium,False,True
22879,82,134.4000028371811,20,4.1,7.677033418271875,2010-10-19,2011-10-04,36.95,3.506058423870503,C,Z,lumpy,slow,False,True
22880,111,230.27000534534454,35,3.1714285714285713,5.908546722312341,2010-10-25,2011-11-15,21.114285714285714,3.4709749495123114,C,Z,lumpy,medium,False,True
22881,112,218.82000529766083,33,3.393939393939394,6.09784487513516,2010-10-25,2011-12-09,22.393939393939394,3.2280821508290827,C,Z,lumpy,medium,False,True
22882,126,255.08000600337982,44,2.8636363636363638,5.2809042085652615,2010-10-19,2011-12-05,16.795454545454547,3.4007980453163187,C,Z,lumpy,medium,False,True
22883,109,213.05000507831573,32,3.40625,6.288029462091367,2010-10-18,2011-12-05,23.09375,3.4078156775116697,C,Z,lumpy,medium,False,True
22884,110,217.2600051164627,37,2.972972972972973,5.742079019960581,2010-10-21,2011-11-30,19.972972972972972,3.7304086317722684,C,Z,lumpy,medium,False,True
22885,112,210.26000487804413,32,3.5,6.2630508900705015,2010-10-20,2011-12-09,23.09375,3.2021066491112578,C,Z,lumpy,medium,False,True
22886,98,174.16000401973724,28,3.5,6.630457221260309,2010-10-25,2011-12-01,26.392857142857142,3.588813303099018,C,Z,lumpy,slow,False,True
22887,92,160.3600035905838,26,3.5384615384615383,6.777791789252717,2010-10-18,2011-12-05,28.423076923076923,3.668998109640833,C,Z,lumpy,slow,False,True
22888,79,130.8300029039383,21,3.761904761904762,7.4559021044053555,2010-11-04,2011-12-09,35.19047619047619,3.9281204935106566,C,Z,lumpy,slow,False,True
22889,196,327.12000274658203,33,5.9393939393939394,17.43369473523074,2010-10-25,2011-12-05,22.393939393939394,8.615780208767179,C,Z,lumpy,medium,False,True
22890,800,7821.959888458252,162,4.938271604938271,8.955855406515814,2010-10-14,2011-12-09,4.561728395061729,3.289002484472051,A,Z,lumpy,fast,False,True
22891,644,3103.7000102996826,142,4.535211267605634,5.824455621633904,2010-10-15,2011-12-09,5.204225352112676,1.6493606733607655,B,Z,lumpy,fast,False,False
22892,3520,4322.059966802597,175,20.114285714285714,18.756104643879315,2010-10-15,2011-11-22,4.222857142857142,0.8695129701823291,B,Y,lumpy,fast,False,False
22893,2721,1306.0899760723114,129,21.093023255813954,37.72628432631244,2010-10-15,2011-12-08,5.728682170542636,3.1989717440244867,B,Z,lumpy,fast,False,True
22894,611,5160.7799644470215,136,4.492647058823529,7.398694903461677,2010-09-23,2011-12-09,5.4338235294117645,2.7120995961473726,A,Z,lumpy,fast,False,True
22895,3947,8648.49003148079,238,16.584033613445378,67.42609078600368,2010-09-15,2011-12-09,3.1050420168067228,16.53010542057782,A,Z,lumpy,fast,False,True
22896,2276,5230.549865961075,238,9.563025210084033,18.989065765792414,2010-09-23,2011-12-09,3.1050420168067228,3.9429075651561836,A,Z,lumpy,fast,False,False
22897,2156,2894.7500710487366,193,11.17098445595855,18.003378952666043,2010-09-23,2011-12-08,3.8290155440414506,2.597318154102169,B,Z,lumpy,fast,False,False
22898,3318,6604.160096168518,260,12.761538461538462,18.42476252416497,2010-09-23,2011-12-09,2.8423076923076924,2.084479990166218,A,Z,lumpy,fast,False,False
22899,2774,5769.759869098663,243,11.415637860082304,17.476669285732285,2010-09-26,2011-12-09,3.0411522633744856,2.3437806793000426,A,Z,lumpy,fast,False,True
22900,6256,19834.039915800095,291,21.49828178694158,47.37840149342362,2010-09-23,2011-12-09,2.5395189003436425,4.856834509512016,A,Z,lumpy,fast,False,False
22902,1916,3506.559962272644,142,13.492957746478874,23.707360822055644,2010-09-23,2011-12-08,5.204225352112676,3.087109957438652,B,Z,lumpy,fast,False,False
22903,745,2053.96000289917,70,10.642857142857142,32.66298517303766,2010-09-26,2011-12-08,10.557142857142857,9.41879364358179,B,Z,lumpy,medium,False,True
22904,3467,10755.050058841705,227,15.273127753303966,25.295166042736792,2010-09-19,2011-11-17,3.2555066079295156,2.742957636295739,A,Z,lumpy,fast,False,True
22905,1077,2957.1700270175934,134,8.037313432835822,12.55328894771329,2010-09-19,2011-12-09,5.514925373134329,2.439457413769498,B,Z,lumpy,fast,False,True
22906,3370,6214.82998752594,219,15.38812785388128,23.199376092174266,2010-09-19,2011-12-09,3.374429223744292,2.2729037166994046,A,Z,lumpy,fast,False,True
22907,8686,7279.030157566071,325,26.726153846153846,36.41837769064176,2010-09-16,2011-12-09,2.273846153846154,1.8568134064779536,A,Z,lumpy,fast,False,False
22908,5706,4524.000090837479,264,21.613636363636363,41.003783137577706,2010-09-20,2011-12-09,2.7992424242424243,3.5990855918613756,A,Z,lumpy,fast,False,False
22909,18144,15275.82030504942,207,87.65217391304348,127.62005496675349,2010-09-15,2011-12-09,3.570048309178744,2.1198858264145732,A,Z,lumpy,fast,False,True
22910,19648,58652.699655771255,213,92.24413145539906,110.14872675383981,2010-09-15,2011-12-09,3.4694835680751175,1.4258750529244715,A,Z,lumpy,fast,False,True
22911,853,2454.350009202957,124,6.879032258064516,12.539753204827251,2010-09-19,2011-12-05,5.959677419354839,3.3229460203135317,B,Z,lumpy,fast,False,True
22912,313,1471.0899477005005,91,3.4395604395604398,7.666969256650088,2010-11-19,2011-11-28,8.12087912087912,4.968686012922456,B,Z,lumpy,medium,False,True
22913,450,2107.8499431610107,98,4.591836734693878,11.944749728485833,2010-11-19,2011-12-05,7.540816326530612,6.766767163039326,B,Z,lumpy,medium,False,True
22914,570,2720.659921646118,133,4.285714285714286,10.381051669567674,2010-11-19,2011-12-09,5.556390977443609,5.867272727272728,B,Z,lumpy,fast,False,False
22915,3281,1474.5199744701385,133,24.669172932330827,36.55998014979222,2010-11-19,2011-12-09,5.556390977443609,2.1963559436729563,B,Z,lumpy,fast,False,True
22916,1962,1363.3799599409103,161,12.186335403726709,20.486948579810544,2010-11-21,2011-12-08,4.590062111801243,2.826235197862341,B,Z,lumpy,fast,False,False
22917,1996,1386.649959564209,157,12.713375796178344,20.832682335084417,2010-11-21,2011-12-08,4.707006369426751,2.6851503865858204,B,Z,lumpy,fast,False,False
22918,1925,1322.859968304634,156,12.33974358974359,20.6642895321691,2010-11-21,2011-12-08,4.737179487179487,2.8043272070033023,B,Z,lumpy,fast,False,False
22919,1800,1255.4399644136429,152,11.842105263157896,14.771148387230694,2010-11-22,2011-12-08,4.8618421052631575,1.555860616466355,B,Z,lumpy,fast,False,False
22920,3478,2199.189978182316,153,22.73202614379085,123.21808899029543,2010-11-21,2011-12-08,4.830065359477124,29.381410723192477,B,Z,lumpy,fast,False,True
22921,1771,1226.7199643850327,138,12.833333333333334,21.70760683832287,2010-11-21,2011-12-08,5.355072463768116,2.8611784461628043,B,Z,lumpy,fast,False,False
22922,2073,1789.2000517845154,89,23.292134831460675,30.94393840156413,2010-11-19,2011-12-09,8.303370786516854,1.7649507244658666,B,Z,lumpy,medium,False,True
22923,1589,1314.8900400400162,71,22.380281690140844,28.849543792967932,2010-11-19,2011-12-08,10.408450704225352,1.6616777430151006,B,Z,lumpy,medium,False,False
22924,1500,1323.4200375080109,81,18.51851851851852,26.424946126298494,2010-11-19,2011-12-09,9.123456790123457,2.036178,B,Z,lumpy,medium,False,False
22925,490,2989.519910812378,138,3.550724637681159,4.253075252814588,2010-11-22,2011-12-02,5.355072463768116,1.4347364996944696,B,Z,lumpy,fast,False,True
22926,680,4150.309871673584,102,6.666666666666667,7.3043230564872585,2010-11-21,2011-05-10,7.245098039215686,1.2004455445544557,B,Z,lumpy,medium,False,False
22927,469,2948.5699138641357,115,4.078260869565217,5.0526140986221915,2010-11-21,2011-12-05,6.426086956521739,1.5349076634558112,B,Z,lumpy,medium,False,False
22928,296,2041.3499546051025,93,3.182795698924731,4.23480977592172,2010-11-22,2011-12-09,7.946236559139785,1.7703139390859723,B,Z,lumpy,medium,False,True
22929,23,1459.7500038146973,16,1.4375,0.8920949127381756,2010-11-24,2011-10-26,46.1875,0.38512917454316314,B,Y,intermittent,slow,False,False
22930,1108,2846.7999289035797,124,8.935483870967742,19.444623030663664,2010-12-08,2011-12-08,5.959677419354839,4.735467992248507,B,Z,lumpy,fast,False,False
22931,813,1963.2999467849731,91,8.934065934065934,19.81514695479316,2010-12-08,2011-12-08,8.12087912087912,4.919220484537766,B,Z,lumpy,medium,False,True
22932,884,2000.8799295425415,59,14.983050847457626,36.102579679260735,2010-12-08,2011-12-08,12.525423728813559,5.80598572320175,B,Z,lumpy,medium,False,False
22933,940,2585.9199810028076,76,12.368421052631579,35.71063038938151,2010-12-09,2011-12-05,9.723684210526315,8.336169005583224,B,Z,lumpy,medium,False,True
22934,589,1707.46999335289,60,9.816666666666666,15.727005454471355,2010-12-10,2011-11-11,12.316666666666666,2.566634254005662,B,Z,lumpy,medium,False,True
22935,690,2066.820001602173,54,12.777777777777779,22.03056767197989,2010-12-08,2011-12-08,13.685185185185185,2.9726290259300203,B,Z,lumpy,medium,False,False
22936,279,895.9700021743774,46,6.065217391304348,14.545563926905377,2010-12-08,2011-12-08,16.065217391304348,5.751331275006464,C,Z,lumpy,medium,False,True
22937,972,2563.2399547100067,103,9.436893203883495,10.115674018147477,2010-12-08,2011-12-07,7.174757281553398,1.149030536785833,B,Z,lumpy,medium,False,True
22938,3687,6891.250091314316,183,20.147540983606557,25.091373281484287,2010-09-20,2011-12-08,4.038251366120218,1.550974891395338,A,Z,lumpy,fast,False,False
22939,750,3502.539915084839,143,5.244755244755245,9.396745603273017,2010-09-23,2011-12-06,5.1678321678321675,3.209995968701096,B,Z,lumpy,fast,False,False
22940,3491,15282.809980392456,194,17.99484536082474,29.892293255786715,2010-09-06,2011-12-09,3.8092783505154637,2.75944810279356,A,Z,lumpy,fast,False,True
22941,2615,21727.579984664917,135,19.37037037037037,39.89702056371882,2010-10-21,2011-12-09,5.474074074074074,4.242336169653871,A,Z,lumpy,fast,False,True
22942,1221,9466.410047769547,110,11.1,17.681665204489924,2010-10-21,2011-12-09,6.718181818181818,2.53746679980253,A,Z,lumpy,medium,False,True
22943,2405,11696.639790534973,132,18.21969696969697,34.42667046930517,2010-10-21,2011-12-09,5.598484848484849,3.5703249595960416,A,Z,lumpy,fast,False,True
22944,4870,3577.9899278879166,94,51.808510638297875,65.82369357964977,2010-09-19,2011-12-08,7.861702127659575,1.614218355342728,B,Z,lumpy,medium,False,True
22945,7641,7365.700225830078,155,49.29677419354839,59.8977672538312,2010-09-19,2011-12-08,4.767741935483871,1.4763327870944716,A,Z,lumpy,fast,False,True
22946,976,15060.570209503174,146,6.684931506849315,9.640971066169872,2010-09-16,2011-12-08,5.061643835616438,2.0799248093300844,A,Z,lumpy,fast,False,True
22947,1016,12704.149845123291,110,9.236363636363636,11.637433489183914,2010-09-16,2011-11-30,6.718181818181818,1.5874950442561433,A,Z,lumpy,medium,False,True
22948,2155,2164.690041422844,138,15.615942028985508,17.041521840033887,2010-09-16,2011-12-09,5.355072463768116,1.1909139288427946,B,Z,lumpy,fast,False,False
22949,2010,2858.1900680065155,128,15.703125,43.689916560404626,2010-09-19,2011-12-06,5.7734375,7.740878574183575,B,Z,lumpy,fast,False,True
22950,9385,11452.640224456787,117,80.21367521367522,144.68949089997383,2010-09-15,2011-11-07,6.316239316239316,3.2536972981335244,A,Z,lumpy,fast,False,True
22951,10993,5785.9700472950935,283,38.84452296819788,64.90656566168816,2010-09-19,2011-12-09,2.6113074204946995,2.792014540924516,A,Z,lumpy,fast,False,False
22952,33988,19240.050053417683,216,157.35185185185185,207.8935467667344,2010-09-15,2011-12-09,3.4212962962962963,1.7455741437064316,A,Z,lumpy,fast,False,True
22953,760,948.5499916672707,99,7.6767676767676765,15.907146566699348,2010-11-04,2011-12-08,7.4646464646464645,4.2936611736107215,C,Z,lumpy,medium,False,True
22954,238,293.88999968767166,48,4.958333333333333,5.603791776065875,2010-11-05,2011-11-24,15.395833333333334,1.2772989045430436,C,Z,lumpy,medium,False,False
22955,1592,2885.2599401474,121,13.15702479338843,22.65980592166917,2010-11-04,2011-12-09,6.107438016528926,2.966176470975058,B,Z,lumpy,fast,False,True
22956,2494,4878.899919092655,156,15.987179487179487,29.195666311084974,2010-11-04,2011-12-09,4.737179487179487,3.3349788266965548,A,Z,lumpy,fast,False,False
22957,1775,5014.650016546249,80,22.1875,31.662417825106864,2011-01-14,2011-09-29,9.2375,2.036439022797866,A,Z,lumpy,medium,False,True
22959,9763,3981.959897816181,126,77.48412698412699,73.37538923938834,2010-09-06,2011-12-08,5.865079365079365,0.8967581818778302,B,Y,lumpy,fast,False,True
22960,9130,38380.109966278076,299,30.535117056856187,35.84504221290079,2010-11-26,2011-12-09,2.471571906354515,1.3780310837893688,A,Z,lumpy,fast,False,False
22961,17353,26888.43049263954,293,59.225255972696246,81.00484369725756,2010-07-23,2011-12-09,2.522184300341297,1.8707169611763135,A,Z,lumpy,fast,False,False
22962,4466,3640.9301052093506,196,22.785714285714285,42.539935987800376,2010-11-26,2011-12-09,3.770408163265306,3.485526342644492,B,Z,lumpy,fast,False,False
22963,3798,3079.410089492798,186,20.419354838709676,34.423537698639066,2010-07-23,2011-12-09,3.9731182795698925,2.8420189466886527,B,Z,lumpy,fast,False,False
22964,2761,5768.829879283905,212,13.023584905660377,28.250477668693406,2010-11-21,2011-12-09,3.4858490566037736,4.705334464921126,A,Z,lumpy,fast,False,False
22965,1842,3834.0398881435394,175,10.525714285714285,23.924646346215056,2010-11-21,2011-12-09,4.222857142857142,5.166398471362652,B,Z,lumpy,fast,False,True
22966,8219,10131.25987315178,238,34.53361344537815,44.70603613670859,2010-11-09,2011-12-09,3.1050420168067228,1.675900701990863,A,Z,lumpy,fast,False,False
22967,1171,3271.4100091457367,69,16.971014492753625,31.312923010876535,2011-01-14,2011-12-07,10.710144927536232,3.404329684699094,B,Z,lumpy,medium,False,True
22968,1155,11184.819845199585,146,7.910958904109589,13.68609726636876,2010-10-29,2011-12-08,5.061643835616438,2.992960515525676,A,Z,lumpy,fast,False,True
22969,14461,21501.99050092697,271,53.361623616236166,120.09231882313317,2010-11-21,2011-12-09,2.726937269372694,5.0649176736028,A,Z,lumpy,fast,False,False
22970,4334,10140.599666833878,174,24.908045977011493,51.240367978875696,2010-12-15,2011-12-08,4.247126436781609,4.2319951613020566,A,Z,lumpy,fast,False,False
22971,2431,5849.289840936661,169,14.384615384615385,23.210988776870312,2010-12-16,2011-12-08,4.372781065088757,2.6036989905344714,A,Z,lumpy,fast,False,False
22972,1882,3219.7399703264236,155,12.141935483870968,12.375320386605564,2010-11-24,2011-12-08,4.767741935483871,1.0388122461052312,B,Z,lumpy,fast,False,False
22973,1361,2314.329981803894,120,11.341666666666667,12.59151096808416,2010-11-23,2011-12-07,6.158333333333333,1.2325425980783706,B,Z,lumpy,fast,False,False
22974,1636,2795.8099839687347,150,10.906666666666666,17.95832112250891,2010-11-24,2011-12-08,4.926666666666667,2.7111115408470132,B,Z,lumpy,fast,False,False
22975,1245,1679.6600029468536,135,9.222222222222221,7.945398242620114,2010-11-24,2011-12-09,5.474074074074074,0.7422670361359117,B,Y,lumpy,fast,False,False
22976,1127,1465.2600009441376,119,9.470588235294118,8.37553289922272,2010-11-24,2011-12-09,6.2100840336134455,0.7821156721956349,B,Y,lumpy,fast,False,False
22977,999,1313.8600015640259,109,9.1651376146789,9.083474781230867,2010-11-24,2011-12-09,6.779816513761468,0.9822590729238108,B,Y,lumpy,medium,False,False
22978,2464,9564.979934692383,146,16.876712328767123,63.33119190207433,2011-02-17,2011-12-08,5.061643835616438,14.081847207036137,A,Z,lumpy,fast,False,True
22979,4090,6391.820132255554,189,21.64021164021164,56.75476989943621,2011-03-02,2011-12-09,3.9100529100529102,6.878309708711566,A,Z,lumpy,fast,False,False
22980,2363,3910.0099886655807,157,15.050955414012739,20.395385406414956,2011-02-16,2011-12-09,4.707006369426751,1.8362664293781772,B,Z,lumpy,fast,False,True
22981,471,704.1300165653229,82,5.7439024390243905,16.08297234337521,2011-03-03,2011-12-07,9.012195121951219,7.8400443739012085,C,Z,lumpy,medium,False,True
22982,1154,1543.7699995040894,129,8.945736434108527,10.941113744095723,2011-03-02,2011-12-09,5.728682170542636,1.495859723938888,B,Z,lumpy,fast,False,True
22983,6695,2843.5499452650547,280,23.910714285714285,28.74575037048989,2010-09-14,2011-12-09,2.6392857142857142,1.4453139672304927,B,Z,lumpy,fast,False,False
22984,3349,1370.7299820184708,159,21.062893081761008,25.855657152100726,2010-09-12,2011-12-09,4.647798742138365,1.5068676669705492,B,Z,lumpy,fast,False,False
22985,4722,1895.2399564385414,111,42.54054054054054,78.704601203578,2010-09-07,2011-12-09,6.657657657657658,3.422900205326271,B,Z,lumpy,medium,False,True
22986,5795,2389.899936169386,151,38.37748344370861,41.38594636215766,2010-09-07,2011-12-08,4.894039735099338,1.162927913965879,B,Z,lumpy,fast,False,False
22987,252,105.8399966955185,11,22.90909090909091,6.934760925288564,2010-09-07,2011-10-10,67.18181818181819,0.09163202317964222,C,X,intermittent,slow,False,True
22988,9377,11238.449741601944,189,49.613756613756614,87.96356850547305,2010-11-23,2011-12-09,3.9100529100529102,3.143413075394988,A,Z,lumpy,fast,False,False
22989,2811,8999.269989967346,191,14.717277486910994,34.88678930968548,2011-02-03,2011-12-09,3.869109947643979,5.619103714374709,A,Z,lumpy,fast,False,False
22990,633,2917.4299347400665,120,5.275,12.28920582592434,2011-02-06,2011-12-08,6.158333333333333,5.427535943287265,B,Z,lumpy,fast,False,False
22991,3887,7604.89003610611,159,24.446540880503143,57.457265109889526,2011-02-17,2011-12-09,4.647798742138365,5.524017782845935,A,Z,lumpy,fast,False,False
22992,5233,10373.990047216415,162,32.30246913580247,67.23945247412995,2011-02-17,2011-12-09,4.561728395061729,4.332882344434115,A,Z,lumpy,fast,False,False
22993,12649,16478.47979259491,244,51.84016393442623,51.30120713463727,2011-02-16,2011-12-09,3.028688524590164,0.9793150667694925,A,Y,lumpy,fast,False,False
22994,2194,956.9399715662003,135,16.251851851851853,21.19973194653069,2011-02-16,2011-12-09,5.474074074074074,1.7015904122521184,C,Z,lumpy,fast,False,False
22995,2381,1058.6399695575237,149,15.979865771812081,22.24539727633249,2011-02-17,2011-12-09,4.959731543624161,1.9379121173833822,C,Z,lumpy,fast,False,False
22996,4801,2094.929951250553,191,25.13612565445026,44.55265723854983,2011-02-17,2011-12-09,3.869109947643979,3.141597522664275,B,Z,lumpy,fast,False,False
22997,2545,1094.929967045784,138,18.442028985507246,18.249694774346718,2011-02-17,2011-12-09,5.355072463768116,0.9792505181917995,C,Y,lumpy,fast,False,False
22998,12366,5262.819964140654,215,57.51627906976744,102.35396921530385,2011-02-16,2011-12-09,3.437209302325581,3.1668523350393043,A,Z,lumpy,fast,False,False
22999,2894,1252.589962899685,146,19.82191780821918,38.091665290093424,2011-02-17,2011-12-09,5.061643835616438,3.6929087544312273,B,Z,lumpy,fast,False,False
23000,3169,1368.279959410429,166,19.09036144578313,23.717228692203108,2011-02-16,2011-12-09,4.451807228915663,1.5434749314955778,B,Z,lumpy,fast,False,False
23001,200,0.0,1,200.0,0.0,2011-07-07,2011-07-07,739.0,0.0,C,X,intermittent,slow,False,True
23002,2119,914.3699726462364,130,16.3,23.816042407776155,2011-02-16,2011-12-09,5.684615384615385,2.134833362072311,C,Z,lumpy,fast,False,False
23003,542,226.19999355077744,43,12.604651162790697,29.539432511300905,2011-02-16,2011-06-12,17.186046511627907,5.492153079148081,C,Z,lumpy,medium,False,True
23004,2002,903.1599732041359,141,14.198581560283689,16.233219845276725,2011-02-16,2011-12-09,5.24113475177305,1.3071319183171617,C,Z,lumpy,fast,False,False
23005,4733,2126.5499669611454,123,38.479674796747965,71.8581651239116,2011-02-17,2011-12-09,6.008130081300813,3.487301212670486,B,Z,lumpy,fast,False,True
23006,1758,762.7499773800373,119,14.77310924369748,16.338286621987073,2011-02-16,2011-12-08,6.2100840336134455,1.2231203798268921,C,Z,lumpy,fast,False,False
23007,498,7741.750069618225,129,3.86046511627907,5.405067336026144,2011-03-09,2011-12-09,5.728682170542636,1.960301862570765,A,Z,lumpy,fast,False,True
23008,433,6719.610047340393,99,4.373737373737374,5.987377638962497,2011-03-09,2011-12-08,7.4646464646464645,1.873992716416233,A,Z,lumpy,medium,False,True
23009,263,4082.5200214385986,79,3.329113924050633,4.1962178299748105,2011-03-09,2011-12-09,9.354430379746836,1.5887616024816213,B,Z,lumpy,medium,False,False
23010,315,4879.6000328063965,85,3.7058823529411766,5.485529729621913,2011-03-09,2011-12-04,8.694117647058823,2.1910580810807585,A,Z,lumpy,medium,False,True
23012,1071,4197.110046863556,122,8.778688524590164,7.7603700762504255,2011-06-14,2011-12-09,6.057377049180328,0.7814578972625071,B,Y,lumpy,fast,False,True
23013,924,3674.1600394248962,118,7.830508474576271,6.771363892895804,2011-06-14,2011-12-09,6.262711864406779,0.7477774750502022,B,Y,lumpy,fast,False,False
23014,856,3419.5800359249115,113,7.575221238938053,7.744589482035775,2011-06-14,2011-12-09,6.539823008849558,1.0452162706427883,B,Z,lumpy,medium,False,True
23015,40,338.3799991607666,18,2.2222222222222223,1.5167905573187228,2011-06-17,2011-11-24,41.05555555555556,0.4658823529411764,C,Y,intermittent,slow,False,True
23016,74,575.2499976158142,23,3.217391304347826,3.13276702756714,2011-06-16,2011-12-06,32.130434782608695,0.9480875224118462,C,Y,lumpy,slow,False,True
23017,67,826.2799835205078,21,3.1904761904761907,2.839349355381398,2011-06-26,2011-12-08,35.19047619047619,0.7920026732011581,C,Y,lumpy,slow,False,False
23018,51,612.1599884033203,16,3.1875,3.7809831173033994,2011-06-26,2011-11-16,46.1875,1.4070485710624119,C,Z,lumpy,slow,False,True
23019,81,629.0499906539917,25,3.24,3.4914180500192185,2011-06-21,2011-12-08,29.56,1.1612178021643043,C,Z,lumpy,slow,False,False
23020,180,2191.8399658203125,57,3.1578947368421053,3.1040841396239025,2011-06-14,2011-12-06,12.964912280701755,0.9662103174603176,B,Y,lumpy,medium,False,True
23021,120,500.8200087547302,24,5.0,4.662524041201569,2011-06-20,2011-12-06,30.791666666666668,0.8695652173913044,C,Y,lumpy,slow,False,True
23022,422,808.1599769592285,21,20.095238095238095,23.522127373825615,2011-06-15,2011-12-05,35.19047619047619,1.370146110824106,C,Z,lumpy,slow,False,True
23023,274,437.82000029087067,24,11.416666666666666,12.402372377078112,2011-06-20,2011-12-05,30.791666666666668,1.1801328277200847,C,Z,lumpy,slow,False,True
23024,255,667.8500094413757,10,25.5,31.788362650504666,2011-06-22,2011-11-14,73.9,1.554017685505575,C,Z,lumpy,slow,False,True
23025,350,760.799976348877,41,8.536585365853659,5.172511773672485,2011-06-27,2011-12-02,18.024390243902438,0.36714244897959164,C,Y,intermittent,medium,False,True
23026,556,1198.9599685668945,52,10.692307692307692,13.729228105543926,2011-06-16,2011-12-07,14.211538461538462,1.648729260349655,C,Z,lumpy,medium,False,False
23027,295,627.9499788284302,26,11.346153846153847,11.62047265025759,2011-06-22,2011-12-02,28.423076923076923,1.0489390405056018,C,Z,lumpy,slow,False,True
23028,1369,2377.129991054535,69,19.840579710144926,25.14933234314686,2011-06-14,2011-11-02,10.710144927536232,1.6067348190972477,B,Z,lumpy,medium,False,True
23029,1352,2303.9199805259705,93,14.53763440860215,17.402248192955927,2011-06-14,2011-12-08,7.946236559139785,1.432924243571729,B,Z,lumpy,medium,False,True
23031,1278,2152.29998254776,97,13.175257731958762,16.599454251369192,2011-06-14,2011-12-07,7.618556701030927,1.5873378803074036,B,Z,lumpy,medium,False,True
23032,2328,3853.6799812316895,104,22.384615384615383,24.87378145224666,2011-06-14,2011-11-27,7.105769230769231,1.2347651259558574,B,Z,lumpy,medium,False,True
23033,714,1058.900021314621,63,11.333333333333334,17.33633141978931,2011-06-14,2011-12-09,11.73015873015873,2.339909588123673,C,Z,lumpy,medium,False,True
23034,979,1448.6700336933136,69,14.18840579710145,18.026349474098158,2011-06-14,2011-12-09,10.710144927536232,1.6141666518857187,B,Z,lumpy,medium,False,True
23035,2191,3199.9900753498077,110,19.918181818181818,25.56450083780055,2011-06-14,2011-12-08,6.718181818181818,1.6473096773717995,B,Z,lumpy,medium,False,False
23036,184,232.42000007629395,16,11.5,6.460134157533676,2011-06-22,2011-12-06,46.1875,0.3155639571518589,C,Y,intermittent,slow,False,True
23037,196,325.15999698638916,19,10.31578947368421,6.566350513361854,2011-06-24,2011-12-09,38.89473684210526,0.40517550557638027,C,Y,intermittent,slow,False,True
23038,44,42.91999936103821,8,5.5,5.42481072744215,2011-07-11,2011-12-05,92.375,0.9728453364817001,C,Y,lumpy,slow,False,True
23039,199,399.710009098053,27,7.37037037037037,7.478935280805212,2011-06-19,2011-12-05,27.37037037037037,1.0296767952635228,C,Z,lumpy,slow,False,True
23040,253,1394.029977798462,38,6.657894736842105,19.042308961447265,2011-04-28,2011-12-09,19.44736842105263,8.180227189335284,B,Z,lumpy,medium,False,True
23041,272,1178.4800243377686,46,5.913043478260869,7.057938279244385,2011-04-28,2011-12-09,16.065217391304348,1.4247332756632067,C,Z,lumpy,medium,False,True
23042,103,711.5100092887878,26,3.9615384615384617,3.984778731430584,2011-04-28,2011-12-05,28.423076923076923,1.0117673673296255,C,Z,lumpy,slow,False,True
23043,81,543.5100002288818,20,4.05,3.804083678309265,2011-05-05,2011-12-05,36.95,0.8822467691863405,C,Y,lumpy,slow,False,True
23044,101,423.2900094985962,23,4.391304347826087,4.479642137033864,2011-05-08,2011-12-01,32.130434782608695,1.0406377271390506,C,Z,lumpy,slow,False,False
23045,118,497.9800109863281,23,5.130434782608695,6.503875402936083,2011-05-05,2011-12-07,32.130434782608695,1.6070747695280874,C,Z,lumpy,slow,False,True
23046,349,2111.4900102615356,30,11.633333333333333,43.30444218141688,2011-05-08,2011-12-05,24.633333333333333,13.856595934182067,B,Z,lumpy,slow,False,True
23047,58,333.5,23,2.5217391304347827,1.903813522605025,2011-05-08,2011-11-24,32.130434782608695,0.5699654091449571,C,Y,lumpy,slow,False,False
23048,577,2368.3700342178345,71,8.126760563380282,24.018998181478164,2011-04-28,2011-12-08,10.408450704225352,8.735240160600524,B,Z,lumpy,medium,False,True
23049,456,3896.8399810791016,113,4.035398230088496,3.602898643403628,2011-03-04,2011-12-01,6.539823008849558,0.7971339223882077,B,Y,lumpy,medium,False,False
23050,497,4286.549973487854,118,4.211864406779661,3.683763624745189,2011-03-04,2011-12-09,6.262711864406779,0.7649529916087012,B,Y,lumpy,fast,False,False
23051,365,3223.4899711608887,104,3.5096153846153846,3.2620060309233696,2011-03-04,2011-12-09,7.105769230769231,0.8638741307409359,B,Y,lumpy,medium,False,False
23052,654,5949.339939117432,136,4.8088235294117645,3.9205341772893805,2011-03-04,2011-12-09,5.4338235294117645,0.6646803018825577,A,Y,lumpy,fast,False,False
23053,364,3254.3199634552,98,3.7142857142857144,3.7000975189154865,2011-03-04,2011-12-09,7.540816326530612,0.9923747941194415,B,Y,lumpy,medium,False,True
23054,295,2604.9299812316895,91,3.241758241758242,2.1875438247833996,2011-03-04,2011-12-09,8.12087912087912,0.45535727281432536,B,Y,intermittent,medium,False,False
23055,657,1395.1799936294556,33,19.90909090909091,49.81864838865791,2011-04-19,2011-11-18,22.393939393939394,6.261538020474968,B,Z,lumpy,medium,False,True
23056,963,2898.1199617385864,34,28.323529411764707,93.20382375698622,2011-04-19,2011-11-23,21.735294117647058,10.82861017991694,B,Z,lumpy,medium,False,True
23057,773,1768.6699843406677,38,20.342105263157894,46.610100004989334,2011-04-18,2011-11-18,19.44736842105263,5.250108453404025,B,Z,lumpy,medium,False,True
23058,490,430.8600105047226,31,15.806451612903226,14.232402830252544,2011-09-14,2011-12-07,23.838709677419356,0.8107513536026656,C,Y,lumpy,medium,True,True
23060,249,528.1699819564819,39,6.384615384615385,4.398656401408483,2011-04-18,2011-12-07,18.94871794871795,0.47464684355685266,C,Y,intermittent,medium,False,False
23061,1015,1332.68000125885,88,11.534090909090908,9.596394034969551,2011-04-19,2011-12-08,8.397727272727273,0.6922283855524254,B,Y,lumpy,medium,False,False
23064,221,3717.560012817383,19,11.631578947368421,27.90103647281423,2011-04-28,2011-11-03,38.89473684210526,5.753913492534734,B,Z,lumpy,slow,False,True
23065,273,3427.4399642944336,68,4.014705882352941,6.530051420470954,2011-04-15,2011-10-20,10.867647058823529,2.6456094522356617,B,Z,lumpy,medium,False,True
23066,259,2137.809980392456,63,4.111111111111111,6.739654224669122,2011-04-18,2011-10-13,11.73015873015873,2.6875515445698532,B,Z,lumpy,medium,False,True
23067,294,1236.6600275039673,64,4.59375,4.363334788460595,2011-04-26,2011-12-07,11.546875,0.9021990396417713,B,Y,lumpy,medium,False,True
23068,809,1966.9299938678741,96,8.427083333333334,9.46099448613446,2011-04-18,2011-12-06,7.697916666666667,1.2604307840869327,B,Z,lumpy,medium,False,False
23069,88,556.210000038147,30,2.933333333333333,1.7798359733284477,2011-04-26,2011-12-04,24.633333333333333,0.36816044457110286,C,Y,intermittent,medium,False,False
23070,160,709.5400137901306,43,3.7209302325581395,2.5196899034012743,2011-05-04,2011-12-06,17.186046511627907,0.4585546874999998,C,Y,intermittent,medium,False,False
23071,315,1205.0999908447266,18,17.5,35.195671525311845,2011-04-20,2011-10-26,41.05555555555556,4.04484993997599,C,Z,lumpy,slow,False,True
23072,334,1273.759994506836,28,11.928571428571429,33.087906005208666,2011-05-08,2011-10-26,26.392857142857142,7.6941685491292855,B,Z,lumpy,slow,False,True
23073,143,1706.4999771118164,51,2.803921568627451,4.029985646838646,2011-04-19,2011-12-01,14.490196078431373,2.0657381779060113,B,Z,lumpy,medium,False,True
23074,246,547.2699880599976,40,6.15,7.505724311210574,2011-09-11,2011-12-09,18.475,1.4894810611645828,C,Z,lumpy,medium,True,True
23075,472,1960.300039768219,66,7.151515151515151,7.849041929271318,2011-04-18,2011-12-08,11.196969696969697,1.2045842264601245,B,Z,lumpy,medium,False,False
23076,8076,9935.75996017456,150,53.84,47.749637898764085,2011-03-24,2011-12-09,4.926666666666667,0.7865567504313201,A,Y,lumpy,fast,False,False
23077,10395,13695.769952774048,157,66.21019108280255,77.97452179604713,2011-03-24,2011-12-09,4.707006369426751,1.386933880732181,A,Z,lumpy,fast,False,False
23078,6831,8553.33997297287,146,46.78767123287671,44.75807904788457,2011-03-24,2011-12-07,5.061643835616438,0.9151241549611534,A,Y,lumpy,fast,False,False
23079,251,2225.449957847595,77,3.25974025974026,3.1681083406290083,2011-05-11,2011-12-07,9.597402597402597,0.9445698021501745,B,Y,lumpy,medium,False,False
23080,1074,9117.619937896729,130,8.261538461538462,18.682393919838766,2011-05-11,2011-12-09,5.684615384615385,5.113793559237367,A,Z,lumpy,fast,False,True
23081,483,4038.249979019165,93,5.193548387096774,8.159094771448672,2011-05-10,2011-12-08,7.946236559139785,2.468059303938556,B,Z,lumpy,medium,False,False
23082,2328,8558.759971618652,135,17.244444444444444,19.64895905741067,2011-05-11,2011-12-09,5.474074074074074,1.2983168108337044,A,Z,lumpy,fast,False,False
23083,1932,7250.899981498718,102,18.941176470588236,20.562786501377268,2011-05-15,2011-12-09,7.245098039215686,1.178555481411341,A,Z,lumpy,medium,False,True
23084,31673,66870.02876615524,140,226.2357142857143,427.5208878016142,2011-05-10,2011-12-09,5.2785714285714285,3.5710205256224397,A,Z,lumpy,fast,False,True
23085,376,3583.2299365997314,58,6.482758620689655,7.274664951132813,2011-05-16,2011-12-08,12.741379310344827,1.2592335580916982,B,Z,lumpy,medium,False,True
23086,1225,1451.4299793243408,38,32.23684210526316,53.46301283232671,2011-05-16,2011-12-08,19.44736842105263,2.750438092236343,B,Z,lumpy,medium,False,True
23087,868,1090.6599941253662,53,16.37735849056604,23.522678431261852,2011-05-13,2011-12-08,13.943396226415095,2.0629363668143954,C,Z,lumpy,medium,False,True
23088,795,1033.2799997329712,58,13.706896551724139,12.387045611103838,2011-05-12,2011-12-09,12.741379310344827,0.8166899349556598,C,Y,lumpy,medium,False,True
23089,2354,4215.780030250549,127,18.53543307086614,41.05915115127617,2011-05-12,2011-12-09,5.818897637795276,4.906981923507785,B,Z,lumpy,fast,False,False
23090,2237,1870.02998483181,83,26.951807228915662,33.57696060216677,2011-05-16,2011-12-07,8.903614457831326,1.5520545408262987,B,Z,lumpy,medium,False,False
23091,582,3656.319986343384,106,5.490566037735849,5.484602313175746,2011-05-11,2011-11-10,6.971698113207547,0.9978288265035004,B,Y,lumpy,medium,False,True
23092,523,3757.780002117157,84,6.226190476190476,15.958040757898559,2011-05-16,2011-12-08,8.797619047619047,6.569227984768646,B,Z,lumpy,medium,False,True
23093,939,2239.240001678467,98,9.581632653061224,17.420762271832604,2011-05-11,2011-12-09,7.540816326530612,3.305637871726893,B,Z,lumpy,medium,False,True
23094,152,1924.9199981689453,68,2.235294117647059,2.066922487400073,2011-05-11,2011-11-28,10.867647058823529,0.8550254268822095,B,Y,lumpy,medium,False,False
23096,1033,1736.6899901628494,92,11.228260869565217,15.313646331790324,2011-05-10,2011-12-08,8.032608695652174,1.8600826306762737,B,Z,lumpy,medium,False,True
23099,137,925.35001039505,49,2.795918367346939,2.1112752054616846,2011-05-16,2011-12-07,15.081632653061224,0.5702177349175057,C,Y,lumpy,medium,False,True
23100,2166,2739.3799934387207,107,20.242990654205606,19.053965625715545,2011-05-11,2011-12-08,6.906542056074766,0.8859748739755121,B,Y,lumpy,medium,False,True
23101,2031,1739.629988014698,98,20.724489795918366,21.210666744768464,2011-05-12,2011-12-08,7.540816326530612,1.0474684375460155,B,Z,lumpy,medium,False,True
23102,1274,1075.0299910902977,91,14.0,15.331159266162635,2011-05-11,2011-12-04,8.12087912087912,1.199206349206349,C,Z,lumpy,medium,False,False
23103,4072,6846.159916877747,133,30.616541353383457,29.138312227414477,2011-05-11,2011-12-09,5.556390977443609,0.9057670721734035,A,Y,lumpy,fast,False,True
23104,118,1405.4199810028076,39,3.0256410256410255,4.37388890845844,2011-05-11,2011-12-07,18.94871794871795,2.0897806135562984,B,Z,lumpy,medium,False,True
23106,291,815.5900265574455,46,6.326086956521739,4.371901939665197,2011-05-13,2011-12-08,16.065217391304348,0.4776068093459244,C,Y,intermittent,medium,False,False
23107,359,1009.5100326538086,54,6.648148148148148,5.118067911570668,2011-05-12,2011-12-08,13.685185185185185,0.5926669519476283,C,Y,lumpy,medium,False,True
23108,2219,13290.519884109497,147,15.095238095238095,36.823595274630264,2011-05-11,2011-12-08,5.0272108843537415,5.950760098188355,A,Z,lumpy,fast,False,True
23109,2386,6835.020196676254,121,19.71900826446281,24.718152284133172,2011-05-11,2011-12-08,6.107438016528926,1.571309980427412,A,Z,lumpy,fast,False,True
23110,700,4147.179969787598,127,5.511811023622047,5.691634269910285,2011-05-11,2011-12-09,5.818897637795276,1.0663145448655647,B,Z,lumpy,fast,False,False
23111,312,3839.239944458008,91,3.4285714285714284,4.017027251153263,2011-05-11,2011-12-09,8.12087912087912,1.3727237654320994,B,Z,lumpy,medium,False,True
23112,546,4507.0800132751465,129,4.232558139534884,4.024362581334653,2011-05-11,2011-12-09,5.728682170542636,0.9040414427605361,A,Y,lumpy,fast,False,False
23113,1154,5868.499957084656,39,29.58974358974359,150.20770145451368,2011-09-16,2011-12-08,18.94871794871795,25.769262958073398,A,Z,lumpy,medium,True,True
23114,149,737.9499826431274,28,5.321428571428571,8.533392236899875,2011-09-30,2011-12-07,26.392857142857142,2.571502451507856,C,Z,lumpy,slow,True,True
23115,152,770.3199825286865,34,4.470588235294118,6.902943132166018,2011-09-30,2011-12-08,21.735294117647058,2.38418114664652,C,Z,lumpy,medium,True,True
23116,76,382.43999671936035,21,3.619047619047619,7.5860147012525,2011-09-30,2011-12-05,35.19047619047619,4.393784626038782,C,Z,lumpy,slow,True,True
23117,93,501.22998332977295,32,2.90625,2.005787995744059,2011-09-30,2011-12-06,23.09375,0.476325810554269,C,Y,intermittent,medium,True,True
23118,823,6102.1800327301025,125,6.584,10.594569515832461,2011-05-10,2011-12-09,5.912,2.58932750982643,A,Z,lumpy,fast,False,False
23119,2282,1401.6999835968018,90,25.355555555555554,41.72389478171119,2011-06-17,2011-12-08,8.21111111111111,2.70784263416126,B,Z,lumpy,medium,False,True
23120,1685,682.3899945616722,71,23.732394366197184,48.5530513228215,2011-06-17,2011-12-08,10.408450704225352,4.185525033868647,C,Z,lumpy,medium,False,True
23121,2501,1000.4400018155575,75,33.346666666666664,69.08484664552742,2011-06-17,2011-12-06,9.853333333333333,4.292010137600735,C,Z,lumpy,medium,False,True
23122,2251,1726.089990913868,84,26.797619047619047,69.70778590623516,2011-06-17,2011-12-09,8.797619047619047,6.766594625684857,B,Z,lumpy,medium,False,True
23123,935,759.5700011849403,65,14.384615384615385,27.531625172070477,2011-06-17,2011-12-08,11.36923076923077,3.6632553118476365,C,Z,lumpy,medium,False,True
23124,567,751.3799962997437,35,16.2,31.301945062661563,2011-06-17,2011-11-03,21.114285714285714,3.7334696109811105,C,Z,lumpy,medium,False,True
23125,459,574.8799905776978,28,16.392857142857142,56.34637540396029,2011-06-17,2011-11-29,26.392857142857142,11.814698964750464,C,Z,lumpy,slow,False,True
23126,1109,5532.0398416519165,150,7.3933333333333335,7.958699319272348,2011-03-02,2011-12-09,4.926666666666667,1.1587870161651315,A,Z,lumpy,fast,False,False
23127,736,3758.9998722076416,125,5.888,5.951708889863265,2011-03-02,2011-12-09,5.912,1.0217573229979726,B,Z,lumpy,fast,False,False
23128,448,2258.65993309021,100,4.48,5.670194979990645,2011-03-03,2011-12-08,7.39,1.6019168083900222,B,Z,lumpy,medium,False,False
23129,950,3999.5000705718994,83,11.44578313253012,14.29331500920605,2011-05-18,2011-12-05,8.903614457831326,1.5594623876765088,B,Z,lumpy,medium,False,True
23130,962,3988.9800662994385,95,10.126315789473685,12.369525099041267,2011-05-01,2011-12-04,7.778947368421052,1.492117825996713,B,Z,lumpy,medium,False,True
23131,990,3835.9800701141357,85,11.647058823529411,27.8780105708667,2011-04-26,2011-12-08,8.694117647058823,5.729160897090188,B,Z,lumpy,medium,False,True
23132,1020,5138.599936723709,105,9.714285714285714,23.338526371363148,2011-04-19,2011-12-08,7.038095238095238,5.771983963268565,A,Z,lumpy,medium,False,True
23133,782,5525.39995765686,107,7.308411214953271,19.717538986353336,2011-04-20,2011-12-08,6.906542056074766,7.278794624207041,A,Z,lumpy,medium,False,True
23134,1173,6431.110118865967,36,32.583333333333336,94.56196003528208,2011-04-20,2011-09-23,20.52777777777778,8.422517233291625,A,Z,lumpy,medium,False,True
23135,1669,5416.179896831512,39,42.794871794871796,111.93728965413945,2011-04-19,2011-12-08,18.94871794871795,6.841732891790731,A,Z,lumpy,medium,False,True
23136,135,511.88999938964844,42,3.2142857142857144,2.718820711764159,2011-04-21,2011-12-06,17.595238095238095,0.7154712436013247,C,Y,lumpy,medium,False,False
23137,83,275.61999893188477,21,3.9523809523809526,5.463297451870898,2011-04-21,2011-12-07,35.19047619047619,1.9106982145449265,C,Z,lumpy,slow,False,True
23138,879,1231.5100269317627,61,14.40983606557377,32.09277023940663,2011-04-21,2011-12-05,12.114754098360656,4.9601673998661715,B,Z,lumpy,medium,False,True
23139,414,528.7000045776367,26,15.923076923076923,48.19869133237796,2011-04-21,2011-12-07,28.423076923076923,9.162553151765504,C,Z,lumpy,slow,False,True
23140,182,766.1000146865845,44,4.136363636363637,4.752433448102869,2011-04-19,2011-11-13,16.795454545454547,1.320063019015229,C,Z,lumpy,medium,False,False
23141,79,272.9100058078766,24,3.2916666666666665,3.0854379812648776,2011-04-19,2011-12-09,30.791666666666668,0.8786217370404688,C,Y,lumpy,slow,False,True
23142,121,1220.8199577331543,30,4.033333333333333,9.611355831491217,2011-04-21,2011-11-27,24.633333333333333,5.678597420093314,B,Z,lumpy,medium,False,True
23143,30,239.9699993133545,14,2.142857142857143,2.1788191176076888,2011-05-04,2011-12-09,52.785714285714285,1.0338461538461539,C,Z,lumpy,slow,False,True
23144,5089,4197.829997479916,143,35.58741258741259,45.93172040140448,2011-04-21,2011-12-08,5.1678321678321675,1.6658373612415323,B,Z,lumpy,fast,False,True
23145,2084,1979.4799807071686,112,18.607142857142858,16.84393501288065,2011-04-21,2011-12-09,6.598214285714286,0.8194599453547068,B,Y,lumpy,medium,False,False
23146,798,2645.2599840164185,124,6.435483870967742,5.518987086699187,2011-04-19,2011-12-05,5.959677419354839,0.7354554040009657,B,Y,lumpy,fast,False,False
23147,1868,2752.2000863552094,139,13.43884892086331,9.98412878777727,2011-04-21,2011-12-08,5.316546762589928,0.5519455110767506,B,Y,lumpy,fast,False,False
23148,2139,1816.3099692463875,130,16.453846153846154,14.465200978762542,2011-04-21,2011-12-08,5.684615384615385,0.772883578030105,B,Y,lumpy,fast,False,False
23149,99,251.45000100135803,19,5.2105263157894735,3.6450719756408563,2011-05-03,2011-11-29,38.89473684210526,0.4893831695178496,C,Y,intermittent,slow,False,True
23150,148,390.75000166893005,43,3.441860465116279,2.5100021398339893,2011-04-21,2011-12-05,17.186046511627907,0.5318163240460537,C,Y,lumpy,medium,False,False
23151,61,114.33000093698502,19,3.210526315789474,2.954825570494269,2011-05-05,2011-12-09,38.89473684210526,0.8470542566215772,C,Y,lumpy,slow,False,True
23152,554,2080.6500091552734,111,4.990990990990991,6.062545963080492,2011-04-20,2011-12-04,6.657657657657658,1.4754908361067707,B,Z,lumpy,medium,False,False
23153,263,1020.6900033950806,71,3.704225352112676,3.658236757928931,2011-04-18,2011-12-08,10.408450704225352,0.9753237928634424,C,Y,lumpy,medium,False,False
23154,2701,5842.879877567291,145,18.627586206896552,28.648721327774386,2011-03-25,2011-12-07,5.096551724137931,2.3653604015583083,A,Z,lumpy,fast,False,False
23155,2221,1904.7699916362762,91,24.406593406593405,26.061456436652033,2011-03-25,2011-12-08,8.12087912087912,1.1402052398517522,B,Z,lumpy,medium,False,False
23156,1665,3423.289921760559,128,13.0078125,19.259723423722047,2011-03-25,2011-12-08,5.7734375,2.1922574571450215,B,Z,lumpy,fast,False,False
23157,3009,5143.0599192380905,84,35.82142857142857,56.76121209007606,2011-03-31,2011-12-05,8.797619047619047,2.510831210437207,A,Z,lumpy,medium,False,True
23158,2633,5513.8298988342285,140,18.807142857142857,29.227437692691506,2011-03-25,2011-12-09,5.2785714285714285,2.4151040146141303,A,Z,lumpy,fast,False,False
23159,2293,4713.5198884010315,137,16.73722627737226,24.463739695658777,2011-03-25,2011-11-28,5.394160583941606,2.1363810590045236,A,Z,lumpy,fast,False,False
23160,1450,1794.479986190796,64,22.65625,26.870186907508558,2011-05-03,2011-12-08,11.546875,1.4065828511031837,B,Z,lumpy,medium,False,False
23161,1715,2145.299983024597,76,22.56578947368421,27.773049539108126,2011-05-03,2011-12-08,9.723684210526315,1.5147678308641237,B,Z,lumpy,medium,False,False
23162,1412,5143.689974784851,107,13.19626168224299,18.010185405652287,2011-04-27,2011-12-08,6.906542056074766,1.8626640357453201,A,Z,lumpy,medium,False,False
23163,1832,4515.2199540138245,132,13.878787878787879,20.426008829124832,2011-04-27,2011-12-08,5.598484848484849,2.166027441089376,A,Z,lumpy,fast,False,False
23164,578,2718.649971008301,72,8.027777777777779,12.215174379967744,2011-05-03,2011-12-08,10.26388888888889,2.3153073925407304,B,Z,lumpy,medium,False,True
23165,3114,5141.060012817383,131,23.770992366412212,31.215027171465444,2011-05-12,2011-12-09,5.641221374045801,1.724379334351825,A,Z,lumpy,fast,False,False
23166,78033,81700.91710186005,125,624.264,6635.405617744854,2011-01-18,2011-12-09,5.912,112.97916760533424,A,Z,lumpy,fast,False,True
23167,5847,4476.009958267212,127,46.039370078740156,130.59730919071043,2011-05-11,2011-12-09,5.818897637795276,8.046549958211736,A,Z,lumpy,fast,False,True
23168,3291,4558.669946670532,146,22.541095890410958,25.064916190131733,2011-05-12,2011-12-09,5.061643835616438,1.2364668023597294,A,Z,lumpy,fast,False,False
23169,1562,6662.840089797974,147,10.625850340136054,9.876782574919984,2011-05-12,2011-12-06,5.0272108843537415,0.8639798169894221,A,Y,lumpy,fast,False,False
23170,6857,11097.25007712841,158,43.39873417721519,79.15404153535759,2011-05-10,2011-12-09,4.677215189873418,3.326534744734735,A,Z,lumpy,fast,False,False
23171,6247,10051.990088939667,154,40.564935064935064,119.7751665710382,2011-05-10,2011-12-09,4.798701298701299,8.718303766212498,A,Z,lumpy,fast,False,True
23172,3861,6344.410011172295,139,27.776978417266186,35.50791770562428,2011-05-10,2011-12-09,5.316546762589928,1.634106684799417,A,Z,lumpy,fast,False,True
23173,2766,24879.12905216217,162,17.074074074074073,54.0636334935846,2011-05-10,2011-12-09,4.561728395061729,10.026194795334956,A,Z,lumpy,fast,False,True
23174,3055,12342.43011379242,143,21.363636363636363,69.80874732857728,2011-05-10,2011-12-08,5.1678321678321675,10.677493990652831,A,Z,lumpy,fast,False,True
23175,3162,9587.150002479553,135,23.42222222222222,71.70008708197076,2011-05-10,2011-12-09,5.474074074074074,9.37094032070241,A,Z,lumpy,fast,False,True
23176,2165,4693.08004617691,142,15.246478873239436,40.07124623402394,2011-03-02,2011-12-08,5.204225352112676,6.907590541954822,A,Z,lumpy,fast,False,True
23177,2532,5521.290056228638,154,16.441558441558442,53.36824678472816,2011-03-02,2011-12-09,4.798701298701299,10.536100651594946,A,Z,lumpy,fast,False,False
23178,327,936.8900227546692,59,5.5423728813559325,9.355658501489529,2011-03-03,2011-12-09,12.525423728813559,2.8494250616183927,C,Z,lumpy,medium,False,True
23179,324,930.4800214767456,45,7.2,11.875490420495176,2011-03-03,2011-12-08,16.42222222222222,2.720433501683501,C,Z,lumpy,medium,False,True
23180,122,621.0899809598923,45,2.7111111111111112,2.242383292009381,2011-03-04,2011-12-08,16.42222222222222,0.6841086218269771,C,Y,lumpy,medium,False,True
23181,201,1733.5699882507324,68,2.9558823529411766,2.7177351387616957,2011-03-08,2011-12-09,10.867647058823529,0.8453566429381274,B,Y,lumpy,medium,False,False
23182,3741,3688.2099638581276,189,19.793650793650794,20.991000146079873,2011-03-01,2011-12-09,3.9100529100529102,1.124642406461819,B,Z,lumpy,fast,False,False
23183,226,967.1700010299683,67,3.373134328358209,2.448473989165882,2011-03-03,2011-12-09,11.029850746268657,0.5268945623515282,C,Y,lumpy,medium,False,True
23184,874,4764.499906539917,153,5.712418300653595,6.987463588657961,2011-03-06,2011-12-09,4.830065359477124,1.4962325967207133,A,Z,lumpy,fast,False,False
23185,317,114.84999766945839,28,11.321428571428571,8.550735603740732,2011-03-04,2011-12-06,26.392857142857142,0.5704328058018512,C,Y,lumpy,slow,False,True
23186,1982,819.4599752426147,55,36.03636363636364,44.40218698165901,2011-03-08,2011-12-07,13.436363636363636,1.518192359255876,C,Z,lumpy,medium,False,True
23187,2338,695.0599808692932,54,43.2962962962963,36.365871222855986,2011-03-08,2011-11-03,13.685185185185185,0.7054829121877944,C,Y,lumpy,medium,False,True
23188,3471,6447.769945383072,127,27.330708661417322,29.46697239609503,2011-06-14,2011-12-09,5.818897637795276,1.1624365239131578,A,Z,lumpy,fast,False,True
23189,1249,3507.5100808143616,79,15.810126582278482,20.111277579537493,2011-08-03,2011-12-08,9.354430379746836,1.6181121777387422,B,Z,lumpy,medium,False,True
23190,1702,2761.8999874591827,120,14.183333333333334,17.751308785141294,2011-05-09,2011-12-09,6.158333333333333,1.566405278241212,B,Z,lumpy,fast,False,False
23191,2201,3628.8899776935577,143,15.391608391608392,16.789095624895968,2011-05-10,2011-12-09,5.1678321678321675,1.1898346036304532,B,Z,lumpy,fast,False,False
23192,3516,6114.240001916885,152,23.13157894736842,31.198931084280314,2011-05-10,2011-12-08,4.8618421052631575,1.819151515849683,A,Z,lumpy,fast,False,False
23193,1922,4079.280054092407,121,15.884297520661157,52.78023463422721,2011-03-02,2011-12-09,6.107438016528926,11.040954167077237,B,Z,lumpy,fast,False,True
23194,1835,4077.37002658844,131,14.007633587786259,39.07655133653708,2011-03-02,2011-12-09,5.641221374045801,7.782209376929307,B,Z,lumpy,fast,False,True
23196,1884,2842.2400641441345,119,15.831932773109244,15.865600421704968,2011-06-23,2011-12-09,6.2100840336134455,1.0042576541115602,B,Z,lumpy,fast,False,False
23197,1478,2303.500043153763,114,12.964912280701755,17.317406366617764,2011-06-23,2011-12-09,6.482456140350878,1.7841301434171128,B,Z,lumpy,medium,False,False
23198,3342,5062.600104689598,140,23.87142857142857,21.47203061342653,2011-06-22,2011-12-09,5.2785714285714285,0.8090761805493286,A,Y,lumpy,fast,False,False
23199,14908,30450.68940758705,198,75.29292929292929,109.42412734485383,2011-04-11,2011-12-09,3.7323232323232323,2.112116143352721,A,Z,lumpy,fast,False,False
23200,7167,14188.959656953812,180,39.81666666666667,50.14587380052198,2011-05-06,2011-12-09,4.105555555555555,1.586136678344245,A,Z,lumpy,fast,False,False
23201,13366,27850.82932496071,198,67.5050505050505,90.56757005648616,2011-04-11,2011-12-09,3.7323232323232323,1.800001629889546,A,Z,lumpy,fast,False,False
23202,11041,21810.42942881584,184,60.005434782608695,63.6092491884914,2011-05-06,2011-12-09,4.016304347826087,1.1237232461515876,A,Z,lumpy,fast,False,False
23203,20285,41493.3388774395,183,110.84699453551913,124.64524860242088,2011-05-06,2011-12-09,4.038251366120218,1.2644556799738451,A,Z,lumpy,fast,False,False
23204,7976,7741.940207242966,186,42.88172043010753,51.70756637870232,2011-04-11,2011-12-09,3.9731182795698925,1.453997949689564,A,Z,lumpy,fast,False,False
23205,5857,5726.380153656006,176,33.27840909090909,45.41462055043794,2011-04-11,2011-12-09,4.198863636363637,1.8623712873427665,A,Z,lumpy,fast,False,False
23206,12147,20852.580047011375,198,61.34848484848485,64.71056035963642,2011-04-11,2011-12-09,3.7323232323232323,1.1126091795415576,A,Z,lumpy,fast,False,False
23207,7830,13325.549958109856,196,39.94897959183673,57.44515733739032,2011-04-11,2011-12-09,3.770408163265306,2.067737790694294,A,Z,lumpy,fast,False,False
23208,6308,10441.909954190254,190,33.2,34.89988705428882,2011-04-12,2011-12-09,3.889473684210526,1.1050244197290209,A,Z,lumpy,fast,False,False
23209,13270,21418.81993484497,182,72.91208791208791,65.45584287813622,2011-05-06,2011-12-08,4.06043956043956,0.8059308300378578,A,Y,lumpy,fast,False,False
23210,2849,3551.529980659485,87,32.747126436781606,34.99508882181353,2011-06-02,2011-12-09,8.494252873563218,1.1420044784913732,B,Z,lumpy,medium,False,True
23211,2329,2930.569981575012,82,28.402439024390244,34.80026243554287,2011-06-02,2011-12-08,9.012195121951219,1.5012525766789824,B,Z,lumpy,medium,False,True
23212,2296,2860.8899784088135,89,25.797752808988765,32.65250226221042,2011-06-02,2011-12-09,8.303370786516854,1.6020246060135153,B,Z,lumpy,medium,False,True
23213,1682,2138.419990539551,77,21.844155844155843,28.219564385026505,2011-06-02,2011-12-09,9.597402597402597,1.6688990916213682,B,Z,lumpy,medium,False,True
23214,789,1695.039945602417,66,11.954545454545455,10.541393599566378,2011-06-01,2011-12-08,11.196969696969697,0.7775528610526946,B,Y,lumpy,medium,False,True
23215,3564,7038.399803161621,93,38.32258064516129,79.82428546369597,2011-06-01,2011-12-09,7.946236559139785,4.338709630216183,A,Z,lumpy,medium,False,True
23216,525,630.7299919128418,39,13.461538461538462,23.37097407361956,2011-06-02,2011-12-08,18.94871794871795,3.0141456498388832,C,Z,lumpy,medium,False,True
23217,1309,1613.8199825286865,66,19.833333333333332,33.24852030638511,2011-06-02,2011-12-06,11.196969696969697,2.8103034879110034,B,Z,lumpy,medium,False,True
23218,379,483.0299987792969,33,11.484848484848484,15.36457209809553,2011-07-18,2011-12-08,22.393939393939394,1.7897418738382491,C,Z,lumpy,medium,False,True
23219,430,568.5999994277954,44,9.772727272727273,8.831401785972906,2011-06-02,2011-12-08,16.795454545454547,0.8166345101689161,C,Y,lumpy,medium,False,True
23220,993,869.1499908566475,60,16.55,21.25903596519587,2011-06-09,2011-12-09,12.316666666666666,1.6500273278611601,C,Z,lumpy,medium,False,True
23221,1536,1363.0399824380875,77,19.948051948051948,22.793637214603336,2011-05-31,2011-12-08,9.597402597402597,1.3056485248587986,B,Z,lumpy,medium,False,True
23222,799,718.5299942493439,51,15.666666666666666,24.38824853626571,2011-06-23,2011-12-08,14.490196078431373,2.4233046627433223,C,Z,lumpy,medium,False,True
23223,801,750.1899890303612,57,14.052631578947368,14.790707812474185,2011-06-23,2011-12-08,12.964912280701755,1.1078031473499217,C,Z,lumpy,medium,False,True
23224,738,649.0199972391129,48,15.375,24.172804307425864,2011-06-02,2011-12-09,15.395833333333334,2.4718597367603157,C,Z,lumpy,medium,False,True
23225,1355,1176.170002937317,61,22.21311475409836,34.05148785496183,2011-06-02,2011-12-08,12.114754098360656,2.349921015962929,C,Z,lumpy,medium,False,True
23226,1247,1596.6699981689453,73,17.08219178082192,15.567731427412363,2011-05-31,2011-12-05,10.123287671232877,0.8305455859812456,B,Y,lumpy,medium,False,True
23227,1642,2070.0599937438965,88,18.65909090909091,21.804716543258948,2011-05-26,2011-12-08,8.397727272727273,1.3655887469719217,B,Z,lumpy,medium,False,True
23228,1492,1959.9999961853027,83,17.97590361445783,22.650567162238662,2011-05-26,2011-12-08,8.903614457831326,1.5877301820612528,B,Z,lumpy,medium,False,False
23229,1869,6739.710036277771,115,16.252173913043478,22.972845708999326,2011-06-14,2011-12-09,6.426086956521739,1.9980514607246813,A,Z,lumpy,medium,False,False
23230,7976,3217.919925928116,152,52.473684210526315,58.87442550369119,2011-01-13,2011-12-08,4.8618421052631575,1.2588391757002961,B,Z,lumpy,fast,False,False
23231,7277,3008.3399145901203,166,43.83734939759036,34.199114682297534,2011-01-12,2011-12-08,4.451807228915663,0.6086129000467321,B,Y,lumpy,fast,False,False
23232,8526,3436.9199301600456,154,55.36363636363637,67.63974333329264,2011-01-17,2011-12-08,4.798701298701299,1.4926386637801299,B,Z,lumpy,fast,False,False
23233,5175,2105.499955266714,111,46.62162162162162,65.84127664371121,2011-01-16,2011-12-08,6.657657657657658,1.9944434897175927,B,Z,lumpy,medium,False,False
23234,1938,5079.780125141144,109,17.779816513761467,30.5054208291907,2011-06-14,2011-12-09,6.779816513761468,2.9437402874816705,A,Z,lumpy,medium,False,True
23235,736,1950.6600453853607,71,10.366197183098592,19.216242710358873,2011-06-08,2011-12-09,10.408450704225352,3.4363549718977855,B,Z,lumpy,medium,False,True
23236,2493,7059.970180273056,125,19.944,31.260173569782093,2011-06-08,2011-12-08,5.912,2.4567345818917294,A,Z,lumpy,fast,False,False
23237,1053,4274.390070915222,103,10.223300970873787,13.65322057735898,2011-06-08,2011-12-09,7.174757281553398,1.7835608066942132,B,Z,lumpy,medium,False,False
23238,1849,7771.610103130341,132,14.007575757575758,22.551212696398085,2011-06-07,2011-12-09,5.598484848484849,2.591873744514032,A,Z,lumpy,fast,False,False
23239,842,3353.8400547504425,99,8.505050505050505,11.31043742037771,2011-06-08,2011-12-09,7.4646464646464645,1.7684997735701502,B,Z,lumpy,medium,False,True
23240,4177,17000.170248031616,154,27.123376623376622,35.65472182648315,2011-06-07,2011-12-09,4.798701298701299,1.728011371541894,A,Z,lumpy,fast,False,False
23241,2165,4669.5499086380005,142,15.246478873239436,23.407032531077025,2011-06-08,2011-12-09,5.204225352112676,2.356967558077829,A,Z,lumpy,fast,False,False
23242,1470,3024.62993144989,114,12.894736842105264,22.923639466505133,2011-06-08,2011-12-08,6.482456140350878,3.160400865421116,B,Z,lumpy,medium,False,True
23243,4800,23489.419813156128,150,32.0,128.92399300810675,2011-06-08,2011-12-09,4.926666666666667,16.231832005033553,A,Z,lumpy,fast,False,True
23244,936,1733.980017900467,81,11.555555555555555,20.504877468543917,2011-06-08,2011-12-08,9.123456790123457,3.1487102440828405,B,Z,lumpy,medium,False,True
23245,6345,31118.549744606018,156,40.67307692307692,62.60476777283675,2011-06-08,2011-12-09,4.737179487179487,2.369194750341594,A,Z,lumpy,fast,False,False
23247,2194,6681.250151395798,105,20.895238095238096,28.981069354880294,2011-06-08,2011-12-09,7.038095238095238,1.9236859101934605,A,Z,lumpy,medium,False,True
23249,842,1426.0999896526337,58,14.517241379310345,18.235536329896068,2011-06-14,2011-12-07,12.741379310344827,1.5778615240602616,B,Z,lumpy,medium,False,True
23250,1179,1531.0299987792969,76,15.513157894736842,14.898316165305511,2011-06-14,2011-12-08,9.723684210526315,0.9223036922412119,B,Y,lumpy,medium,False,False
23251,1712,2105.7499837875366,84,20.38095238095238,27.362759302972425,2011-06-14,2011-12-09,8.797619047619047,1.8024815657073225,B,Z,lumpy,medium,False,False
23252,603,2261.6099967956543,90,6.7,8.982442299448484,2011-06-12,2011-12-08,8.21111111111111,1.7973773593878677,B,Z,lumpy,medium,False,True
23253,258,3848.859986305237,56,4.607142857142857,6.005084425804434,2011-04-18,2011-12-08,13.196428571428571,1.6989276212640196,B,Z,lumpy,medium,False,True
23254,1703,6903.110113143921,150,11.353333333333333,19.472622897431993,2011-04-07,2011-12-09,4.926666666666667,2.9417253916444763,A,Z,lumpy,fast,False,False
23255,1014,4097.220061302185,105,9.657142857142857,16.209463387068162,2011-04-10,2011-12-09,7.038095238095238,2.8173445567247426,B,Z,lumpy,medium,False,False
23256,2113,8667.07013463974,172,12.284883720930232,16.76445709302353,2011-04-07,2011-12-09,4.296511627906977,1.86224530042188,A,Z,lumpy,fast,False,False
23263,3863,5147.189999580383,136,28.404411764705884,26.277825795531587,2011-06-02,2011-12-08,5.4338235294117645,0.8558689263019139,A,Y,lumpy,fast,False,True
23264,1963,2690.8100061416626,104,18.875,16.63000417423133,2011-06-09,2011-12-09,7.105769230769231,0.7762664131150782,B,Y,lumpy,medium,False,True
23265,1769,2404.7900047302246,103,17.174757281553397,14.951835866335726,2011-06-09,2011-12-09,7.174757281553398,0.7578928770968593,B,Y,lumpy,medium,False,True
23266,2053,2743.8200035095215,108,19.00925925925926,15.46506184158124,2011-06-09,2011-12-09,6.842592592592593,0.6618703620682467,B,Y,lumpy,medium,False,True
23267,1202,1531.9499979019165,71,16.929577464788732,16.089325603963083,2011-06-23,2011-12-08,10.408450704225352,0.9031989905106258,B,Y,lumpy,medium,False,True
23268,1839,2018.1400380134583,55,33.43636363636364,74.85436814893589,2011-06-12,2011-11-22,13.436363636363636,5.011828692540036,B,Z,lumpy,medium,False,True
23269,779,1152.9800333976746,59,13.203389830508474,18.935261451640002,2011-06-12,2011-12-08,12.525423728813559,2.056703656226716,C,Z,lumpy,medium,False,True
23270,1270,1646.3200407028198,82,15.487804878048781,29.93088495407874,2011-06-02,2011-12-09,9.012195121951219,3.734731443783876,B,Z,lumpy,medium,False,True
23271,1731,1496.8899762034416,59,29.338983050847457,28.03483680726628,2011-06-13,2011-12-08,12.525423728813559,0.9130739495053474,B,Y,lumpy,medium,False,True
23272,364,562.2199915647507,33,11.030303030303031,8.114357832281186,2011-06-22,2011-12-09,22.393939393939394,0.541169639083444,C,Y,lumpy,medium,False,False
23273,969,1649.0499789714813,74,13.094594594594595,9.826116889242988,2011-06-05,2011-12-08,9.986486486486486,0.5630924930971137,B,Y,lumpy,medium,False,True
23274,1180,2004.9999797344208,70,16.857142857142858,21.802330492560476,2011-06-05,2011-12-09,10.557142857142857,1.6727764385546382,B,Z,lumpy,medium,False,True
23275,3720,4521.719959259033,124,30.0,45.688232994353605,2011-06-02,2011-12-09,5.959677419354839,2.3193495934959354,A,Z,lumpy,fast,False,True
23280,2023,1614.1600140333176,108,18.73148148148148,37.243479384493675,2011-05-09,2011-12-09,6.842592592592593,3.9532678423829437,B,Z,lumpy,medium,False,False
23281,1280,1000.8200112581253,80,16.0,34.17712611333914,2011-05-10,2011-12-08,9.2375,4.5627966772151884,C,Z,lumpy,medium,False,True
23282,812,757.8599969148636,91,8.923076923076923,12.31911862759198,2011-05-09,2011-12-05,8.12087912087912,1.906031179812392,C,Z,lumpy,medium,False,True
23283,1011,7003.379940032959,110,9.190909090909091,16.64992793027654,2011-04-27,2011-12-08,6.718181818181818,3.2817672379387313,A,Z,lumpy,medium,False,True
23284,5500,38133.639607429504,146,37.67123287671233,69.67640570216707,2011-04-27,2011-12-09,5.061643835616438,3.4209900502707318,A,Z,lumpy,fast,False,True
23285,4807,4572.410163998604,106,45.34905660377358,202.70725043780234,2011-06-12,2011-12-09,6.971698113207547,19.98030216899839,A,Z,lumpy,medium,False,True
23286,5048,4747.620166540146,117,43.14529914529915,185.53553730407407,2011-06-12,2011-12-08,6.316239316239316,18.492143016797737,A,Z,lumpy,fast,False,True
23287,1879,1603.3900445699692,107,17.560747663551403,26.55651771972353,2011-06-13,2011-12-09,6.906542056074766,2.286947781939196,B,Z,lumpy,medium,False,True
23288,4625,4444.230158686638,109,42.43119266055046,200.3789173029196,2011-06-12,2011-12-08,6.779816513761468,22.301474241376496,A,Z,lumpy,medium,False,True
23289,1622,2013.6999816894531,107,15.158878504672897,24.889245056552024,2011-06-13,2011-12-08,6.906542056074766,2.6958101435049597,B,Z,lumpy,medium,False,False
23290,2430,2890.349953651428,118,20.593220338983052,35.186496362850846,2011-06-13,2011-12-09,6.262711864406779,2.919466640265298,B,Z,lumpy,fast,False,False
23291,1634,2059.029980659485,108,15.12962962962963,25.10988657082826,2011-06-13,2011-12-08,6.842592592592593,2.7544374107995724,B,Z,lumpy,medium,False,True
23292,2181,2703.3299674987793,118,18.483050847457626,29.267914537629903,2011-06-13,2011-12-09,6.262711864406779,2.507472853255204,B,Z,lumpy,fast,False,False
23293,8471,6989.540024757385,128,66.1796875,80.42989157128892,2011-07-12,2011-12-09,5.7734375,1.4770171643632042,A,Z,lumpy,fast,False,False
23294,4392,3607.810015499592,118,37.220338983050844,57.46215932011486,2011-07-12,2011-12-09,6.262711864406779,2.383434577758337,B,Z,lumpy,fast,False,True
23295,6134,5073.450018942356,127,48.2992125984252,60.617106255607816,2011-07-12,2011-12-09,5.818897637795276,1.5751078607409215,A,Z,lumpy,fast,False,False
23296,4979,5985.549921989441,121,41.14876033057851,61.352079719846614,2011-07-12,2011-12-08,6.107438016528926,2.2230286827087915,A,Z,lumpy,fast,False,True
23297,4303,6792.230022907257,58,74.1896551724138,108.57731611767537,2011-07-12,2011-11-22,12.741379310344827,2.1418620675644493,A,Z,lumpy,medium,False,True
23298,8634,43133.329327106476,185,46.67027027027027,53.74258727886624,2011-05-04,2011-12-09,3.9945945945945946,1.326039646633197,A,Z,lumpy,fast,False,False
23299,1012,3772.8800377845764,93,10.881720430107526,19.991220606950787,2011-05-04,2011-12-09,7.946236559139785,3.3750755243658004,B,Z,lumpy,medium,False,True
23300,6809,11785.990036845207,174,39.132183908045974,70.13611702943057,2011-05-15,2011-12-09,4.247126436781609,3.21229383808606,A,Z,lumpy,fast,False,False
23301,8807,16327.350018262863,174,50.61494252873563,57.521305484826726,2011-05-15,2011-12-09,4.247126436781609,1.2915165389956014,A,Z,lumpy,fast,False,True
23302,1536,2181.419997751713,119,12.907563025210084,30.18810844469146,2011-05-15,2011-12-09,6.2100840336134455,5.469949215818933,B,Z,lumpy,fast,False,True
23303,65,126.75000309944153,6,10.833333333333334,7.600438583836242,2011-10-26,2011-12-05,123.16666666666667,0.49221301775147924,C,Y,lumpy,slow,True,True
23304,71,138.45000338554382,6,11.833333333333334,5.741660619251775,2011-10-30,2011-12-06,123.16666666666667,0.23542947827811944,C,X,intermittent,slow,True,True
23305,82,159.9000039100647,8,10.25,7.497618669570073,2011-10-23,2011-12-06,92.375,0.5350556641454917,C,Y,lumpy,slow,True,True
23306,3538,4123.38011598587,123,28.764227642276424,69.44452690030204,2011-06-05,2011-12-05,6.008130081300813,5.8286853693867595,B,Z,lumpy,fast,False,True
23307,12049,6371.89005446434,157,76.7452229299363,100.95536615057875,2011-06-03,2011-12-09,4.707006369426751,1.730438275008084,A,Z,lumpy,fast,False,False
23308,6139,3272.610034406185,150,40.92666666666667,68.39611204722628,2011-06-05,2011-12-09,4.926666666666667,2.792865887747141,B,Z,lumpy,fast,False,False
23309,8275,4495.849986553192,152,54.44078947368421,96.95351064227985,2011-06-02,2011-12-09,4.8618421052631575,3.171598834626645,A,Z,lumpy,fast,False,False
23310,12050,4997.2798909544945,123,97.96747967479675,112.02648508272198,2011-06-09,2011-12-09,6.008130081300813,1.3076079392798237,A,Z,lumpy,fast,False,False
23311,2390,6488.19989490509,99,24.141414141414142,17.819967074919823,2011-07-14,2011-12-09,7.4646464646464645,0.5448643356083702,A,Y,lumpy,medium,False,True
23312,1423,5964.150094985962,92,15.467391304347826,18.47329589574615,2011-07-17,2011-12-09,8.032608695652174,1.426443675227706,A,Z,lumpy,medium,False,True
23313,2990,15798.659680843353,104,28.75,34.38919168655129,2011-07-12,2011-12-09,7.105769230769231,1.430764769578064,A,Z,lumpy,medium,False,True
23314,407,5012.960027694702,73,5.575342465753424,11.677278279037814,2011-07-15,2011-12-09,10.123287671232877,4.386722494216354,A,Z,lumpy,medium,False,True
23315,213,2094.2399406433105,64,3.328125,4.159726362718876,2011-06-23,2011-12-08,11.546875,1.5621770966609951,B,Z,lumpy,medium,False,False
23316,250,2501.639928817749,80,3.125,3.21930490178127,2011-06-23,2011-12-08,9.2375,1.06126582278481,B,Z,lumpy,medium,False,False
23317,173,1777.4599533081055,59,2.9322033898305087,2.6513783453768225,2011-06-26,2011-12-09,12.525423728813559,0.8176270046005429,B,Y,lumpy,medium,False,False
23318,3809,9162.409878253937,98,38.86734693877551,41.02592536008893,2011-07-04,2011-12-09,7.540816326530612,1.1141584981957688,A,Z,lumpy,medium,False,True
23319,3720,9219.529886960983,104,35.76923076923077,42.43492579889683,2011-07-07,2011-12-09,7.105769230769231,1.4074328812916255,A,Z,lumpy,medium,False,True
23320,2661,7053.570198535919,98,27.153061224489797,24.439427347812313,2011-07-05,2011-12-09,7.540816326530612,0.8101108584166834,A,Y,lumpy,medium,False,True
23321,4716,8438.539957165718,152,31.026315789473685,28.641179858513095,2011-06-09,2011-12-08,4.8618421052631575,0.8521604853705993,A,Y,lumpy,fast,False,True
23322,3069,8878.210092544556,148,20.736486486486488,21.645367286932572,2011-06-12,2011-12-09,4.993243243243243,1.0895811290782258,A,Z,lumpy,fast,False,True
23323,1469,3146.7798845767975,115,12.773913043478261,13.329206073648036,2011-06-23,2011-12-09,6.426086956521739,1.0888314429564223,B,Z,lumpy,medium,False,True
23324,399,816.0399799346924,37,10.783783783783784,11.872318726851631,2011-08-05,2011-12-05,19.972972972972972,1.2120729280734552,C,Z,lumpy,medium,False,True
23325,462,740.9400000572205,30,15.4,13.850432583808374,2011-08-11,2011-11-27,24.633333333333333,0.8088821165399759,C,Y,lumpy,medium,False,True
23326,3442,2237.079994082451,50,68.84,84.1927720005872,2011-08-11,2011-12-09,14.78,1.4957805924471592,B,Z,lumpy,medium,False,True
23327,1734,1051.140005350113,29,59.793103448275865,68.82710186212199,2011-08-10,2011-12-05,25.482758620689655,1.3250027366941075,C,Z,lumpy,slow,False,True
23328,2841,13269.490142822266,105,27.057142857142857,28.7515312540141,2011-08-08,2011-12-09,7.038095238095238,1.1291667713826725,A,Z,lumpy,medium,False,True
23329,1767,3038.1899646520615,93,19.0,16.77407419851812,2011-08-07,2011-12-08,7.946236559139785,0.7794170781645191,B,Y,lumpy,medium,False,True
23330,1794,2286.970000267029,91,19.714285714285715,24.606361288760596,2011-08-08,2011-12-08,8.12087912087912,1.5578753296459664,B,Z,lumpy,medium,False,True
23331,1596,1062.2799944877625,66,24.181818181818183,24.007632818885607,2011-08-10,2011-12-08,11.196969696969697,0.9856455772166094,C,Y,lumpy,medium,False,True
23332,2059,3542.7099562883377,94,21.904255319148938,19.135661213677693,2011-08-07,2011-12-09,7.861702127659575,0.763185237020276,B,Y,lumpy,medium,False,True
23333,2089,2695.4500007629395,91,22.956043956043956,19.77310861184513,2011-08-08,2011-12-07,8.12087912087912,0.7419178303181931,B,Y,lumpy,medium,False,True
23334,2271,1491.749992132187,73,31.10958904109589,29.18978209914274,2011-08-08,2011-12-09,10.123287671232877,0.8803860609683498,B,Y,lumpy,medium,False,True
23335,377,790.7799835205078,70,5.385714285714286,8.7762737745845,2011-06-13,2011-12-08,10.557142857142857,2.6554229516541468,C,Z,lumpy,medium,False,True
23336,225,519.2499876022339,61,3.6885245901639343,4.0560283677778415,2011-06-13,2011-12-09,12.114754098360656,1.2091957201646093,C,Z,lumpy,medium,False,True
23337,180,388.7499876022339,51,3.5294117647058822,3.3547157326752473,2011-06-13,2011-12-08,14.490196078431373,0.9034555555555553,C,Y,lumpy,medium,False,True
23338,431,915.399980545044,69,6.246376811594203,9.861400981935235,2011-06-12,2011-12-09,10.710144927536232,2.492417993139192,C,Z,lumpy,medium,False,False
23339,173,400.8399906158447,51,3.392156862745098,3.7845920856681454,2011-06-13,2011-12-08,14.490196078431373,1.2447619365832474,C,Z,lumpy,medium,False,True
23340,2500,4034.0799998044968,75,33.333333333333336,68.0719677458555,2011-07-31,2011-12-09,9.853333333333333,4.1704135135135125,B,Z,lumpy,medium,False,True
23341,307,2741.3499870300293,79,3.8860759493670884,5.368443745683474,2011-06-24,2011-12-08,9.354430379746836,1.9084212550986746,B,Z,lumpy,medium,False,True
23342,373,3176.409999847412,100,3.73,4.666352803298148,2011-06-24,2011-12-07,7.39,1.565083374770787,B,Z,lumpy,medium,False,True
23343,9978,13972.709656715393,121,82.46280991735537,295.12932310323197,2011-06-13,2011-12-09,6.107438016528926,12.808800602054122,A,Z,lumpy,fast,False,True
23344,10285,23772.069325447083,136,75.625,97.7650196853357,2011-06-15,2011-12-09,5.4338235294117645,1.6712299453336272,A,Z,lumpy,fast,False,True
23345,2451,2886.2500619888306,97,25.2680412371134,66.56474221010912,2011-07-24,2011-12-09,7.618556701030927,6.939774437536856,B,Z,lumpy,medium,False,True
23346,2628,3112.3400621414185,96,27.375,68.4637822040545,2011-07-24,2011-12-08,7.697916666666667,6.254801324321623,B,Z,lumpy,medium,False,True
23347,860,1077.300009727478,78,11.025641025641026,26.916887162501066,2011-07-24,2011-12-09,9.474358974358974,5.959941140525242,C,Z,lumpy,medium,False,True
23348,1545,1633.8099603652954,84,18.392857142857142,53.785387422348435,2011-03-15,2011-11-24,8.797619047619047,8.551261886077631,B,Z,lumpy,medium,False,True
23349,3221,4342.5999937057495,91,35.395604395604394,38.671804003801334,2011-08-04,2011-12-09,8.12087912087912,1.1936862711116891,B,Z,lumpy,medium,False,True
23350,2712,3445.079990386963,95,28.54736842105263,26.167938975684777,2011-08-04,2011-12-09,7.778947368421052,0.8402468187211678,B,Y,lumpy,medium,False,True
23351,3535,4875.649995565414,90,39.27777777777778,33.658572468603296,2011-08-04,2011-12-09,8.21111111111111,0.7343406472799731,A,Y,lumpy,medium,False,True
23352,1800,2459.2000019550323,77,23.376623376623378,17.533455960593678,2011-08-04,2011-12-09,9.597402597402597,0.562563425925926,B,Y,lumpy,medium,False,True
23353,4007,3510.0499460101128,94,42.62765957446808,42.41803837295809,2011-08-02,2011-12-09,7.861702127659575,0.9901891964869131,B,Y,lumpy,medium,False,True
23354,3740,3429.399960577488,95,39.36842105263158,40.76686509941125,2011-08-02,2011-12-09,7.778947368421052,1.072305759569418,B,Z,lumpy,medium,False,True
23355,5816,28718.79967069626,94,61.87234042553192,55.029656528905555,2011-08-22,2011-12-09,7.861702127659575,0.7910437722901323,A,Y,lumpy,medium,False,True
23356,2359,13334.319556236267,92,25.641304347826086,32.89229226715088,2011-08-22,2011-12-09,8.032608695652174,1.6455385238128304,A,Z,lumpy,medium,False,True
23357,450,1982.0499696731567,60,7.5,9.048831744054224,2011-08-21,2011-12-09,12.316666666666666,1.4556685499058386,B,Z,lumpy,medium,False,True
23358,594,2008.3799962997437,56,10.607142857142858,11.551746930350278,2011-08-21,2011-12-09,13.196428571428571,1.1860377059030254,B,Z,lumpy,medium,False,True
23359,990,1866.4600310325623,60,16.5,14.466208433472746,2011-08-02,2011-12-08,12.316666666666666,0.7686728611227841,B,Y,lumpy,medium,False,True
23360,1182,2286.40003156662,71,16.64788732394366,23.886097924195692,2011-08-02,2011-12-08,10.408450704225352,2.058600913631964,B,Z,lumpy,medium,False,True
23365,1857,1463.0799643993378,56,33.160714285714285,41.73020566610072,2011-09-22,2011-12-09,13.196428571428571,1.5836284554697961,B,Z,lumpy,medium,True,True
23366,2249,1667.9499679803848,64,35.140625,50.97832318273924,2011-09-22,2011-12-09,11.546875,2.1045155040122614,B,Z,lumpy,medium,True,True
23367,3278,2491.1999346017838,68,48.205882352941174,56.89701585006606,2011-09-22,2011-12-09,10.867647058823529,1.3930891345505343,B,Z,lumpy,medium,True,True
23368,2379,1679.5499495267868,66,36.04545454545455,54.996903917942866,2011-09-22,2011-12-09,11.196969696969697,2.327959763362538,B,Z,lumpy,medium,True,True
23369,1105,1581.0599858760834,58,19.051724137931036,33.659503709318905,2011-09-22,2011-12-09,12.741379310344827,3.1213814680432788,B,Z,lumpy,medium,True,True
23370,1550,2151.599992990494,62,25.0,32.0762411435885,2011-09-22,2011-12-09,11.919354838709678,1.646216393442623,B,Z,lumpy,medium,True,True
23371,1705,2304.7799785137177,65,26.23076923076923,35.432933669984735,2011-09-22,2011-12-09,11.36923076923077,1.8247029286813832,B,Z,lumpy,medium,True,True
23372,1389,1750.2899742126465,61,22.770491803278688,35.03065012367642,2011-09-22,2011-12-09,12.114754098360656,2.3667455718013386,B,Z,lumpy,medium,True,True
23373,1608,1313.3900029063225,59,27.25423728813559,43.141144942018414,2011-08-02,2011-12-06,12.525423728813559,2.505620353157869,B,Z,lumpy,medium,False,True
23374,2456,1962.8300039172173,69,35.594202898550726,50.610484510326415,2011-08-02,2011-12-08,10.710144927536232,2.0217266991598586,B,Z,lumpy,medium,False,True
23375,1342,1100.68999761343,65,20.646153846153847,28.77250791186722,2011-08-22,2011-12-09,11.36923076923077,1.9421247280623046,C,Z,lumpy,medium,False,True
23376,3039,1384.9099635481834,71,42.80281690140845,60.08746475366671,2011-09-01,2011-12-09,10.408450704225352,1.9707115324470754,B,Z,lumpy,medium,False,True
23377,1351,592.4499803185463,65,20.784615384615385,20.731537198562595,2011-09-04,2011-12-09,11.36923076923077,0.9948990720748015,C,Y,lumpy,medium,False,True
23378,3997,1840.0799561142921,74,54.013513513513516,81.8353665119406,2011-09-01,2011-12-09,9.986486486486486,2.2954995214198126,B,Z,lumpy,medium,False,True
23379,1220,465.35998553037643,53,23.0188679245283,60.1854475657842,2011-09-05,2011-12-09,13.943396226415095,6.836204830173858,C,Z,lumpy,medium,False,True
23380,2344,983.4999714493752,59,39.728813559322035,66.5312554260634,2011-09-05,2011-12-09,12.525423728813559,2.80440185474014,C,Z,lumpy,medium,False,True
23381,1496,562.879981637001,51,29.333333333333332,63.5986373019632,2011-09-05,2011-12-09,14.490196078431373,4.7008109504132225,C,Z,lumpy,medium,False,True
23382,1875,7356.179984092712,48,39.0625,46.2359380578042,2011-10-13,2011-12-09,15.395833333333334,1.4010036834042552,A,Z,lumpy,medium,True,True
23388,821,3432.0900440216064,63,13.031746031746032,20.929195732253447,2011-09-11,2011-12-09,11.73015873015873,2.579288155678861,B,Z,lumpy,medium,True,True
23389,1115,4751.490061759949,74,15.067567567567568,22.65786692802853,2011-09-11,2011-12-09,9.986486486486486,2.2612664972920355,A,Z,lumpy,medium,True,True
23390,747,3025.5900411605835,69,10.826086956521738,19.794500515026545,2011-09-11,2011-12-09,10.710144927536232,3.3430746373160964,B,Z,lumpy,medium,True,True
23391,389,1628.1700258255005,53,7.339622641509434,11.126792675316526,2011-09-11,2011-12-09,13.943396226415095,2.298224914636384,B,Z,lumpy,medium,True,True
23392,662,1475.0299711227417,59,11.220338983050848,23.721129673490626,2011-09-06,2011-12-09,12.525423728813559,4.469498333317071,B,Z,lumpy,medium,False,True
23393,801,3207.909998893738,76,10.539473684210526,8.522035421147828,2011-09-04,2011-12-08,9.723684210526315,0.6538058803939937,B,Y,lumpy,medium,False,True
23394,435,1877.649998664856,68,6.397058823529412,5.670398932719783,2011-09-04,2011-12-08,10.867647058823529,0.7857177055664998,B,Y,lumpy,medium,False,True
23395,748,3257.079997062683,76,9.842105263157896,8.60240684394617,2011-09-04,2011-12-08,9.723684210526315,0.7639482589341031,B,Y,lumpy,medium,False,True
23396,654,2750.5299978256226,75,8.72,8.256954480757257,2011-09-04,2011-12-08,9.853333333333333,0.896616673908148,B,Y,lumpy,medium,False,True
23397,489,5097.649846076965,73,6.698630136986301,6.6388689873159725,2011-09-04,2011-12-08,10.123287671232877,0.9822367941102808,A,Y,lumpy,medium,False,True
23398,606,535.3500126600266,47,12.893617021276595,11.602537283515023,2011-09-04,2011-12-08,15.72340425531915,0.809760173176164,C,Y,lumpy,medium,False,True
23399,1914,1745.5500358343124,81,23.62962962962963,20.357703974444444,2011-09-04,2011-12-09,9.123456790123457,0.7422389839919027,B,Y,lumpy,medium,False,True
23400,462,2409.3399934768677,56,8.25,23.542032043289566,2011-09-06,2011-12-08,13.196428571428571,8.142916771015946,B,Z,lumpy,medium,False,True
23401,459,2354.870020866394,48,9.5625,28.462671522764097,2011-09-07,2011-12-08,15.395833333333334,8.859483940982877,B,Z,lumpy,medium,False,True
23402,296,1147.2799987792969,47,6.297872340425532,8.013344559347678,2011-09-05,2011-12-08,15.72340425531915,1.6189741996697053,C,Z,lumpy,medium,False,True
23403,625,2204.110003709793,69,9.057971014492754,21.550135838230958,2011-09-05,2011-12-08,10.710144927536232,5.660283331764705,B,Z,lumpy,medium,False,True
23404,1052,4561.759901762009,75,14.026666666666667,24.30046898298041,2011-09-05,2011-12-09,9.853333333333333,3.001375669970886,A,Z,lumpy,medium,False,True
23405,252,1311.4799671173096,47,5.361702127659575,5.382845263123816,2011-09-05,2011-12-09,15.72340425531915,1.0079022752418194,B,Z,lumpy,medium,False,True
23406,471,2422.66002368927,63,7.476190476190476,22.726180116174632,2011-09-05,2011-12-07,11.73015873015873,9.240429828338259,B,Z,lumpy,medium,False,True
23407,267,2709.429937362671,66,4.045454545454546,3.2883562327227733,2011-09-04,2011-12-08,11.196969696969697,0.6607285404911964,B,Y,lumpy,medium,False,True
23408,310,644.799976348877,45,6.888888888888889,5.197124301967485,2011-09-07,2011-12-07,16.42222222222222,0.5691514520858957,C,Y,lumpy,medium,False,True
23409,215,801.6799993515015,28,7.678571428571429,4.80781440626397,2011-09-07,2011-12-05,26.392857142857142,0.39204374737095127,C,Y,intermittent,slow,False,True
23410,36,290.0999879837036,16,2.25,1.2909944487358056,2011-09-08,2011-11-25,46.1875,0.3292181069958847,C,Y,intermittent,slow,False,True
23411,227,1118.6099786758423,42,5.404761904761905,8.642096414049826,2011-09-04,2011-12-02,17.595238095238095,2.5567312557598396,C,Z,lumpy,medium,False,True
23412,362,2354.800006866455,29,12.482758620689655,21.870757857492816,2011-09-06,2011-10-11,25.482758620689655,3.0697748193627437,B,Z,lumpy,slow,False,True
23413,173,909.3099794387817,35,4.942857142857143,4.721308748908612,2011-09-07,2011-12-08,21.114285714285714,0.9123651465330692,C,Y,lumpy,medium,False,True
23414,141,1378.7499732971191,41,3.4390243902439024,3.3094469363309393,2011-09-04,2011-11-30,18.024390243902438,0.9260625723052157,B,Y,lumpy,medium,False,True
23415,328,412.1799931526184,33,9.93939393939394,10.945716610675252,2011-09-07,2011-12-08,22.393939393939394,1.2127424849419985,C,Z,lumpy,medium,False,True
23416,132,184.67999708652496,18,7.333333333333333,8.152949664709952,2011-09-12,2011-12-08,41.05555555555556,1.2360233349538166,C,Z,lumpy,slow,True,True
23417,146,157.49999713897705,21,6.9523809523809526,9.977355313289141,2011-09-07,2011-12-08,35.19047619047619,2.0595092887971482,C,Z,lumpy,slow,False,True
23418,557,1165.9999675750732,48,11.604166666666666,14.963415788406655,2011-09-11,2011-12-09,15.395833333333334,1.6627753287801843,C,Z,lumpy,medium,True,True
23419,473,1043.7199726104736,57,8.298245614035087,8.906187480543876,2011-09-11,2011-12-08,12.964912280701755,1.15189023327329,C,Z,lumpy,medium,True,True
23420,164,351.3699884414673,25,6.56,7.858541001144338,2011-09-15,2011-12-04,29.56,1.4350801854055124,C,Z,lumpy,slow,True,True
23421,160,349.19998931884766,27,5.925925925925926,6.0123330037638585,2011-09-08,2011-12-04,27.37037037037037,1.0293750000000002,C,Z,lumpy,slow,False,True
23422,213,477.8899869918823,34,6.264705882352941,7.258469759130141,2011-09-07,2011-12-08,21.735294117647058,1.3424211031828563,C,Z,lumpy,medium,False,True
23423,219,876.9000005722046,43,5.093023255813954,4.26399071677925,2011-09-08,2011-12-08,17.186046511627907,0.7009405459396076,C,Y,lumpy,medium,False,True
23424,462,2509.619939804077,69,6.695652173913044,5.949059114500888,2011-09-04,2011-12-09,10.710144927536232,0.7894248608534323,B,Y,lumpy,medium,False,True
23425,275,621.4400047659874,39,7.051282051282051,7.677543185532856,2011-09-04,2011-12-09,18.94871794871795,1.185518573292736,C,Z,lumpy,medium,False,True
23426,1275,3444.430074930191,76,16.776315789473685,21.62936194726081,2011-09-05,2011-12-09,9.723684210526315,1.6622419233628087,B,Z,lumpy,medium,False,True
23427,237,2860.5799560546875,52,4.5576923076923075,8.282780298432195,2011-09-04,2011-12-08,14.211538461538462,3.3026479263036372,B,Z,lumpy,medium,False,True
23428,77,675.9099731445312,17,4.529411764705882,3.318841045056684,2011-11-17,2011-12-09,43.470588235294116,0.5368949232585598,C,Y,lumpy,slow,True,True
23429,47,400.0099811553955,12,3.9166666666666665,2.429303429280737,2011-11-21,2011-12-09,61.583333333333336,0.38470718959627964,C,Y,intermittent,slow,True,True
23430,36,301.8799858093262,14,2.5714285714285716,1.8693596482500348,2011-11-20,2011-12-09,52.785714285714285,0.5284900284900282,C,Y,lumpy,slow,True,True
23431,1449,1171.2300050854683,48,30.1875,82.90385517047841,2011-08-26,2011-12-01,15.395833333333334,7.542149847376777,C,Z,lumpy,medium,False,True
23432,1276,1088.3599829673767,45,28.355555555555554,29.986478434269156,2011-08-31,2011-12-06,16.42222222222222,1.1183419360069184,C,Z,lumpy,medium,False,True
23433,1258,1108.5799810290337,58,21.689655172413794,25.13975456380055,2011-08-26,2011-12-04,12.741379310344827,1.3434353498832474,C,Z,lumpy,medium,False,True
23434,2095,1884.1700167059898,71,29.507042253521128,32.2183945859844,2011-09-11,2011-12-09,10.408450704225352,1.1922200879303648,B,Z,lumpy,medium,True,True
23435,824,732.4200066924095,52,15.846153846153847,28.778658088723176,2011-09-09,2011-12-09,14.211538461538462,3.2983242123317416,C,Z,lumpy,medium,False,True
23436,1979,2367.3899726867676,68,29.102941176470587,58.50223613684706,2011-08-02,2011-12-08,10.867647058823529,4.040835490958444,B,Z,lumpy,medium,False,True
23437,1939,2373.629985809326,66,29.37878787878788,53.68534111669452,2011-08-22,2011-12-09,11.196969696969697,3.3392096504378506,B,Z,lumpy,medium,False,True
23438,1809,2209.919985771179,65,27.83076923076923,54.634744334182976,2011-08-03,2011-12-09,11.36923076923077,3.853784359252201,B,Z,lumpy,medium,False,True
23439,3986,8855.50972032547,86,46.348837209302324,52.02301921307312,2011-08-24,2011-12-09,8.593023255813954,1.2598342775612636,A,Z,lumpy,medium,False,True
23440,164,299.35999298095703,5,32.8,62.32736156777375,2011-11-24,2011-12-07,147.8,3.6108529149315887,C,Z,lumpy,slow,True,True
23441,22,9.23999971151352,3,7.333333333333333,4.618802153517007,2011-11-23,2011-12-07,246.33333333333334,0.39669421487603324,C,Y,intermittent,slow,True,True
23442,40,83.19999694824219,6,6.666666666666667,3.6696957185394363,2011-11-15,2011-12-07,123.16666666666667,0.30300000000000005,C,Y,intermittent,slow,True,True
23444,279,1200.0,58,4.810344827586207,26.087879081418773,2011-05-19,2011-12-08,12.741379310344827,29.41203853018422,C,Z,lumpy,medium,False,True
23445,2668,2161.239982843399,64,41.6875,46.75769183815371,2011-08-24,2011-12-09,11.546875,1.25803993127303,B,Z,lumpy,medium,False,True
23446,157,230.25000655651093,3,52.333333333333336,79.57595951877258,2011-10-10,2011-12-07,246.33333333333334,2.3121019108280247,C,Z,lumpy,slow,True,True
23447,158,231.90000653266907,4,39.5,69.85938257194472,2011-10-10,2011-12-07,184.75,3.1279175345831334,C,Z,lumpy,slow,True,True
23448,25,41.24999940395355,3,8.333333333333334,6.350852961085883,2011-10-10,2011-11-30,246.33333333333334,0.5807999999999999,C,Y,lumpy,slow,True,True
23449,12,15.0,1,12.0,0.0,2011-11-15,2011-11-15,739.0,0.0,C,X,intermittent,slow,True,True
23451,277,556.1700129508972,38,7.2894736842105265,6.517783965705913,2011-10-14,2011-12-09,19.44736842105263,0.7994799527857435,C,Y,lumpy,medium,True,True
23452,518,1021.7600243091583,40,12.95,8.31109854197139,2011-10-14,2011-12-08,18.475,0.41188628061214927,C,Y,intermittent,medium,True,True
23453,316,615.9800145626068,29,10.89655172413793,7.1130906864246075,2011-10-14,2011-12-08,25.482758620689655,0.42612647927301034,C,Y,intermittent,slow,True,True
23454,174,733.2000136375427,33,5.2727272727272725,4.718797034684313,2011-10-21,2011-12-08,22.393939393939394,0.8009252378121289,C,Y,lumpy,medium,True,True
23455,207,569.4300148487091,23,9.0,10.950300950617335,2011-10-16,2011-12-08,32.130434782608695,1.4803591470258135,C,Z,lumpy,slow,True,True
23456,158,634.1000099182129,23,6.869565217391305,6.254484557107709,2011-10-16,2011-12-04,32.130434782608695,0.8289427684957247,C,Y,lumpy,slow,True,True
23457,112,549.8799858093262,23,4.869565217391305,5.251011572034885,2011-10-16,2011-12-08,32.130434782608695,1.1628014842300556,C,Z,lumpy,slow,True,True
23458,51,762.449990272522,22,2.3181818181818183,1.2105238392398414,2011-10-17,2011-12-08,33.59090909090909,0.27267900624302005,C,Y,intermittent,slow,True,True
23459,33,412.5,17,1.9411764705882353,0.6586528140164322,2011-10-16,2011-12-08,43.470588235294116,0.11512855831037651,C,X,intermittent,slow,True,True
23460,108,1007.0799903869629,30,3.6,5.543557926346456,2011-10-20,2011-12-05,24.633333333333333,2.371221796509153,C,Z,lumpy,medium,True,True
23461,847,3041.2099890708923,48,17.645833333333332,90.4740446107443,2011-09-29,2011-12-07,15.395833333333334,26.28837041619898,B,Z,lumpy,medium,True,True
23462,80,1607.0400619506836,26,3.076923076923077,2.7845728853535423,2011-10-20,2011-12-08,28.423076923076923,0.8189999999999998,B,Y,lumpy,slow,True,True
23463,13,139.39999771118164,8,1.625,0.5175491695067657,2011-10-16,2011-12-09,92.375,0.10143702451394758,C,X,intermittent,slow,True,True
23464,18,99.19999694824219,8,2.25,1.4880476182856899,2011-10-16,2011-12-09,92.375,0.437389770723104,C,Y,intermittent,slow,True,True
23465,29,247.6299991607666,15,1.9333333333333333,1.3870146083619754,2011-10-04,2011-12-08,49.266666666666666,0.5146933922201462,C,Y,lumpy,slow,True,True
23466,55,498.0299949645996,23,2.391304347826087,1.6163688382741956,2011-09-30,2011-12-08,32.130434782608695,0.45688955672426734,C,Y,intermittent,slow,True,True
23467,32,120.07999897003174,9,3.5555555555555554,2.2973414586817036,2011-10-17,2011-12-09,82.11111111111111,0.41748046875,C,Y,intermittent,slow,True,True
23468,19,156.75,9,2.111111111111111,1.1666666666666665,2011-10-06,2011-11-23,82.11111111111111,0.3054016620498614,C,Y,intermittent,slow,True,True
23469,332,1355.2400188446045,41,8.097560975609756,12.957246771688766,2011-09-30,2011-12-09,18.024390243902438,2.5604541660618363,B,Z,lumpy,medium,True,True
23470,232,1460.4999923706055,42,5.523809523809524,6.279032453188928,2011-10-02,2011-12-05,17.595238095238095,1.2921355239117194,B,Z,lumpy,medium,True,True
23471,65,616.7899932861328,22,2.9545454545454546,2.497184561847749,2011-09-30,2011-12-02,33.59090909090909,0.714364609749225,C,Y,lumpy,slow,True,True
23472,58,894.4199886322021,26,2.230769230769231,1.5825976698502322,2011-10-02,2011-12-07,28.423076923076923,0.5033055885850177,C,Y,lumpy,slow,True,True
23473,678,552.0199975371361,33,20.545454545454547,32.300436248109435,2011-10-20,2011-12-07,22.393939393939394,2.471640300728326,C,Z,lumpy,medium,True,True
23474,312,270.95999497175217,27,11.555555555555555,8.455009135842461,2011-10-24,2011-12-08,27.37037037037037,0.5353607191624943,C,Y,lumpy,slow,True,True
23475,286,242.17999529838562,21,13.619047619047619,8.80611259567007,2011-10-27,2011-12-07,35.19047619047619,0.4180950168712407,C,Y,intermittent,slow,True,True
23476,205,264.7200002670288,15,13.666666666666666,7.63138881450128,2011-10-20,2011-11-30,49.266666666666666,0.31180419818135474,C,Y,intermittent,slow,True,True
23477,92,123.47000026702881,12,7.666666666666667,5.94418483337567,2011-10-20,2011-11-30,61.583333333333336,0.6011342155009453,C,Y,lumpy,slow,True,True
23478,285,324.39999294281006,10,28.5,61.855117456485004,2011-10-20,2011-12-01,73.9,4.710440819397422,C,Z,lumpy,slow,True,True
23479,113,872.3799896240234,30,3.7666666666666666,4.1496433858688455,2011-10-17,2011-12-08,24.633333333333333,1.213688323823052,C,Z,lumpy,medium,True,True
23480,1799,6719.139976501465,44,40.88636363636363,47.021625855527915,2011-10-19,2011-12-09,16.795454545454547,1.3226298178489873,A,Z,lumpy,medium,True,True
23481,228,281.16999912261963,20,11.4,12.41136999944639,2011-10-17,2011-12-06,36.95,1.1853039801720364,C,Z,lumpy,slow,True,True
23482,418,661.0200020074844,23,18.17391304347826,37.18339337772985,2011-10-14,2011-12-06,32.130434782608695,4.186018572668375,C,Z,lumpy,slow,True,True
23483,1328,1636.3599796295166,42,31.61904761904762,32.40893612160483,2011-10-03,2011-12-08,17.595238095238095,1.0505868979886632,B,Z,lumpy,medium,True,True
23484,185,547.350013256073,28,6.607142857142857,9.178635764499782,2011-09-30,2011-12-08,26.392857142857142,1.9298736574412252,C,Z,lumpy,slow,True,True
23485,262,5843.919860839844,33,7.9393939393939394,22.785603176594037,2011-10-20,2011-12-08,22.393939393939394,8.236569292290662,A,Z,lumpy,medium,True,True
23486,275,4145.470039367676,37,7.4324324324324325,24.57250104909567,2011-10-20,2011-12-08,19.972972972972972,10.93041836547291,B,Z,lumpy,medium,True,True
23487,80,795.5799894332886,28,2.857142857142857,2.22301573134311,2011-10-14,2011-12-08,26.392857142857142,0.6053703703703703,C,Y,lumpy,slow,True,True
23489,913,2709.2300868034363,42,21.738095238095237,14.806161413262608,2011-10-20,2011-12-09,17.595238095238095,0.4639188135156355,B,Y,intermittent,medium,True,True
23490,542,2032.7699975967407,44,12.318181818181818,10.416384069457713,2011-10-14,2011-12-08,16.795454545454547,0.7150571428480953,B,Y,lumpy,medium,True,True
23491,228,1897.7599983215332,38,6.0,4.106685386642719,2011-10-20,2011-12-07,19.44736842105263,0.4684684684684683,B,Y,intermittent,medium,True,True
23492,76,635.3799991607666,19,4.0,3.4960294939005054,2011-10-20,2011-12-05,38.89473684210526,0.7638888888888891,C,Y,lumpy,slow,True,True
23493,3964,8497.980113983154,68,58.294117647058826,49.892439179394046,2011-09-22,2011-12-09,10.867647058823529,0.732520877423446,A,Y,lumpy,medium,True,True
23494,809,5354.00985622406,59,13.711864406779661,14.311860101590721,2011-09-25,2011-12-09,12.525423728813559,1.089429534294323,A,Z,lumpy,medium,True,True
23495,225,306.6600008010864,27,8.333333333333334,8.792479303796643,2011-10-30,2011-12-09,27.37037037037037,1.113230769230769,C,Z,lumpy,slow,True,True
23496,112,154.52000045776367,18,6.222222222222222,4.977071611908489,2011-10-30,2011-12-08,41.05555555555556,0.6398184273709485,C,Y,lumpy,slow,True,True
23497,2558,3656.0200645923615,37,69.13513513513513,112.57865451964442,2011-10-28,2011-12-09,19.972972972972972,2.651639474401513,B,Z,lumpy,medium,True,True
23498,1640,2372.680027484894,13,126.15384615384616,200.57037258522098,2011-11-25,2011-12-09,56.84615384615385,2.52774098998612,B,Z,lumpy,slow,True,True
23499,1312,586.2299832701683,40,32.8,33.42515558140344,2011-10-20,2011-12-08,18.475,1.0384825119358136,C,Z,lumpy,medium,True,True
23500,1626,2038.3299932479858,43,37.81395348837209,30.782846037822125,2011-10-04,2011-12-08,17.186046511627907,0.662694504295245,B,Y,lumpy,medium,True,True
23501,1821,2217.869981765747,46,39.58695652173913,43.70383969246563,2011-10-05,2011-12-09,16.065217391304348,1.2188070587118125,B,Z,lumpy,medium,True,True
23502,714,896.409996509552,49,14.571428571428571,16.54161418967327,2011-09-22,2011-12-07,15.081632653061224,1.2886990580545947,C,Z,lumpy,medium,True,True
23503,3643,4860.550002336502,68,53.5735294117647,40.56147579539747,2011-09-22,2011-12-09,10.867647058823529,0.5732274498189041,A,Y,lumpy,medium,True,True
23504,1927,2848.890012025833,63,30.58730158730159,31.784879201075043,2011-09-22,2011-12-08,11.73015873015873,1.0798384814238373,B,Z,lumpy,medium,True,True
23505,1200,1651.2899913787842,56,21.428571428571427,36.069053541458835,2011-09-22,2011-12-08,13.196428571428571,2.833237979797982,B,Z,lumpy,medium,True,True
23506,2723,1129.1199757158756,58,46.94827586206897,91.69197527760284,2011-09-22,2011-12-09,12.741379310344827,3.814374775282804,C,Z,lumpy,medium,True,True
23507,2882,1155.6699914634228,56,51.464285714285715,131.77542387585913,2011-09-22,2011-12-08,13.196428571428571,6.55627172737303,C,Z,lumpy,medium,True,True
23508,2627,1163.4499786496162,60,43.78333333333333,87.72280913729251,2011-09-22,2011-12-09,12.316666666666666,4.014277732611037,C,Z,lumpy,medium,True,True
23509,1062,451.45998764038086,45,23.6,76.69639081232157,2011-09-22,2011-12-08,16.42222222222222,10.561505967459714,C,Z,lumpy,medium,True,True
23510,2521,1118.79999807477,59,42.728813559322035,111.94438744127625,2011-09-22,2011-12-09,12.525423728813559,6.863774080649406,C,Z,lumpy,medium,True,True
23511,571,1252.0099611282349,52,10.98076923076923,19.869663925057235,2011-09-22,2011-12-08,14.211538461538462,3.2742777267697174,B,Z,lumpy,medium,True,True
23512,500,975.2399749755859,41,12.195121951219512,31.87806417600912,2011-09-22,2011-12-08,18.024390243902438,6.833002599999998,C,Z,lumpy,medium,True,True
23513,566,1114.2599697113037,42,13.476190476190476,30.99822032282412,2011-09-22,2011-12-05,17.595238095238095,5.291018010755719,C,Z,lumpy,medium,True,True
23514,478,977.3899717330933,49,9.755102040816327,21.212742448275534,2011-09-22,2011-12-04,15.081632653061224,4.72857198607634,C,Z,lumpy,medium,True,True
23515,579,1164.9799690246582,46,12.58695652173913,30.40802239684384,2011-09-22,2011-12-09,16.065217391304348,5.836263464194416,C,Z,lumpy,medium,True,True
23516,296,1058.5999937057495,29,10.206896551724139,19.291706786568064,2011-09-25,2011-12-05,25.482758620689655,3.5723489838776996,C,Z,lumpy,slow,True,True
23517,334,996.3800210952759,40,8.35,16.75395093089603,2011-09-22,2011-12-06,18.475,4.025886504283006,C,Z,lumpy,medium,True,True
23518,361,980.4100186824799,32,11.28125,23.53341395931847,2011-09-22,2011-12-02,23.09375,4.351664661279309,C,Z,lumpy,medium,True,True
23519,224,792.3099946975708,20,11.2,20.995237555217138,2011-09-25,2011-11-24,36.95,3.514030612244899,C,Z,lumpy,slow,True,True
23520,167,600.5499973297119,25,6.68,16.436037640907657,2011-09-22,2011-12-05,29.56,6.053984844681894,C,Z,lumpy,slow,True,True
23521,413,793.3700103759766,30,13.766666666666667,46.52154364365509,2011-10-03,2011-12-09,24.633333333333333,11.419593365087762,C,Z,lumpy,medium,True,True
23522,354,727.4400053024292,27,13.11111111111111,45.519508356589725,2011-10-03,2011-12-08,27.37037037037037,12.053582082955833,C,Z,lumpy,slow,True,True
23523,360,1173.8100099563599,28,12.857142857142858,29.467765547275665,2011-10-03,2011-12-08,26.392857142857142,5.252976680384089,C,Z,lumpy,slow,True,True
23524,481,1557.6300194263458,40,12.025,28.975221509739345,2011-10-02,2011-12-09,18.475,5.806084597064927,B,Z,lumpy,medium,True,True
23525,582,1863.8200149536133,35,16.62857142857143,44.743770985655715,2011-10-02,2011-12-09,21.114285714285714,7.240278741602564,B,Z,lumpy,medium,True,True
23526,1012,6021.399964332581,53,19.09433962264151,37.775278928331,2011-10-03,2011-12-09,13.943396226415095,3.9138670929088106,A,Z,lumpy,medium,True,True
23527,420,1428.5599994659424,30,14.0,28.179229327950782,2011-10-03,2011-12-09,24.633333333333333,4.051372273047151,B,Z,lumpy,medium,True,True
23528,479,1504.490026473999,35,13.685714285714285,43.39813727947009,2011-10-03,2011-12-08,21.114285714285714,10.055582660363543,B,Z,lumpy,medium,True,True
23529,637,2011.9900131225586,28,22.75,58.29721103804893,2011-10-03,2011-12-08,26.392857142857142,6.566481951097333,B,Z,lumpy,slow,True,True
23530,1056,4436.269927024841,45,23.466666666666665,37.18846350929033,2011-10-03,2011-12-09,16.42222222222222,2.5113871149511655,A,Z,lumpy,medium,True,True
23531,976,5538.2599811553955,49,19.918367346938776,39.85851892145824,2011-10-03,2011-12-08,15.081632653061224,4.0043758975661765,A,Z,lumpy,medium,True,True
23532,210,901.5800058841705,22,9.545454545454545,29.43067281195763,2011-10-02,2011-12-08,33.59090909090909,9.506204513551452,C,Z,lumpy,slow,True,True
23533,215,998.6400005817413,28,7.678571428571429,20.718668574819844,2011-10-03,2011-12-09,26.392857142857142,7.280527211906332,C,Z,lumpy,slow,True,True
23534,1387,8608.899899959564,58,23.913793103448278,39.949215341638244,2011-10-02,2011-12-09,12.741379310344827,2.7907412525994197,A,Z,lumpy,medium,True,True
23535,1324,8440.239901542664,57,23.228070175438596,35.03876299586933,2011-10-02,2011-12-09,12.964912280701755,2.2754708278949627,A,Z,lumpy,medium,True,True
23536,626,3442.129940509796,42,14.904761904761905,37.842942135279635,2011-10-03,2011-12-09,17.595238095238095,6.446436391402057,B,Z,lumpy,medium,True,True
23537,111,581.129994392395,26,4.269230769230769,5.333349358950282,2011-10-03,2011-12-09,28.423076923076923,1.5606330654979306,C,Z,lumpy,slow,True,True
23538,331,1329.5399713516235,25,13.24,47.40893024174524,2011-10-03,2011-12-09,29.56,12.821662513729033,B,Z,lumpy,slow,True,True
23539,247,1227.9499959945679,27,9.148148148148149,26.182354162979106,2011-10-02,2011-12-05,27.37037037037037,8.191265601418198,B,Z,lumpy,slow,True,True
23540,150,947.0599982738495,12,12.5,37.64547540119288,2011-10-03,2011-12-06,61.583333333333336,9.069963636363639,C,Z,lumpy,slow,True,True
23541,892,6823.909924507141,50,17.84,31.019651440823832,2011-10-02,2011-12-06,14.78,3.023320068239244,A,Z,lumpy,medium,True,True
23542,506,3800.1599979400635,42,12.047619047619047,28.5041309637336,2011-10-03,2011-12-08,17.595238095238095,5.597745591416447,B,Z,lumpy,medium,True,True
23543,1236,7010.760010719299,42,29.428571428571427,111.42429188601402,2011-10-03,2011-12-08,17.595238095238095,14.335782550020804,A,Z,lumpy,medium,True,True
23544,164,1015.7799773216248,16,10.25,31.955176941042485,2011-10-03,2011-12-06,46.1875,9.719294070989491,C,Z,lumpy,slow,True,True
23545,2480,1025.599970817566,62,40.0,31.4147297601243,2011-07-20,2011-12-08,11.919354838709678,0.6168032786885245,C,Y,lumpy,medium,False,True
23546,3250,1364.999957382679,81,40.123456790123456,24.8994893100488,2011-07-19,2011-12-08,9.123456790123457,0.3851094674556213,B,Y,intermittent,medium,False,False
23547,1575,661.4999793469906,48,32.8125,16.4351158168993,2011-07-20,2011-12-06,15.395833333333334,0.2508804940415883,C,Y,intermittent,medium,False,True
23548,1075,451.4999859035015,33,32.57575757575758,13.235913037618294,2011-07-20,2011-12-08,22.393939393939394,0.16508923742563547,C,X,intermittent,medium,False,True
23549,1305,548.0999828875065,41,31.829268292682926,12.234995788769996,2011-07-19,2011-12-01,18.024390243902438,0.1477591344812907,C,X,intermittent,medium,False,True
23550,1855,763.0999790132046,48,38.645833333333336,32.56318870849795,2011-07-18,2011-12-09,15.395833333333334,0.7099838973635854,C,Y,lumpy,medium,False,True
23551,1840,839.8399758338928,70,26.285714285714285,28.790670216432737,2011-09-01,2011-12-09,10.557142857142857,1.1996760362729788,C,Z,lumpy,medium,False,True
23552,1863,3881.9099555015564,13,143.30769230769232,199.65569722874784,2011-11-25,2011-12-09,56.84615384615385,1.9409949687422772,B,Z,lumpy,slow,True,True
23553,568,6444.649907112122,35,16.228571428571428,54.16537080975245,2011-10-20,2011-12-08,21.114285714285714,11.139940174393503,A,Z,lumpy,medium,True,True
23554,422,4805.529934883118,34,12.411764705882353,51.503526002894574,2011-10-19,2011-12-08,21.735294117647058,17.21895761822987,A,Z,lumpy,medium,True,True
23555,421,4780.569935798645,28,15.035714285714286,57.26706903419448,2011-10-19,2011-12-09,26.392857142857142,14.506471310145404,A,Z,lumpy,slow,True,True
23556,436,4937.009934425354,29,15.03448275862069,55.65742330069643,2011-10-19,2011-12-08,25.482758620689655,13.704689810862476,A,Z,lumpy,slow,True,True
23557,350,3930.2699403762817,23,15.217391304347826,62.75128142243872,2011-10-19,2011-12-08,32.130434782608695,17.004535807050093,B,Z,lumpy,slow,True,True
23558,415,4703.869933128357,31,13.387096774193548,53.42201632245819,2011-10-19,2011-12-08,23.838709677419356,15.924571152078196,A,Z,lumpy,medium,True,True
23559,649,1482.409972190857,66,9.833333333333334,15.004187449696868,2011-09-08,2011-12-09,11.196969696969697,2.3282169137957704,B,Z,lumpy,medium,False,True
23560,172,499.18001103401184,9,19.11111111111111,17.12778768875628,2011-11-27,2011-12-08,82.11111111111111,0.803212885343429,C,Y,lumpy,slow,True,True
23561,170,476.0000116825104,8,21.25,23.45664694099064,2011-11-27,2011-12-09,92.375,1.2184676223430546,C,Z,lumpy,slow,True,True
23562,251,724.5900194644928,12,20.916666666666668,19.50504985117879,2011-11-27,2011-12-09,61.583333333333336,0.8695792707475061,C,Y,lumpy,slow,True,True
23564,644,841.3099966049194,36,17.88888888888889,24.653922061527506,2011-10-13,2011-12-09,20.52777777777778,1.8993513257314798,C,Z,lumpy,medium,True,True
23565,410,586.3100023269653,34,12.058823529411764,14.484979004326973,2011-10-16,2011-12-09,21.735294117647058,1.4428655381897502,C,Z,lumpy,medium,True,True
23566,881,1156.9299926757812,39,22.58974358974359,33.124738687126545,2011-10-17,2011-12-08,18.94871794871795,2.150217138210404,C,Z,lumpy,medium,True,True
23567,211,291.58000087738037,25,8.44,8.5492689745966,2011-10-14,2011-12-09,29.56,1.0260607353833024,C,Z,lumpy,slow,True,True
23568,630,787.5199909210205,28,22.5,39.92446571919233,2011-10-16,2011-12-08,26.392857142857142,3.14856881572931,C,Z,lumpy,slow,True,True
23569,954,4717.659851074219,41,23.26829268292683,19.98627577894879,2011-10-21,2011-12-09,18.024390243902438,0.7377933142588415,A,Y,lumpy,medium,True,True
23570,2772,4931.870041847229,43,64.46511627906976,81.74855433036845,2011-10-21,2011-12-09,17.186046511627907,1.6080910012058227,A,Z,lumpy,medium,True,True
23571,2841,6406.909990787506,43,66.06976744186046,86.39400203740922,2011-10-21,2011-12-09,17.186046511627907,1.7098642352169027,A,Z,lumpy,medium,True,True
23574,114,105.0,13,8.76923076923077,27.413967991256595,2011-07-01,2011-12-07,56.84615384615385,9.772840361136758,C,Z,lumpy,slow,False,True
23575,179,367.3500061035156,10,17.9,14.239616099694075,2011-11-27,2011-12-09,73.9,0.6328350134723222,C,Y,lumpy,slow,True,True
23576,198,400.0400068759918,10,19.8,18.19523747211524,2011-11-27,2011-12-08,73.9,0.8444716525524605,C,Y,lumpy,slow,True,True
23578,60,125.72000312805176,9,6.666666666666667,5.315072906367325,2011-11-27,2011-12-08,82.11111111111111,0.635625,C,Y,lumpy,slow,True,True
23579,177,358.7500059604645,18,9.833333333333334,14.492391512952784,2011-10-18,2011-12-09,41.05555555555556,2.1720938878280407,C,Z,lumpy,slow,True,True
23580,116,234.92000579833984,10,11.6,8.745792639257397,2011-11-27,2011-12-07,73.9,0.5684370458448935,C,Y,lumpy,slow,True,True
23581,5020,11581.829648017883,40,125.5,118.13464721153939,2011-10-25,2011-12-09,18.475,0.8860681495084123,A,Y,lumpy,medium,True,True
23582,4802,10206.4097032547,39,123.12820512820512,241.82988578176182,2011-10-25,2011-12-08,18.94871794871795,3.8574903128760023,A,Z,lumpy,medium,True,True
23583,3385,5497.329997897148,40,84.625,72.20969730316963,2011-10-25,2011-12-09,18.475,0.7281044503301877,A,Y,lumpy,medium,True,True
23595,5,0.0,1,5.0,0.0,2011-10-25,2011-10-25,739.0,0.0,C,X,intermittent,slow,True,True
23597,249,679.0699963569641,20,12.45,20.536168350651877,2011-11-10,2011-12-08,36.95,2.720821990137681,C,Z,lumpy,slow,True,True
23598,427,1215.5300045013428,23,18.565217391304348,23.66206416677148,2011-11-10,2011-12-09,32.130434782608695,1.6244456200305237,C,Z,lumpy,slow,True,True
23601,8,19.920000076293945,4,2.0,2.0,2011-09-23,2011-11-28,184.75,1.0,C,Y,lumpy,slow,True,True
23602,1,2.9100000858306885,1,1.0,0.0,2011-11-11,2011-11-11,739.0,0.0,C,X,intermittent,slow,True,True
23603,20,49.80000019073486,12,1.6666666666666667,0.7784989441615229,2011-10-14,2011-12-08,61.583333333333336,0.2181818181818181,C,X,intermittent,slow,True,True
23604,4,6.639999866485596,2,2.0,1.4142135623730951,2011-10-03,2011-10-17,369.5,0.5000000000000001,C,Y,lumpy,slow,True,True
23605,4,11.640000343322754,1,4.0,0.0,2011-10-05,2011-10-05,739.0,0.0,C,X,intermittent,slow,True,True
23607,8,13.279999732971191,7,1.1428571428571428,0.3779644730092272,2011-09-13,2011-11-24,105.57142857142857,0.10937500000000001,C,X,intermittent,slow,True,True
23608,4,11.640000343322754,3,1.3333333333333333,0.5773502691896257,2011-11-03,2011-12-08,246.33333333333334,0.18749999999999997,C,X,intermittent,slow,True,True
23609,1,2.9100000858306885,1,1.0,0.0,2011-11-28,2011-11-28,739.0,0.0,C,X,intermittent,slow,True,True
23610,3,6.239999771118164,3,1.0,0.0,2011-09-23,2011-11-11,246.33333333333334,0.0,C,X,intermittent,slow,True,True
23611,40,99.60000038146973,16,2.5,2.3664319132398464,2011-09-12,2011-12-09,46.1875,0.896,C,Y,lumpy,slow,True,True
23612,5,8.299999833106995,2,2.5,2.1213203435596424,2011-10-06,2011-11-17,369.5,0.7199999999999998,C,Y,lumpy,slow,True,True
23613,11,27.390000104904175,5,2.2,0.8366600265340756,2011-09-07,2011-11-28,147.8,0.14462809917355368,C,X,intermittent,slow,False,True
23614,26,86.57999801635742,8,3.25,2.49284690951645,2011-09-07,2011-12-08,92.375,0.588334742180896,C,Y,lumpy,slow,False,True
23615,4,9.960000038146973,4,1.0,0.0,2011-10-27,2011-12-06,184.75,0.0,C,X,intermittent,slow,True,True
23616,8,19.920000076293945,7,1.1428571428571428,0.3779644730092272,2011-11-09,2011-12-09,105.57142857142857,0.10937500000000001,C,X,intermittent,slow,True,True
23617,2,5.820000171661377,1,2.0,0.0,2011-11-29,2011-11-29,739.0,0.0,C,X,intermittent,slow,True,True
23619,4,9.960000038146973,2,2.0,1.4142135623730951,2011-10-05,2011-11-08,369.5,0.5000000000000001,C,Y,lumpy,slow,True,True
23620,10,24.90000009536743,7,1.4285714285714286,0.7867957924694432,2011-09-02,2011-11-18,105.57142857142857,0.3033333333333334,C,Y,intermittent,slow,False,True
23621,6,14.940000057220459,4,1.5,1.0,2011-11-11,2011-12-09,184.75,0.4444444444444444,C,Y,intermittent,slow,True,True
23623,8,23.280000686645508,6,1.3333333333333333,0.816496580927726,2011-09-02,2011-11-29,123.16666666666667,0.37500000000000006,C,Y,intermittent,slow,False,True
23624,4,9.960000038146973,4,1.0,0.0,2011-09-22,2011-11-11,184.75,0.0,C,X,intermittent,slow,True,True
23625,9,44.90999794006348,4,2.25,1.8929694486000912,2011-09-15,2011-12-02,184.75,0.7078189300411523,C,Y,lumpy,slow,True,True
23626,43,107.07000041007996,15,2.8666666666666667,3.642343567906063,2011-10-03,2011-12-08,49.266666666666666,1.6143861546782046,C,Z,lumpy,slow,True,True
23627,7,17.430000066757202,2,3.5,3.5355339059327378,2011-11-11,2011-11-25,369.5,1.0204081632653064,C,Z,lumpy,slow,True,True
23628,1,2.9100000858306885,1,1.0,0.0,2011-10-31,2011-10-31,739.0,0.0,C,X,intermittent,slow,True,True
23629,24,59.760000228881836,10,2.4,2.5473297566057065,2011-09-21,2011-11-25,73.9,1.1265432098765433,C,Z,lumpy,slow,True,True
23630,2,5.480000019073486,2,1.0,0.0,2011-09-22,2011-11-30,369.5,0.0,C,X,intermittent,slow,True,True
23632,15,31.19999885559082,10,1.5,0.97182531580755,2011-09-23,2011-11-30,73.9,0.419753086419753,C,Y,intermittent,slow,True,True
23633,3,7.4700000286102295,3,1.0,0.0,2011-10-31,2011-11-21,246.33333333333334,0.0,C,X,intermittent,slow,True,True
23634,5,14.550000429153442,5,1.0,0.0,2011-09-02,2011-12-06,147.8,0.0,C,X,intermittent,slow,False,True
23635,3,12.479999542236328,3,1.0,0.0,2011-10-05,2011-12-09,246.33333333333334,0.0,C,X,intermittent,slow,True,True
23636,9,26.190000772476196,6,1.5,0.8366600265340756,2011-10-24,2011-12-08,123.16666666666667,0.31111111111111117,C,Y,intermittent,slow,True,True
23637,11,27.390000104904175,9,1.2222222222222223,0.6666666666666666,2011-09-07,2011-12-08,82.11111111111111,0.29752066115702475,C,Y,intermittent,slow,False,True
23638,2,5.820000171661377,2,1.0,0.0,2011-09-27,2011-11-24,369.5,0.0,C,X,intermittent,slow,True,True
23639,4,13.319999694824219,4,1.0,0.0,2011-09-15,2011-11-17,184.75,0.0,C,X,intermittent,slow,True,True
23640,9,22.41000008583069,8,1.125,0.3535533905932738,2011-09-07,2011-12-08,92.375,0.09876543209876545,C,X,intermittent,slow,False,True
23643,1,3.3299999237060547,1,1.0,0.0,2011-10-31,2011-10-31,739.0,0.0,C,X,intermittent,slow,True,True
23644,5,16.649999618530273,5,1.0,0.0,2011-09-30,2011-12-09,147.8,0.0,C,X,intermittent,slow,True,True
23645,9,22.41000008583069,4,2.25,1.2583057392117916,2011-10-27,2011-12-08,184.75,0.3127572016460905,C,Y,intermittent,slow,True,True
23646,8,19.920000076293945,5,1.6,0.8944271909999159,2011-09-07,2011-11-17,147.8,0.3124999999999999,C,Y,intermittent,slow,False,True
23649,2,4.980000019073486,2,1.0,0.0,2011-11-15,2011-11-25,369.5,0.0,C,X,intermittent,slow,True,True
23650,4,9.960000038146973,4,1.0,0.0,2011-09-27,2011-12-08,184.75,0.0,C,X,intermittent,slow,True,True
23652,2,5.820000171661377,1,2.0,0.0,2011-11-17,2011-11-17,739.0,0.0,C,X,intermittent,slow,True,True
23654,5,12.450000047683716,4,1.25,0.5,2011-10-27,2011-12-08,184.75,0.16000000000000003,C,X,intermittent,slow,True,True
23660,306,534.6599943637848,22,13.909090909090908,10.23955491456952,2011-10-13,2011-12-09,33.59090909090909,0.5419567972432255,C,Y,lumpy,slow,True,True
23661,219,393.5899965763092,23,9.521739130434783,9.064764777660164,2011-10-13,2011-12-09,32.130434782608695,0.9063178226248221,C,Y,lumpy,slow,True,True
23664,1,1.649999976158142,1,1.0,0.0,2011-11-11,2011-11-11,739.0,0.0,C,X,intermittent,slow,True,True
23681,1576,2525.040007829666,30,52.53333333333333,56.0902802652107,2011-11-06,2011-12-09,24.633333333333333,1.1400011861805963,B,Z,lumpy,slow,True,True
23691,1175,481.49999007582664,21,55.95238095238095,66.09877169091435,2011-11-02,2011-12-07,35.19047619047619,1.395563603440471,C,Z,lumpy,slow,True,True
23692,50,20.999999344348907,2,25.0,0.0,2011-11-09,2011-11-30,369.5,0.0,C,X,intermittent,slow,True,True
23694,376,165.07999694347382,20,18.8,22.99336288675724,2011-11-14,2011-12-08,36.95,1.4958542803364225,C,Z,lumpy,slow,True,True
23695,741,313.23999413847923,22,33.68181818181818,24.476201003922476,2011-11-09,2011-12-08,33.59090909090909,0.5280766537958101,C,Y,lumpy,slow,True,True
23697,456,194.57999593019485,20,22.8,22.834876372500208,2011-11-09,2011-12-08,36.95,1.003061670797492,C,Z,lumpy,slow,True,True
23702,104,27.0,4,26.0,49.33558553417603,2011-10-18,2011-11-16,184.75,3.6005917159763303,C,Z,lumpy,slow,True,True
23843,80995,168469.5938205719,1,80995.0,0.0,2011-12-09,2011-12-09,739.0,0.0,A,X,intermittent,slow,True,True
30086C,1,1.7000000476837158,1,1.0,0.0,2009-12-01,2009-12-01,739.0,0.0,C,X,intermittent,slow,False,True
35001B,30,59.330000162124634,7,4.285714285714286,2.4976179127511156,2009-12-17,2010-03-17,105.57142857142857,0.3396296296296296,C,Y,intermittent,slow,False,True
35001G,715,2259.470022201538,86,8.313953488372093,17.02473054319508,2009-12-01,2011-12-07,8.593023255813954,4.193197446732617,B,Z,lumpy,medium,False,True
35001P,5,6.980000019073486,3,1.6666666666666667,1.1547005383792517,2009-12-14,2009-12-22,246.33333333333334,0.48000000000000015,C,Y,intermittent,slow,False,True
35001W,883,2806.6900165081024,135,6.54074074074074,15.664754126230905,2009-12-01,2010-12-16,5.474074074074074,5.73579069404309,B,Z,lumpy,fast,False,True
35004B,1474,6809.650058746338,202,7.297029702970297,11.244496324918396,2009-12-01,2011-12-09,3.6584158415841586,2.374585357833114,A,Z,lumpy,fast,False,True
35004C,3035,15874.380191326141,212,14.316037735849056,25.03247421388288,2009-12-02,2011-03-07,3.4858490566037736,3.0574677581143623,A,Z,lumpy,fast,False,False
35004G,359,1419.5099983215332,72,4.986111111111111,7.278161537624879,2009-12-01,2011-12-07,10.26388888888889,2.130686119338607,B,Z,lumpy,medium,False,True
35004P,127,638.9699935913086,30,4.233333333333333,3.9012229146621515,2009-12-01,2010-12-10,24.633333333333333,0.8492520433316726,C,Y,lumpy,medium,False,True
35004S,145,505.4000024795532,13,11.153846153846153,8.687597997971531,2009-12-01,2009-12-23,56.84615384615385,0.6066666666666666,C,Y,lumpy,slow,False,True
35004c,27,343.720006942749,16,1.6875,1.138346754435279,2009-12-01,2010-11-12,46.1875,0.4550525834476452,C,Y,intermittent,slow,False,True
35004p,1,12.720000267028809,1,1.0,0.0,2010-10-22,2010-10-22,739.0,0.0,C,X,intermittent,slow,False,True
35004s,1,13.0,1,1.0,0.0,2009-12-01,2009-12-01,739.0,0.0,C,X,intermittent,slow,False,True
35015,2072,134.07999700307846,34,60.94117647058823,48.94272544854394,2009-12-02,2010-11-07,21.735294117647058,0.6449924514596329,C,Y,lumpy,medium,False,True
35051B,32,5.879999816417694,3,10.666666666666666,6.429100507328637,2009-12-01,2009-12-22,246.33333333333334,0.3632812500000001,C,Y,intermittent,slow,False,True
35071,50,51.14000129699707,6,8.333333333333334,9.114091653405,2009-12-01,2009-12-09,123.16666666666667,1.19616,C,Z,lumpy,slow,False,True
35085E,39,44.25,9,4.333333333333333,2.0615528128088303,2009-12-01,2010-07-14,82.11111111111111,0.22633136094674564,C,X,intermittent,slow,False,False
35095A,1809,725.5599788725376,138,13.108695652173912,43.37675464510609,2009-12-01,2011-12-09,5.355072463768116,10.94952175808164,C,Z,lumpy,fast,False,True
35095B,1952,766.6399774551392,147,13.27891156462585,43.11052732141513,2009-12-01,2011-12-09,5.0272108843537415,10.540026749097116,C,Z,lumpy,fast,False,True
35096A,819,272.44999265670776,35,23.4,99.05916235795063,2009-12-02,2010-03-05,21.114285714285714,17.920808033930204,C,Z,lumpy,medium,False,True
35096B,293,106.48999693989754,21,13.952380952380953,29.818578420971363,2009-12-02,2010-03-05,35.19047619047619,4.56748593460611,C,Z,lumpy,slow,False,True
35160,2182,1590.640055656433,54,40.407407407407405,74.86151201940078,2009-12-01,2010-10-13,13.685185185185185,3.4323788422689407,B,Z,lumpy,medium,False,False
35233,10,37.5,8,1.25,0.4629100498862757,2009-12-08,2010-05-18,92.375,0.13714285714285715,C,X,intermittent,slow,False,True
35240,98,416.00998878479004,37,2.6486486486486487,6.733895257972562,2010-05-24,2010-11-22,19.972972972972972,6.463741959368783,C,Z,lumpy,medium,False,True
35241,309,1631.41996717453,108,2.861111111111111,3.5689688904233914,2009-12-02,2011-05-03,6.842592592592593,1.556023231905903,B,Z,lumpy,medium,False,False
35265,21,79.99999904632568,16,1.3125,0.7932002689527194,2010-05-25,2011-10-02,46.1875,0.365230536659108,C,Y,intermittent,slow,False,False
35271S,523,85.96999871730804,19,27.526315789473685,37.85552714825821,2009-12-05,2010-12-02,38.89473684210526,1.8913087013727161,C,Z,lumpy,slow,False,True
35400,1477,13999.099733352661,117,12.623931623931623,15.20023054256114,2009-12-01,2011-11-23,6.316239316239316,1.449809972730136,A,Z,lumpy,fast,False,True
35443,16,13.600000381469727,10,1.6,1.0749676997731399,2009-12-06,2011-11-24,73.9,0.45138888888888884,C,Y,intermittent,slow,False,True
35471A,421,499.3099946975708,67,6.2835820895522385,11.042350938407413,2009-12-01,2010-11-14,11.029850746268657,3.088221943311906,C,Z,lumpy,medium,False,True
35471D,2241,1591.859975218773,230,9.743478260869566,14.804381686058766,2009-12-01,2011-12-09,3.2130434782608694,2.3086202781146885,B,Z,lumpy,fast,False,True
35537,13,5.459999829530716,3,4.333333333333333,2.081665999466133,2009-12-06,2010-05-19,246.33333333333334,0.2307692307692309,C,X,intermittent,slow,False,True
35591T,17,21.25,9,1.8888888888888888,1.1666666666666667,2010-09-05,2011-11-20,82.11111111111111,0.3814878892733564,C,Y,intermittent,slow,False,True
35592T,4,0.0,1,4.0,0.0,2011-09-19,2011-09-19,739.0,0.0,C,X,intermittent,slow,True,True
35594,165,103.05999785661697,35,4.714285714285714,4.7376553432326105,2009-12-01,2010-10-29,21.114285714285714,1.0099389618106194,C,Z,lumpy,medium,False,True
35596,59,24.65000069141388,5,11.8,12.577758146824099,2010-10-05,2010-10-22,147.8,1.1361677678827922,C,Z,lumpy,slow,False,True
35597A,10,12.5,4,2.5,2.3804761428476167,2010-09-06,2010-12-06,184.75,0.9066666666666667,C,Y,lumpy,slow,False,True
35597B,78,224.0999937057495,7,11.142857142857142,21.919767117289148,2009-12-13,2010-12-06,105.57142857142857,3.8697129081744475,C,Z,lumpy,slow,False,True
35597D,117,25.279999494552612,9,13.0,18.828170383762732,2009-12-04,2011-09-19,82.11111111111111,2.097633136094675,C,Z,lumpy,slow,False,True
35598A,18,29.500000476837158,4,4.5,3.1091263510296048,2009-12-07,2011-11-20,184.75,0.4773662551440329,C,Y,intermittent,slow,False,True
35598B,931,874.6499834060669,49,19.0,38.14883134950969,2009-12-01,2011-11-30,15.081632653061224,4.031394275161589,C,Z,lumpy,medium,False,True
35598C,7,8.850000143051147,5,1.4,0.8944271909999159,2009-12-18,2011-11-24,147.8,0.4081632653061225,C,Y,intermittent,slow,False,True
35598D,1727,1312.1999603509903,82,21.0609756097561,45.903642385126915,2009-12-02,2011-12-04,9.012195121951219,4.750478147741789,B,Z,lumpy,medium,False,True
35599B,268,974.8099994659424,47,5.702127659574468,10.666719665301574,2009-12-02,2011-12-04,15.72340425531915,3.499354097455615,C,Z,lumpy,medium,False,True
35599D,406,1366.4800071716309,73,5.561643835616438,7.952962937326955,2009-12-01,2011-12-04,10.123287671232877,2.044803454477312,B,Z,lumpy,medium,False,True
35600A,1,0.0,1,1.0,0.0,2011-10-28,2011-10-28,739.0,0.0,C,X,intermittent,slow,True,True
35600D,141,497.70000529289246,12,11.75,13.150354298718273,2009-12-01,2010-09-28,61.583333333333336,1.2525618338203217,C,Z,lumpy,slow,False,True
35603B,92,20.999999344348907,3,30.666666666666668,25.006665778014735,2009-12-17,2009-12-22,246.33333333333334,0.6649338374291114,C,Y,lumpy,slow,False,True
35603C,83,48.29999825358391,21,3.9523809523809526,3.07369794345818,2009-12-02,2010-11-09,35.19047619047619,0.6047902453186238,C,Y,lumpy,slow,False,True
35607A,555,118.4299984574318,30,18.5,21.710874440370137,2009-12-11,2011-01-28,24.633333333333333,1.3772449056698826,C,Z,lumpy,medium,False,True
35607B,312,62.299999356269836,17,18.352941176470587,22.039570028900826,2009-12-11,2011-09-15,43.470588235294116,1.442098383053912,C,Z,lumpy,slow,False,True
35609A,447,133.22999799251556,23,19.434782608695652,13.710732647211824,2009-12-02,2010-12-10,32.130434782608695,0.49769347909071343,C,Y,lumpy,slow,False,True
35610A,143,105.42999863624573,12,11.916666666666666,17.148858076657273,2009-12-07,2010-12-15,61.583333333333336,2.0709081128661553,C,Z,lumpy,slow,False,True
35610B,179,144.0699987411499,13,13.76923076923077,16.488146480395375,2009-12-02,2010-12-13,56.84615384615385,1.433918000894687,C,Z,lumpy,slow,False,True
35610C,94,81.5599992275238,8,11.75,16.464246978572344,2009-12-10,2010-12-13,92.375,1.963396494858695,C,Z,lumpy,slow,False,True
35611B,62,45.760000348091125,3,20.666666666666668,24.00694344004112,2009-12-03,2010-11-23,246.33333333333334,1.3493756503642036,C,Z,lumpy,slow,False,True
35633B,267,24.699999690055847,11,24.272727272727273,50.21969914105601,2009-12-04,2010-11-28,67.18181818181819,4.280663215923916,C,Z,lumpy,slow,False,True
35637A,551,1445.0500164031982,50,11.02,35.45131182627917,2009-12-13,2011-11-27,14.78,10.349072550848662,B,Z,lumpy,medium,False,True
35637C,100,331.1399998664856,19,5.2631578947368425,10.608393454991496,2010-01-14,2011-11-27,38.89473684210526,4.06262222222222,C,Z,lumpy,slow,False,True
35638A,39,88.05000114440918,6,6.5,12.988456413292536,2010-01-25,2011-11-20,123.16666666666667,3.9928994082840235,C,Z,lumpy,slow,False,True
35638B,118,313.29000091552734,11,10.727272727272727,18.536941004874073,2009-12-09,2011-11-20,67.18181818181819,2.986052858374031,C,Z,lumpy,slow,False,True
35644,21,40.95000100135803,6,3.5,3.391164991562634,2010-02-03,2010-11-21,123.16666666666667,0.9387755102040817,C,Y,lumpy,slow,False,True
35645,82,301.810001373291,34,2.411764705882353,3.47386473331695,2009-12-09,2011-10-20,21.735294117647058,2.0747030086708853,C,Z,lumpy,medium,False,True
35646,642,1043.4400033950806,81,7.925925925925926,9.580941730563048,2009-12-02,2011-12-09,9.123456790123457,1.4612225958599006,C,Z,lumpy,medium,False,False
35647,563,748.239999294281,53,10.622641509433961,25.716072806331674,2009-12-08,2011-03-11,13.943396226415095,5.860629175820882,C,Z,lumpy,medium,False,True
35648,1041,1270.9299928545952,121,8.603305785123966,11.101410825388346,2009-12-02,2011-12-09,6.107438016528926,1.6650436798282886,B,Z,lumpy,fast,False,False
35649,1826,1362.9000372886658,48,38.041666666666664,249.1198940895842,2009-12-02,2011-12-08,15.395833333333334,42.884243127532876,B,Z,lumpy,medium,False,True
35650,3,14.84999942779541,3,1.0,0.0,2010-06-03,2011-08-01,246.33333333333334,0.0,C,X,intermittent,slow,False,True
35651,459,1057.6199786663055,48,9.5625,7.252017327554378,2009-12-02,2011-11-10,15.395833333333334,0.5751415849332362,C,Y,lumpy,medium,False,True
35652,18,21.5,2,9.0,9.899494936611665,2009-12-16,2010-03-08,369.5,1.2098765432098764,C,Z,lumpy,slow,False,True
35653,344,982.5300071239471,95,3.6210526315789475,3.5645385466273107,2009-12-02,2011-08-11,7.778947368421052,0.9690294063496084,C,Y,lumpy,medium,False,False
35654,12,59.39999771118164,5,2.4,1.6733200530681511,2010-01-05,2010-08-04,147.8,0.4861111111111112,C,Y,intermittent,slow,False,True
35751A,152,0.0,1,152.0,0.0,2009-12-22,2009-12-22,739.0,0.0,C,X,intermittent,slow,False,True
35751C,43,12.60999995470047,2,21.5,13.435028842544403,2009-12-01,2009-12-02,369.5,0.39048134126554895,C,Y,intermittent,slow,False,True
35751D,28,5.319999933242798,1,28.0,0.0,2009-12-02,2009-12-02,739.0,0.0,C,X,intermittent,slow,False,True
35793,108,216.33000314235687,8,13.5,19.10123406634092,2009-12-01,2009-12-22,92.375,2.001959631589261,C,Z,lumpy,slow,False,True
35809A,1137,1666.7799882292747,133,8.548872180451127,12.527827307706643,2009-12-03,2011-06-09,5.556390977443609,2.1475034432198483,B,Z,lumpy,fast,False,True
35809B,121,227.53999173641205,28,4.321428571428571,3.702387332204987,2009-12-02,2011-04-11,26.392857142857142,0.7340219120835201,C,Y,lumpy,slow,False,True
35809a,10,41.540000915527344,10,1.0,0.0,2010-11-26,2011-05-10,73.9,0.0,C,X,intermittent,slow,False,False
35810A,1205,1604.7399829626083,139,8.66906474820144,10.701068949184355,2009-12-03,2011-10-30,5.316546762589928,1.5237363611887342,B,Z,lumpy,fast,False,False
35810B,337,517.7099853157997,60,5.616666666666666,5.4152692678146535,2009-12-02,2011-11-30,12.316666666666666,0.9295715245760399,C,Y,lumpy,medium,False,False
35811A,439,762.9699959754944,69,6.36231884057971,8.861634118478763,2009-12-03,2010-10-11,10.710144927536232,1.9399778466707591,C,Z,lumpy,medium,False,True
35815B,95,43.93999993801117,3,31.666666666666668,25.73583752927682,2009-12-07,2009-12-15,246.33333333333334,0.6604986149584487,C,Y,lumpy,slow,False,True
35815P,208,75.87999856472015,8,26.0,26.522227874531417,2010-10-18,2011-10-06,92.375,1.0405748098055787,C,Z,lumpy,slow,False,True
35816B,139,58.06999921798706,3,46.333333333333336,77.65522090196725,2009-12-16,2010-05-14,246.33333333333334,2.8090160964753372,C,Z,lumpy,slow,False,True
35816P,297,137.42999863624573,9,33.0,47.92441966263129,2010-02-18,2011-08-16,82.11111111111111,2.109044995408632,C,Z,lumpy,slow,False,True
35817B,143,61.299999356269836,2,71.5,98.2878425849301,2009-12-03,2010-05-14,369.5,1.8896767568096238,C,Z,lumpy,slow,False,True
35817P,420,216.6999969482422,10,42.0,72.00617257491811,2010-05-14,2011-08-12,73.9,2.9392794154698914,C,Z,lumpy,slow,False,True
35818B,408,180.0499975681305,11,37.09090909090909,46.82190629492683,2010-04-13,2011-11-01,67.18181818181819,1.5935409457900807,C,Z,lumpy,slow,False,True
35818C,1,3.430000066757202,1,1.0,0.0,2009-12-14,2009-12-14,739.0,0.0,C,X,intermittent,slow,False,True
35818P,559,242.14999639987946,23,24.304347826086957,33.78734941123903,2010-05-14,2011-12-05,32.130434782608695,1.9325925561728696,C,Z,lumpy,slow,False,True
35819B,480,192.29999828338623,28,17.142857142857142,19.48354345617002,2009-12-14,2011-11-30,26.392857142857142,1.2917232510288064,C,Z,lumpy,slow,False,True
35819P,203,66.5499997138977,8,25.375,35.103672986496115,2011-07-21,2011-11-13,92.375,1.91378443682552,C,Z,lumpy,slow,False,True
35821B,150,56.99999928474426,3,50.0,24.24871130596428,2009-12-10,2010-04-08,246.33333333333334,0.2352,C,X,intermittent,slow,False,True
35821P,4,5.900000095367432,3,1.3333333333333333,0.5773502691896258,2009-12-02,2009-12-22,246.33333333333334,0.18750000000000008,C,X,intermittent,slow,False,True
35822B,250,87.01999890804291,1,250.0,0.0,2010-01-27,2010-01-27,739.0,0.0,C,X,intermittent,slow,False,True
35822P,114,43.31999945640564,1,114.0,0.0,2010-01-27,2010-01-27,739.0,0.0,C,X,intermittent,slow,False,True
35823P,2,5.900000095367432,2,1.0,0.0,2010-02-21,2010-07-15,369.5,0.0,C,X,intermittent,slow,False,True
35824B,528,203.23999750614166,6,88.0,134.5407001616983,2009-12-10,2010-05-14,123.16666666666667,2.337448347107439,C,Z,lumpy,slow,False,True
35824C,235,117.04999923706055,8,29.375,32.96291205929129,2009-12-03,2010-04-08,92.375,1.259201965983315,C,Z,lumpy,slow,False,True
35824P,324,136.43999862670898,3,108.0,156.0,2010-03-22,2010-04-23,246.33333333333334,2.0864197530864197,C,Z,lumpy,slow,False,True
35832,1738,5341.8500764369965,74,23.486486486486488,25.419894723623248,2009-12-01,2010-11-08,9.986486486486486,1.1714166441110727,A,Z,lumpy,medium,False,True
35833G,162,220.6600000858307,29,5.586206896551724,6.097524330059292,2009-12-06,2010-12-06,25.482758620689655,1.1914423977181177,C,Z,lumpy,slow,False,True
35833P,210,342.17000007629395,55,3.8181818181818183,4.796182544833649,2009-12-06,2011-11-24,13.436363636363636,1.5778953556731317,C,Z,lumpy,medium,False,True
35837,2,1.7000000476837158,1,2.0,0.0,2009-12-10,2009-12-10,739.0,0.0,C,X,intermittent,slow,False,True
35838A,257,184.4000027179718,17,15.117647058823529,24.088073690472783,2009-12-07,2010-09-29,43.470588235294116,2.5388423746006756,C,Z,lumpy,slow,False,True
35838B,167,85.00000238418579,19,8.789473684210526,15.619001772657205,2009-12-09,2010-09-28,38.89473684210526,3.1577722797917134,C,Z,lumpy,slow,False,True
35840,45,107.12999880313873,7,6.428571428571429,4.353433237386437,2009-12-04,2009-12-23,105.57142857142857,0.45860082304526745,C,Y,intermittent,slow,False,True
35909A,20,59.000000953674316,5,4.0,2.7386127875258306,2010-02-23,2011-04-26,147.8,0.46875,C,Y,intermittent,slow,False,True
35909B,16,47.20000076293945,6,2.6666666666666665,1.8618986725025255,2009-12-06,2011-06-14,123.16666666666667,0.4875000000000001,C,Y,intermittent,slow,False,True
35910A,53,103.35000252723694,13,4.076923076923077,2.253202848596432,2009-12-13,2011-03-28,56.84615384615385,0.3054467782128872,C,Y,intermittent,slow,False,True
35910B,29,61.07000136375427,7,4.142857142857143,2.410295378065479,2010-01-07,2011-11-06,105.57142857142857,0.3384859294490685,C,Y,intermittent,slow,False,True
35911A,408,466.68999660015106,76,5.368421052631579,7.0537783828019585,2009-12-02,2011-11-04,9.723684210526315,1.72643598615917,C,Z,lumpy,medium,False,True
35911B,159,184.75999402999878,19,8.368421052631579,11.634290917206723,2009-12-11,2011-03-22,38.89473684210526,1.9328261452386293,C,Z,lumpy,slow,False,True
35912B,288,355.5799913406372,29,9.931034482758621,18.11063427634785,2010-01-07,2011-10-30,25.482758620689655,3.325663786926807,C,Z,lumpy,slow,False,True
35913B,100,92.3900021314621,19,5.2631578947368425,4.531888314588791,2010-01-07,2011-11-06,38.89473684210526,0.741422222222222,C,Y,lumpy,slow,False,True
35914,257,336.57999444007874,44,5.840909090909091,6.015264234054629,2009-12-02,2011-10-25,16.795454545454547,1.0605924354258485,C,Z,lumpy,medium,False,True
35915A,288,365.75999450683594,1,288.0,0.0,2009-12-18,2009-12-18,739.0,0.0,C,X,intermittent,slow,False,True
35915B,563,713.7299888730049,46,12.23913043478261,42.21910298673849,2009-12-18,2011-09-23,16.065217391304348,11.899175699270977,C,Z,lumpy,medium,False,True
35915C,692,793.319986820221,58,11.931034482758621,38.18324334829719,2009-12-03,2011-04-18,12.741379310344827,10.242109835382335,C,Z,lumpy,medium,False,True
35916A,129,112.04000043869019,39,3.3076923076923075,3.642973381830938,2009-12-07,2011-10-18,18.94871794871795,1.2130027610941903,C,Z,lumpy,medium,False,True
35916B,132,119.67000019550323,42,3.142857142857143,3.8163411705865067,2009-12-01,2011-10-18,17.595238095238095,1.47450110864745,C,Z,lumpy,medium,False,True
35916C,157,167.55000162124634,38,4.131578947368421,5.7852143908115385,2009-12-01,2011-10-18,19.44736842105263,1.9606803850383714,C,Z,lumpy,medium,False,True
35918B,10,12.5,4,2.5,1.7320508075688772,2009-12-02,2010-02-23,184.75,0.48,C,Y,intermittent,slow,False,True
35920,1070,296.3400058746338,22,48.63636363636363,203.59402775751585,2010-01-27,2011-04-19,33.59090909090909,17.52297634644739,C,Z,lumpy,slow,False,True
35921,183,330.3199996948242,40,4.575,4.771106951060889,2010-01-22,2011-04-19,18.475,1.0875672149523263,C,Z,lumpy,medium,False,True
35922,97,575.9899911880493,32,3.03125,3.5694435727932214,2009-12-22,2011-04-08,23.09375,1.386620222916288,C,Z,lumpy,medium,False,True
35923,1545,1023.7699738740921,93,16.612903225806452,42.94208239469422,2009-12-08,2011-12-01,7.946236559139785,6.6815178253082905,C,Z,lumpy,medium,False,True
35924,2164,4049.400058031082,143,15.132867132867133,32.71478060282036,2009-12-01,2011-12-08,5.1678321678321675,4.6735359342582745,B,Z,lumpy,fast,False,False
35930,1,0.3799999952316284,1,1.0,0.0,2009-12-16,2009-12-16,739.0,0.0,C,X,intermittent,slow,False,True
35931,156,78.11999988555908,14,11.142857142857142,14.580583204844949,2009-12-01,2010-11-12,52.785714285714285,1.7122085672381535,C,Z,lumpy,slow,False,True
35932,41,15.629999876022339,11,3.727272727272727,3.036145882229939,2009-12-04,2010-11-15,67.18181818181819,0.6635336109458655,C,Y,lumpy,slow,False,True
35933,329,131.37999856472015,25,13.16,12.902454546842367,2009-12-01,2011-11-06,29.56,0.9612423511731533,C,Y,lumpy,slow,False,True
35936,36,13.679999828338623,9,4.0,2.8284271247461903,2009-12-11,2010-10-17,82.11111111111111,0.5000000000000001,C,Y,lumpy,slow,False,True
35937,188,71.43999910354614,15,12.533333333333333,13.048627003124379,2009-12-15,2010-10-18,49.266666666666666,1.0839180624717069,C,Z,lumpy,slow,False,True
35945,2,1.9500000476837158,2,1.0,0.0,2009-12-18,2009-12-22,369.5,0.0,C,X,intermittent,slow,False,True
35950,1,1.25,1,1.0,0.0,2010-03-03,2010-03-03,739.0,0.0,C,X,intermittent,slow,False,True
35951,1409,717.989993095398,37,38.08108108108108,29.353571028618173,2009-12-01,2010-12-03,19.972972972972972,0.5941599143339854,C,Y,lumpy,medium,False,True
35953,3868,2007.219966173172,86,44.97674418604651,43.71995822186962,2009-12-03,2011-12-09,8.593023255813954,0.9448947766091847,B,Y,lumpy,medium,False,True
35954,2205,850.4899813830853,84,26.25,34.50925316805432,2009-12-01,2011-11-10,8.797619047619047,1.728273638772778,C,Z,lumpy,medium,False,True
35955,135,34.61999925971031,3,45.0,76.2102355330306,2009-12-01,2010-05-13,246.33333333333334,2.8681481481481477,C,Z,lumpy,slow,False,True
35957,3600,1254.8999764323235,100,36.0,50.58166713845097,2009-12-01,2011-01-13,7.39,1.9741551315625392,B,Z,lumpy,medium,False,False
35958,1143,984.6300265789032,65,17.584615384615386,31.577232852410997,2009-12-03,2010-12-10,11.36923076923077,3.2246485750687532,C,Z,lumpy,medium,False,True
35961,11430,9514.780267715454,372,30.725806451612904,86.0992662274217,2009-12-01,2011-12-08,1.9865591397849462,7.852217477420872,A,Z,lumpy,fast,False,False
35962,592,1351.7799577713013,62,9.548387096774194,9.933677474911718,2009-12-01,2010-10-27,11.919354838709678,1.0823309463650619,B,Z,lumpy,medium,False,True
35963,101,38.37999951839447,11,9.181818181818182,9.948046861753134,2009-12-16,2010-09-22,67.18181818181819,1.1738653073228116,C,Z,lumpy,slow,False,True
35964,1187,689.7599794268608,92,12.902173913043478,21.475291082783976,2009-12-04,2011-12-09,8.032608695652174,2.770462875827862,C,Z,lumpy,medium,False,True
35965,724,1423.6300011277199,144,5.027777777777778,6.934200680910459,2009-12-01,2011-11-15,5.131944444444445,1.9021320549356933,B,Z,lumpy,fast,False,False
35966,270,111.33999919891357,25,10.8,11.18779096455894,2009-12-02,2011-08-31,29.56,1.073102423411065,C,Z,lumpy,slow,False,True
35967,936,488.5099940896034,95,9.852631578947369,9.66235117531765,2009-12-02,2011-12-08,7.778947368421052,0.961747682756616,C,Y,lumpy,medium,False,True
35968,833,363.33999575674534,69,12.072463768115941,16.518544694995974,2009-12-02,2011-11-02,10.710144927536232,1.8721978587353303,C,Z,lumpy,medium,False,False
35969,523,542.4699913263321,63,8.301587301587302,13.617629608324407,2009-12-02,2010-11-18,11.73015873015873,2.690795892491908,C,Z,lumpy,medium,False,False
35970,8514,15072.580362915993,233,36.54077253218884,47.040603456360465,2010-03-12,2011-12-09,3.171673819742489,1.6572587443207234,A,Z,lumpy,fast,False,True
35971,1963,1947.7399892807007,180,10.905555555555555,29.786708674442586,2009-12-01,2011-12-05,4.105555555555555,7.460182412444299,B,Z,lumpy,fast,False,True
35972,440,611.3799986839294,71,6.197183098591549,9.228248120866803,2009-12-04,2011-11-06,10.408450704225352,2.217429752066116,C,Z,lumpy,medium,False,True
35973,49,61.25,11,4.454545454545454,4.6122366887148445,2009-12-09,2010-03-21,67.18181818181819,1.0720533111203665,C,Z,lumpy,slow,False,True
35974,1,3.75,1,1.0,0.0,2009-12-16,2009-12-16,739.0,0.0,C,X,intermittent,slow,False,True
35975B,6,0.0,1,6.0,0.0,2009-12-22,2009-12-22,739.0,0.0,C,X,intermittent,slow,False,True
35976B,1,1.25,1,1.0,0.0,2009-12-06,2009-12-06,739.0,0.0,C,X,intermittent,slow,False,True
35977B,7,0.0,1,7.0,0.0,2009-12-22,2009-12-22,739.0,0.0,C,X,intermittent,slow,False,True
35978,48,0.0,1,48.0,0.0,2010-04-01,2010-04-01,739.0,0.0,C,X,intermittent,slow,False,True
35979,94,311.0300033092499,18,5.222222222222222,4.820978123302312,2009-12-01,2010-04-09,41.05555555555556,0.8522355071498948,C,Y,lumpy,slow,False,True
35980A,9,0.0,1,9.0,0.0,2009-12-22,2009-12-22,739.0,0.0,C,X,intermittent,slow,False,True
35980B,4,1.5199999809265137,2,2.0,0.0,2009-12-18,2010-05-16,369.5,0.0,C,X,intermittent,slow,False,True
35980C,777,147.63999807834625,27,28.77777777777778,48.567426036335014,2009-12-09,2010-10-13,27.37037037037037,2.848233994952142,C,Z,lumpy,slow,False,True
35981C,711,297.6199971437454,47,15.127659574468085,28.942684756688852,2009-12-02,2010-10-17,15.72340425531915,3.660447168452899,C,Z,lumpy,medium,False,True
35990,2,0.0,1,2.0,0.0,2010-01-04,2010-01-04,739.0,0.0,C,X,intermittent,slow,False,True
35991,447,232.07999703288078,48,9.3125,11.72949773098902,2009-12-01,2010-11-17,15.395833333333334,1.5864495273837576,C,Z,lumpy,medium,False,True
35994,4,0.0,1,4.0,0.0,2009-12-22,2009-12-22,739.0,0.0,C,X,intermittent,slow,False,True
35995,5,3.779999852180481,5,1.0,0.0,2009-12-01,2009-12-23,147.8,0.0,C,X,intermittent,slow,False,True
35999,29,2.549999952316284,2,14.5,19.091883092036785,2009-12-13,2009-12-22,369.5,1.733650416171225,C,Z,lumpy,slow,False,True
37112,10,37.5,4,2.5,1.2909944487358056,2009-12-04,2010-02-02,184.75,0.2666666666666666,C,Y,intermittent,slow,False,True
37326,4,4.609999895095825,3,1.3333333333333333,0.5773502691896258,2010-01-11,2010-04-01,246.33333333333334,0.18750000000000008,C,X,intermittent,slow,False,True
37327,1745,1051.689982175827,74,23.58108108108108,24.364248879716932,2009-12-02,2011-11-16,9.986486486486486,1.0675264177262864,C,Z,lumpy,medium,False,False
37330,517,927.4600002765656,27,19.14814814814815,18.163157349433632,2010-01-11,2011-03-22,27.37037037037037,0.8997650770974777,C,Y,lumpy,slow,False,False
37333,150,805.0999941825867,51,2.9411764705882355,6.727292961380178,2009-12-03,2011-05-03,14.490196078431373,5.231647999999999,C,Z,lumpy,medium,False,True
37340,13665,3881.3299922943115,147,92.95918367346938,580.1976975011452,2009-12-01,2011-12-08,5.0272108843537415,38.95537589788419,B,Z,lumpy,fast,False,True
37342,1630,1731.4000331759453,99,16.464646464646464,19.369823538286294,2009-12-07,2011-09-02,7.4646464646464645,1.3840332027274387,B,Z,lumpy,medium,False,False
37343,1110,1759.0399708747864,93,11.935483870967742,19.179816413192253,2009-12-01,2011-03-09,7.946236559139785,2.582312700479564,B,Z,lumpy,medium,False,False
37345,321,561.049994468689,8,40.125,97.08234722572969,2009-12-03,2010-01-07,92.375,5.853969363096799,C,Z,lumpy,slow,False,True
37348,14,35.69999933242798,7,2.0,1.7320508075688772,2009-12-02,2010-03-31,105.57142857142857,0.7499999999999999,C,Y,lumpy,slow,False,True
37351,5404,612.5100090801716,11,491.27272727272725,1616.102291992007,2009-12-22,2011-03-20,67.18181818181819,10.82162255006435,C,Z,lumpy,slow,False,True
37352,4648,504.5500068664551,8,581.0,1627.1562397543232,2009-12-17,2010-11-08,92.375,7.843434012138336,C,Z,lumpy,slow,False,True
37370,7163,10821.28963136673,274,26.142335766423358,49.36510642400306,2009-12-01,2011-11-22,2.697080291970803,3.5657540042217377,A,Z,lumpy,fast,False,False
37379A,41,159.20000457763672,14,2.9285714285714284,2.4326081512611966,2009-12-02,2011-01-19,52.785714285714285,0.6899739166247197,C,Y,lumpy,slow,False,True
37379B,1122,181.50000661611557,3,374.0,637.3946971853469,2010-03-04,2010-03-23,246.33333333333334,2.9045154279504715,C,Z,lumpy,slow,False,True
37399,143,74.99999836087227,5,28.6,33.17077026540083,2009-12-13,2009-12-22,147.8,1.345175803217761,C,Z,lumpy,slow,False,True
37408,5,6.25,1,5.0,0.0,2009-12-04,2009-12-04,739.0,0.0,C,X,intermittent,slow,False,True
37409,7,5.950000166893005,3,2.3333333333333335,2.3094010767585034,2010-01-14,2010-04-11,246.33333333333334,0.9795918367346941,C,Y,lumpy,slow,False,True
37410,25743,3288.650031775236,26,990.1153846153846,3885.968906997822,2009-12-01,2010-04-07,28.423076923076923,15.403769994983072,B,Z,lumpy,slow,False,True
37413,6271,284.4899901151657,60,104.51666666666667,717.540726811216,2011-01-28,2011-12-05,12.316666666666666,47.13266662865816,C,Z,lumpy,medium,False,True
37422,443,292.0800020098686,54,8.203703703703704,30.640569745447724,2009-12-01,2010-05-26,13.685185185185185,13.949984987304823,C,Z,lumpy,medium,False,True
37423,6168,843.8800092935562,56,110.14285714285714,551.9112059206437,2009-12-02,2011-03-18,13.196428571428571,25.108787889493126,C,Z,lumpy,medium,False,True
37424,5249,1134.6799892187119,86,61.03488372093023,325.42383034597384,2009-12-01,2010-11-21,8.593023255813954,28.42774833540062,C,Z,lumpy,medium,False,True
37432,6,3.8999998569488525,1,6.0,0.0,2009-12-08,2009-12-08,739.0,0.0,C,X,intermittent,slow,False,True
37438,1,3.75,1,1.0,0.0,2009-12-13,2009-12-13,739.0,0.0,C,X,intermittent,slow,False,True
37441,778,1639.7999925613403,49,15.877551020408163,32.54844636145046,2009-12-03,2010-08-12,15.081632653061224,4.202362307060267,B,Z,lumpy,medium,False,True
37444A,2715,563.4299862384796,45,60.333333333333336,272.1273097784798,2009-12-01,2011-07-18,16.42222222222222,20.343684702709147,C,Z,lumpy,medium,False,True
37444B,2036,409.59999084472656,27,75.4074074074074,261.9242784381158,2009-12-01,2011-03-28,27.37037037037037,12.064893519341883,C,Z,lumpy,slow,False,True
37444C,1676,673.7199857234955,48,34.916666666666664,154.64411213634912,2009-12-01,2011-03-28,15.395833333333334,19.61558321184842,C,Z,lumpy,medium,False,True
37446,3952,5332.250065088272,243,16.263374485596707,27.709468503819046,2009-12-01,2011-12-06,3.0411522633744856,2.90291999430141,A,Z,lumpy,fast,False,False
37447,2891,4540.850007534027,253,11.42687747035573,12.045531548689848,2009-12-01,2011-12-08,2.9209486166007905,1.111211680575913,A,Z,lumpy,fast,False,False
37448,4550,6827.210024595261,308,14.772727272727273,16.450309236332927,2009-12-01,2011-12-08,2.3993506493506493,1.2400145249889187,A,Z,lumpy,fast,False,False
37449,2389,22333.29986858368,282,8.47163120567376,14.88846708475958,2009-12-01,2011-12-07,2.620567375886525,3.08863001388949,A,Z,lumpy,fast,False,False
37450,2444,7023.139983415604,259,9.436293436293436,9.98791883438405,2009-12-01,2011-12-08,2.853281853281853,1.1203330139083298,A,Z,lumpy,fast,False,False
37451,5,4.949999809265137,3,1.6666666666666667,1.1547005383792517,2009-12-22,2010-02-11,246.33333333333334,0.48000000000000015,C,Y,intermittent,slow,False,True
37461,890,778.6400105953217,90,9.88888888888889,23.08676572325689,2009-12-01,2010-12-08,8.21111111111111,5.450435409216573,C,Z,lumpy,medium,False,True
37462B,199,87.27999797463417,30,6.633333333333334,11.848129005017638,2009-12-01,2010-10-12,24.633333333333333,3.1903321842273225,C,Z,lumpy,medium,False,True
37462E,222,47.119998663663864,29,7.655172413793103,21.587489535226123,2010-01-10,2011-12-05,25.482758620689655,7.9523287766531,C,Z,lumpy,slow,False,True
37464,316,431.17999482154846,66,4.787878787878788,7.2737994547663,2009-12-01,2010-12-17,11.196969696969697,2.308002908804063,C,Z,lumpy,medium,False,False
37467,424,328.5100016593933,57,7.43859649122807,19.006594291624577,2009-12-02,2011-10-10,12.964912280701755,6.528698411992065,C,Z,lumpy,medium,False,True
37468,133,39.80999934673309,15,8.866666666666667,16.982624173240243,2009-12-18,2011-10-19,49.266666666666666,3.668502620676288,C,Z,lumpy,slow,False,True
37471,1405,197.85000270605087,10,140.5,286.4981093596722,2009-12-22,2011-10-12,73.9,4.158061152552103,C,Z,lumpy,slow,False,True
37474,64,651.0499849319458,42,1.5238095238095237,1.254029509865857,2009-12-02,2010-12-06,17.595238095238095,0.6772580030487804,C,Y,lumpy,medium,False,False
37475,116,1160.5599756240845,67,1.7313432835820894,1.472804884856009,2009-12-14,2011-12-02,11.029850746268657,0.7236424891002776,C,Y,lumpy,medium,False,False
37476,209,2010.600028038025,68,3.073529411764706,5.445294220551886,2009-12-02,2011-10-20,10.867647058823529,3.1388311527229122,B,Z,lumpy,medium,False,True
37477B,11,41.25,8,1.375,1.0606601717798212,2009-12-02,2010-11-22,92.375,0.5950413223140495,C,Y,lumpy,slow,False,True
37477C,26,22.5,2,13.0,9.899494936611665,2010-02-12,2010-11-23,369.5,0.5798816568047337,C,Y,lumpy,slow,False,True
37479B,1729,1095.8500148057938,32,54.03125,142.56237669876296,2010-01-11,2011-06-15,23.09375,6.961772451772753,C,Z,lumpy,medium,False,True
37479P,170,160.07999753952026,31,5.483870967741935,4.836465429367025,2010-06-11,2011-11-08,23.838709677419356,0.7778246828143022,C,Y,lumpy,medium,False,True
37481,18,15.299999713897705,3,6.0,0.0,2010-02-23,2010-06-07,246.33333333333334,0.0,C,X,intermittent,slow,False,True
37482B,1251,1127.9100275039673,9,139.0,215.39324501942954,2009-12-05,2010-08-01,82.11111111111111,2.4012344081569283,C,Z,lumpy,slow,False,True
37482P,667,906.3099790811539,68,9.808823529411764,19.748612158259338,2009-12-02,2011-04-13,10.867647058823529,4.053585326650152,C,Z,lumpy,medium,False,True
37482b,1,17.350000381469727,1,1.0,0.0,2009-12-22,2009-12-22,739.0,0.0,C,X,intermittent,slow,False,True
37482p,2,34.70000076293945,2,1.0,0.0,2009-12-01,2009-12-22,369.5,0.0,C,X,intermittent,slow,False,True
37483,287,232.89000248908997,9,31.88888888888889,57.611727201248804,2010-05-14,2010-06-08,82.11111111111111,3.2639463875972763,C,Z,lumpy,slow,False,True
37484,2,6.75,2,1.0,0.0,2009-12-08,2009-12-22,369.5,0.0,C,X,intermittent,slow,False,True
37485,126,207.69000101089478,17,7.411764705882353,18.493440808599583,2009-12-01,2010-02-24,43.470588235294116,6.225757432602669,C,Z,lumpy,slow,False,True
37487B,68,19.71999943256378,2,34.0,36.76955262170047,2011-04-11,2011-04-13,369.5,1.1695501730103803,C,Z,lumpy,slow,False,True
37488A,41,19.769999742507935,6,6.833333333333333,8.109665015687558,2010-02-16,2011-04-13,123.16666666666667,1.4084473527662107,C,Z,lumpy,slow,False,True
37489A,48,46.56000018119812,24,2.0,1.2510864843424485,2009-12-13,2011-11-22,30.791666666666668,0.3913043478260869,C,Y,intermittent,slow,False,False
37489B,38,30.420000076293945,17,2.235294117647059,1.3932610920384718,2010-02-12,2011-11-21,43.470588235294116,0.3885041551246537,C,Y,intermittent,slow,False,True
37489C,27,26.06000018119812,12,2.25,1.6025547785276542,2009-12-01,2011-09-14,61.583333333333336,0.5072951739618407,C,Y,lumpy,slow,False,True
37489D,46,28.859999775886536,20,2.3,1.341640786499874,2010-01-14,2011-12-05,36.95,0.34026465028355396,C,Y,intermittent,slow,False,False
37491A,29,48.299999356269836,13,2.230769230769231,2.7127429585153027,2009-12-15,2011-10-31,56.84615384615385,1.4787950852160119,C,Z,lumpy,slow,False,True
37491B,14,30.079999685287476,8,1.75,1.0350983390135313,2010-01-11,2011-07-18,92.375,0.34985422740524785,C,Y,intermittent,slow,False,True
37491C,77,167.51999521255493,10,7.7,18.153971099091976,2009-12-11,2011-07-18,73.9,5.558554000112442,C,Z,lumpy,slow,False,True
37491D,26,63.279998540878296,13,2.0,1.9999999999999998,2010-01-27,2011-07-18,56.84615384615385,0.9999999999999998,C,Y,lumpy,slow,False,True
37492A,108,216.06999909877777,11,9.818181818181818,16.672241491882136,2009-12-01,2009-12-23,67.18181818181819,2.8835390946502053,C,Z,lumpy,slow,False,True
37492B,489,946.7199940681458,41,11.926829268292684,26.78282121426199,2009-12-02,2010-10-05,18.024390243902438,5.042694284483589,C,Z,lumpy,medium,False,True
37492C,266,477.2999973297119,25,10.64,24.866108125988138,2009-12-01,2010-05-19,29.56,5.4617570712495525,C,Z,lumpy,slow,False,True
37492D,361,682.9899936914444,22,16.40909090909091,35.84710799374409,2009-12-04,2010-05-21,33.59090909090909,4.77242603520026,C,Z,lumpy,slow,False,True
37494A,237,793.439995765686,33,7.181818181818182,10.125631293450748,2009-12-02,2010-04-01,22.393939393939394,1.9878124499278962,C,Z,lumpy,medium,False,True
37494a,4,24.15999984741211,1,4.0,0.0,2009-12-22,2009-12-22,739.0,0.0,C,X,intermittent,slow,False,True
37495,1560,5732.600016117096,233,6.695278969957082,7.932192376113171,2009-12-04,2011-12-08,3.171673819742489,1.4036186244587274,A,Z,lumpy,fast,False,False
37500,881,6787.459842681885,213,4.136150234741784,8.89961087849597,2009-12-01,2011-12-09,3.4694835680751175,4.62966350372794,A,Z,lumpy,fast,False,False
37501,809,3401.1499156951904,140,5.7785714285714285,27.57698651040141,2009-12-02,2011-08-31,5.2785714285714285,22.77469877032226,B,Z,lumpy,fast,False,True
37502,1213,2599.790018558502,105,11.552380952380952,26.77397593832093,2009-12-01,2010-07-30,7.038095238095238,5.3713411168050404,B,Z,lumpy,medium,False,True
37503,2465,25428.329793930054,180,13.694444444444445,20.84716859041342,2009-12-01,2010-08-01,4.105555555555555,2.317423037968917,A,Z,lumpy,fast,False,False
37506,32,190.39999389648438,26,1.2307692307692308,0.5870395085642742,2009-12-02,2010-08-24,28.423076923076923,0.22749999999999995,C,X,intermittent,slow,False,False
37508,89,229.56999588012695,40,2.225,2.2587436943847963,2009-12-01,2010-08-24,18.475,1.0305614093014677,C,Z,lumpy,medium,False,True
37509,70,71.39999866485596,18,3.888888888888889,8.079668665956172,2010-01-04,2010-12-09,41.05555555555556,4.316542617046819,C,Z,lumpy,slow,False,True
40001,2484,1911.6499993801117,110,22.581818181818182,37.50385468095169,2009-12-06,2011-11-13,6.718181818181818,2.758252380898345,B,Z,lumpy,medium,False,False
40002,78,66.30000185966492,1,78.0,0.0,2009-12-18,2009-12-18,739.0,0.0,C,X,intermittent,slow,False,True
40003,1150,1257.0199904441833,57,20.17543859649123,32.260725130798164,2009-12-18,2011-06-06,12.964912280701755,2.5568325141776933,B,Z,lumpy,medium,False,False
40005B,33,28.05000078678131,13,2.5384615384615383,1.2659242088545832,2010-03-25,2011-11-22,56.84615384615385,0.24869911233547598,C,X,intermittent,slow,False,True
40016,15435,5487.309917867184,194,79.5618556701031,158.30536762314884,2009-12-01,2011-09-21,3.8092783505154637,3.9589632788099856,A,Z,lumpy,fast,False,False
40018E,413,837.02001953125,63,6.555555555555555,10.829734720752109,2009-12-01,2010-08-12,11.73015873015873,2.729082299302202,C,Z,lumpy,medium,False,True
40018F,1092,2100.3300547599792,81,13.481481481481481,38.181183556534464,2009-12-01,2010-09-05,9.123456790123457,8.02090798967516,B,Z,lumpy,medium,False,True
40046A,375,472.0699951648712,57,6.578947368421052,9.047389853316522,2009-12-02,2011-10-17,12.964912280701755,1.891184000000001,C,Z,lumpy,medium,False,False
40046C,10,3.75,4,2.5,3.0,2009-12-06,2010-01-04,184.75,1.44,C,Z,lumpy,slow,False,True
44089A,40,16.799999475479126,11,3.6363636363636362,2.8730724763822884,2010-02-04,2011-11-27,67.18181818181819,0.62425,C,Y,lumpy,slow,False,True
44089C,68,28.559999108314514,15,4.533333333333333,2.8999178970315365,2010-02-04,2011-09-23,49.266666666666666,0.40920044488383595,C,Y,intermittent,slow,False,True
44091A,41,7.559999763965607,7,5.857142857142857,7.861903319777203,2010-02-03,2011-07-20,105.57142857142857,1.8017053341265121,C,Z,lumpy,slow,False,True
44091C,133,30.659999042749405,19,7.0,15.242484486898235,2009-12-17,2010-08-04,38.89473684210526,4.741496598639455,C,Z,lumpy,slow,False,True
44092B,15,12.750000357627869,6,2.5,1.9748417658131499,2010-07-18,2011-09-05,123.16666666666667,0.6239999999999999,C,Y,lumpy,slow,False,True
44092C,23,19.550000548362732,10,2.3,1.7029386365926402,2009-12-18,2011-10-20,73.9,0.5482041587901703,C,Y,lumpy,slow,False,True
44217M,73,236.40000343322754,2,36.5,50.204581464244875,2010-02-15,2010-02-16,369.5,1.8919121786451496,C,Z,lumpy,slow,False,True
44228,144,40.80000114440918,5,28.8,18.19890106572372,2010-05-24,2011-08-23,147.8,0.3993055555555555,C,Y,intermittent,slow,False,True
44230,347,3381.620053768158,44,7.886363636363637,12.649507590546682,2009-12-01,2010-10-10,16.795454545454547,2.5727266388763725,B,Z,lumpy,medium,False,True
44234,1213,260.390001565218,54,22.462962962962962,64.89925805982364,2009-12-14,2011-12-09,13.685185185185185,8.347287688963572,C,Z,lumpy,medium,False,True
44235,816,303.8400070667267,22,37.09090909090909,99.06462974140096,2010-01-13,2011-12-07,33.59090909090909,7.133493756979913,C,Z,lumpy,slow,False,True
44236,64,112.32000255584717,12,5.333333333333333,6.27162924074226,2010-01-24,2011-08-21,61.583333333333336,1.3828125000000004,C,Z,lumpy,slow,False,True
44241C,70,59.500001668930054,7,10.0,16.901676445449624,2010-01-25,2010-08-04,105.57142857142857,2.8566666666666665,C,Z,lumpy,slow,False,True
44242A,14,11.980000257492065,2,7.0,7.0710678118654755,2010-03-25,2011-07-10,369.5,1.0204081632653064,C,Z,lumpy,slow,False,True
44242B,109,121.53000068664551,9,12.11111111111111,12.712635883683253,2009-12-06,2011-09-26,82.11111111111111,1.1018011951855904,C,Z,lumpy,slow,False,True
44242C,160,0.0,1,160.0,0.0,2010-05-07,2010-05-07,739.0,0.0,C,X,intermittent,slow,False,True
44265,11,34.0,5,2.2,0.8366600265340756,2009-12-08,2011-04-06,147.8,0.14462809917355368,C,X,intermittent,slow,False,True
45008C,83,792.0699863433838,31,2.6774193548387095,3.5155568243090936,2009-12-03,2010-07-14,23.838709677419356,1.7240721923839941,C,Z,lumpy,medium,False,True
45013,48,132.0,8,6.0,7.615773105863909,2010-05-12,2011-10-23,92.375,1.6111111111111114,C,Z,lumpy,slow,False,True
45014,1,4.650000095367432,1,1.0,0.0,2010-07-15,2010-07-15,739.0,0.0,C,X,intermittent,slow,False,True
45016,101,423.729998588562,22,4.590909090909091,7.719234423605756,2009-12-14,2010-09-09,33.59090909090909,2.8271644703367085,C,Z,lumpy,slow,False,True
46000M,4205,3901.3498799800873,246,17.09349593495935,47.416902591818705,2009-12-01,2011-12-08,3.0040650406504064,7.6949282795519665,B,Z,lumpy,fast,False,False
46000P,238,905.25,44,5.409090909090909,5.358402147369931,2009-12-01,2011-09-04,16.795454545454547,0.9813457530755121,C,Y,lumpy,medium,False,True
46000R,303,352.35001158714294,59,5.135593220338983,8.6571828401755,2010-01-26,2011-12-07,12.525423728813559,2.8416589012947058,C,Z,lumpy,medium,False,False
46000S,5261,5032.950165510178,269,19.557620817843866,44.70276448417174,2009-12-01,2011-12-08,2.7472118959107807,5.224403589175359,A,Z,lumpy,fast,False,False
46000U,281,313.75,50,5.62,5.753047107438644,2009-12-03,2011-12-04,14.78,1.0479081768343914,C,Z,lumpy,medium,False,False
46037A,6,7.5,2,3.0,1.4142135623730951,2010-05-25,2010-08-12,369.5,0.22222222222222227,C,X,intermittent,slow,False,True
46115B,574,54.339999318122864,22,26.09090909090909,60.16240646379723,2010-05-07,2011-03-04,33.59090909090909,5.3170650770718755,C,Z,lumpy,slow,False,True
46118,373,513.5800092220306,62,6.016129032258065,7.466848997421257,2009-12-03,2011-12-09,11.919354838709678,1.540424625383047,C,Z,lumpy,medium,False,False
46126A,317,419.99000000953674,44,7.204545454545454,12.507819964074468,2009-12-03,2011-05-18,16.795454545454547,3.0140473549459434,C,Z,lumpy,medium,False,True
46137D,45,132.7500021457672,4,11.25,12.996794476587937,2010-01-29,2010-03-19,184.75,1.3346502057613172,C,Z,lumpy,slow,False,True
46138B,71,156.29000103473663,25,2.84,2.6089589239132662,2009-12-07,2011-11-13,29.56,0.8439132447265756,C,Y,lumpy,slow,False,True
46138D,1,1.9500000476837158,1,1.0,0.0,2010-03-25,2010-03-25,739.0,0.0,C,X,intermittent,slow,False,True
46307,108,246.029993891716,27,4.0,9.699325908377505,2009-12-21,2010-07-29,27.37037037037037,5.879807692307694,C,Z,lumpy,slow,False,True
46775A,84,1044.2300395965576,16,5.25,7.085195833567341,2009-12-02,2010-02-24,46.1875,1.8213151927437645,C,Z,lumpy,slow,False,True
46775B,5,84.75000381469727,4,1.25,0.5,2009-12-02,2009-12-10,184.75,0.16000000000000003,C,X,intermittent,slow,False,True
46775D,159,1938.190068244934,74,2.1486486486486487,2.1176520497070066,2009-12-13,2011-12-05,9.986486486486486,0.9713559319278706,B,Y,lumpy,medium,False,True
46775E,104,1282.9000511169434,30,3.466666666666667,4.216006717698415,2009-12-11,2010-09-12,24.633333333333333,1.479034890838604,B,Z,lumpy,medium,False,True
46776A,406,1283.2300128936768,98,4.142857142857143,12.45859120628656,2009-12-04,2011-12-09,7.540816326530612,9.0435294261863,B,Z,lumpy,medium,False,True
46776B,428,1369.230013847351,121,3.5371900826446283,11.308581787234308,2009-12-03,2011-12-09,6.107438016528926,10.22114358604827,B,Z,lumpy,fast,False,True
46776C,258,905.1000080108643,82,3.1463414634146343,6.635337406586587,2009-12-10,2011-12-09,9.012195121951219,4.447483198199301,C,Z,lumpy,medium,False,True
46776D,153,658.0700063705444,63,2.4285714285714284,2.0768639953784986,2009-12-04,2011-12-09,11.73015873015873,0.7313316218327941,C,Y,lumpy,medium,False,True
46776E,205,662.1000051498413,68,3.014705882352941,7.3270968107018835,2010-01-04,2011-12-09,10.867647058823529,5.907095101529829,C,Z,lumpy,medium,False,True
46776F,487,1675.7300214767456,117,4.162393162393163,11.232616657841652,2009-12-03,2011-12-09,6.316239316239316,7.282419229354997,B,Z,lumpy,fast,False,True
46776a,5,20.65000057220459,1,5.0,0.0,2011-10-31,2011-10-31,739.0,0.0,C,X,intermittent,slow,True,True
46776b,1,4.130000114440918,1,1.0,0.0,2011-10-31,2011-10-31,739.0,0.0,C,X,intermittent,slow,True,True
46776e,1,4.130000114440918,1,1.0,0.0,2011-10-31,2011-10-31,739.0,0.0,C,X,intermittent,slow,True,True
46776f,7,28.910000801086426,1,7.0,0.0,2011-10-31,2011-10-31,739.0,0.0,C,X,intermittent,slow,True,True
47009,3,0.0,1,3.0,0.0,2010-01-04,2010-01-04,739.0,0.0,C,X,intermittent,slow,False,True
47013A,141,39.86999885737896,25,5.64,5.7942500233708705,2009-12-16,2011-04-19,29.56,1.055446573780662,C,Z,lumpy,slow,False,True
47013C,151,40.51999893039465,27,5.592592592592593,4.361185964842937,2009-12-04,2011-06-28,27.37037037037037,0.6081109802876392,C,Y,lumpy,slow,False,True
47016,31,65.09999704360962,5,6.2,9.959919678390985,2009-12-07,2011-11-01,147.8,2.580645161290322,C,Z,lumpy,slow,False,True
47021G,1001,541.9599913358688,63,15.88888888888889,44.276663594585585,2009-12-01,2011-06-23,11.73015873015873,7.765380119542088,C,Z,lumpy,medium,False,True
47310M,746,1004.9399846792221,139,5.366906474820144,8.761860603223504,2009-12-09,2011-12-09,5.316546762589928,2.6652909493545835,C,Z,lumpy,fast,False,False
47340B,4,0.0,1,4.0,0.0,2009-12-22,2009-12-22,739.0,0.0,C,X,intermittent,slow,False,True
47341A,29,46.25,7,4.142857142857143,4.740906081772817,2010-09-13,2011-06-08,105.57142857142857,1.3095521204914788,C,Z,lumpy,slow,False,True
47341B,48,67.5,14,3.4285714285714284,3.8970261978607725,2009-12-09,2011-11-30,52.785714285714285,1.291933760683761,C,Z,lumpy,slow,False,True
47343A,200,206.25999826192856,22,9.090909090909092,13.291275659544823,2009-12-17,2011-08-07,33.59090909090909,2.1375619047619043,C,Z,lumpy,slow,False,True
47344B,54,56.159999549388885,10,5.4,4.718756898449704,2009-12-17,2011-06-02,73.9,0.7636031092821216,C,Y,lumpy,slow,False,True
47347A,2,0.0,1,2.0,0.0,2009-12-22,2009-12-22,739.0,0.0,C,X,intermittent,slow,False,True
47347B,240,179.8799991607666,11,21.818181818181817,44.38201929119084,2009-12-07,2010-03-08,67.18181818181819,4.1378715277777784,C,Z,lumpy,slow,False,True
47348A,103,62.00999939441681,16,6.4375,6.153251173160413,2010-04-11,2011-09-01,46.1875,0.9136393628051654,C,Y,lumpy,slow,False,True
47351B,98,269.90000009536743,14,7.0,11.961476626107792,2009-12-06,2011-11-06,52.785714285714285,2.919937205651491,C,Z,lumpy,slow,False,True
47367B,242,834.9499959945679,87,2.781609195402299,3.9895948601106657,2009-12-14,2011-10-26,8.494252873563218,2.0571471798692116,C,Z,lumpy,medium,False,True
47369A,48,140.40000081062317,23,2.0869565217391304,1.5348391529070535,2010-03-08,2011-12-01,32.130434782608695,0.540877525252525,C,Y,lumpy,slow,False,False
47369B,54,153.18000054359436,27,2.0,1.414213562373095,2009-12-13,2011-12-01,27.37037037037037,0.4999999999999999,C,Y,lumpy,slow,False,True
47420,358,68.01999914646149,30,11.933333333333334,14.771672175166042,2009-12-02,2011-12-04,24.633333333333333,1.5322716906894072,C,Z,lumpy,medium,False,False
47421,1463,572.6999998986721,66,22.166666666666668,30.944408384333503,2010-02-07,2011-12-08,11.196969696969697,1.9487834682136211,C,Z,lumpy,medium,False,False
47422,1177,458.34000101685524,62,18.983870967741936,29.115649521606848,2010-02-07,2011-12-01,11.919354838709678,2.3522496857555377,C,Z,lumpy,medium,False,False
47469,1220,594.2799801826477,28,43.57142857142857,88.86503648226736,2010-01-19,2011-12-08,26.392857142857142,4.159663969263539,C,Z,lumpy,slow,False,True
47471,428,295.7199910879135,60,7.133333333333334,18.055908152431428,2009-12-01,2011-12-08,12.316666666666666,6.406983956855091,C,Z,lumpy,medium,False,False
47480,1638,2713.9800132513046,126,13.0,28.5861504928523,2009-12-07,2011-12-09,5.865079365079365,4.8353136094674545,B,Z,lumpy,fast,False,False
47481,326,265.40000581741333,44,7.409090909090909,21.528043562280576,2009-12-03,2011-11-29,16.795454545454547,8.442659612925361,C,Z,lumpy,medium,False,True
47502,640,6855.749890327454,65,9.846153846153847,28.436459194816464,2009-12-09,2010-09-13,11.36923076923077,8.340993881225588,A,Z,lumpy,medium,False,True
47503A,5625,1405.509961783886,142,39.61267605633803,221.85609189728575,2009-12-02,2011-11-28,5.204225352112676,31.36709881118643,B,Z,lumpy,fast,False,True
47503E,6842,1186.9000399112701,25,273.68,1337.9928911121563,2009-12-08,2010-09-28,29.56,23.901298162121638,C,Z,lumpy,slow,False,True
47503F,5139,729.949998497963,11,467.1818181818182,1028.8307750239412,2009-12-02,2010-03-09,67.18181818181819,4.849712887355187,C,Z,lumpy,slow,False,True
47503G,284,367.3599979877472,28,10.142857142857142,10.97712870004513,2009-12-02,2010-03-12,26.392857142857142,1.1712696628387962,C,Z,lumpy,slow,False,True
47503H,274,246.12000596523285,57,4.807017543859649,10.976335903874604,2009-12-08,2011-12-07,12.964912280701755,5.213908001796276,C,Z,lumpy,medium,False,True
47503J,343,2703.2499327659607,64,5.359375,6.547426945233876,2009-12-01,2010-12-07,11.546875,1.4924955008083638,B,Z,lumpy,medium,False,False
47503J ,1,16.1299991607666,1,1.0,0.0,2010-07-05,2010-07-05,739.0,0.0,C,X,intermittent,slow,False,True
47503K,3177,1389.4400477409363,36,88.25,478.75268742252064,2009-12-01,2010-06-21,20.52777777777778,29.43018699635317,B,Z,lumpy,medium,False,True
47504E,4387,931.860025882721,43,102.02325581395348,636.1009012642155,2009-12-01,2010-10-12,17.186046511627907,38.87350177243286,C,Z,lumpy,medium,False,True
47504F,527,196.45999884605408,8,65.875,168.26377039806113,2009-12-01,2010-02-15,92.375,6.524390940191956,C,Z,lumpy,slow,False,True
47504G,291,366.8099989891052,42,6.928571428571429,7.740904519980623,2009-12-01,2010-05-11,17.595238095238095,1.248234046800028,C,Z,lumpy,medium,False,True
47504H,1028,1113.0700194835663,111,9.26126126126126,16.72489255935688,2009-12-03,2011-12-09,6.657657657657658,3.261267340775926,C,Z,lumpy,medium,False,True
47504J,5,67.25000095367432,3,1.6666666666666667,1.1547005383792517,2009-12-03,2009-12-16,246.33333333333334,0.48000000000000015,C,Y,intermittent,slow,False,True
47504K,2726,3096.08007144928,224,12.169642857142858,20.782619675810007,2009-12-01,2011-11-09,3.299107142857143,2.916385388987004,B,Z,lumpy,fast,False,False
47505,746,3527.419921875,85,8.776470588235295,9.834797877929159,2009-12-01,2010-06-08,8.694117647058823,1.255714977090463,B,Z,lumpy,medium,False,True
47518F,903,153.13999638706446,33,27.363636363636363,35.864169255172165,2010-01-26,2011-11-29,22.393939393939394,1.7178052670500323,C,Z,lumpy,medium,False,True
47518f,9,37.750000953674316,9,1.0,0.0,2009-12-01,2011-10-26,82.11111111111111,0.0,C,X,intermittent,slow,False,True
47552A,12,23.40000057220459,9,1.3333333333333333,1.0,2009-12-10,2010-06-17,82.11111111111111,0.5625,C,Y,lumpy,slow,False,True
47554,1,2.549999952316284,1,1.0,0.0,2009-12-06,2009-12-06,739.0,0.0,C,X,intermittent,slow,False,True
47556,8,2.549999952316284,2,4.0,4.242640687119285,2009-12-02,2009-12-22,369.5,1.1249999999999998,C,Z,lumpy,slow,False,True
47556B,6501,13691.019886016846,228,28.513157894736842,191.94484524116135,2009-12-01,2011-04-18,3.241228070175439,45.31711656690308,A,Z,lumpy,fast,False,True
47556b,4,23.639999389648438,4,1.0,0.0,2010-02-19,2010-08-02,184.75,0.0,C,X,intermittent,slow,False,True
47559B,5116,6311.689923286438,388,13.185567010309278,15.858274047008393,2009-12-08,2011-12-09,1.9046391752577319,1.4464859407191395,A,Z,lumpy,fast,False,False
47559b,154,511.4599874019623,41,3.7560975609756095,3.2694073454135233,2010-02-19,2011-12-08,18.024390243902438,0.7576425198178445,C,Y,lumpy,medium,False,True
47562,184,390.0,34,5.411764705882353,14.314895075894484,2009-12-03,2010-03-29,21.735294117647058,6.996784957323711,C,Z,lumpy,medium,False,True
47563A,343,836.6199915409088,126,2.7222222222222223,4.366488545985462,2009-12-02,2011-12-09,5.865079365079365,2.5728679716784684,C,Z,lumpy,fast,False,False
47563B,8,30.0,6,1.3333333333333333,0.816496580927726,2010-02-14,2010-11-28,123.16666666666667,0.37500000000000006,C,Y,intermittent,slow,False,True
47566,28248,148318.27984762192,542,52.11808118081181,64.40164580973563,2009-12-01,2011-12-09,1.363468634686347,1.5269228565305144,A,Z,lumpy,fast,False,False
47566B,7249,25803.489978313446,361,20.0803324099723,74.80913993401458,2009-12-01,2011-12-04,2.0470914127423825,13.879298873382028,A,Z,lumpy,fast,False,True
47566b,212,1761.2599983215332,58,3.6551724137931036,2.856520544101648,2010-06-24,2011-11-08,12.741379310344827,0.6107436622885088,B,Y,lumpy,medium,False,False
47567,1,0.0,1,1.0,0.0,2009-12-22,2009-12-22,739.0,0.0,C,X,intermittent,slow,False,True
47567B,2316,11683.269895553589,240,9.65,19.345850322128317,2009-12-10,2011-12-05,3.0791666666666666,4.019027889996426,A,Z,lumpy,fast,False,False
47567b,3,38.72000026702881,2,1.5,0.7071067811865476,2009-12-22,2010-11-19,369.5,0.22222222222222227,C,X,intermittent,slow,False,True
47568,2384,4983.019891262054,167,14.275449101796408,18.01293533562829,2009-12-01,2010-08-22,4.425149700598802,1.5921699394137507,A,Z,lumpy,fast,False,False
47569,1,2.549999952316284,1,1.0,0.0,2009-12-02,2009-12-02,739.0,0.0,C,X,intermittent,slow,False,True
47570,233,2373.0099239349365,62,3.7580645161290325,7.314224819971074,2009-12-02,2010-04-26,11.919354838709678,3.7879841008760327,B,Z,lumpy,medium,False,True
47570B,974,9622.269703865051,167,5.832335329341317,12.725864325327215,2009-12-01,2011-09-07,4.425149700598802,4.760905992153327,A,Z,lumpy,fast,False,False
47570b,8,169.39999771118164,8,1.0,0.0,2010-06-24,2011-01-25,92.375,0.0,C,X,intermittent,slow,False,True
47574A,573,792.7300052642822,96,5.96875,21.155789614441865,2009-12-09,2011-10-07,7.697916666666667,12.56295201972476,C,Z,lumpy,medium,False,True
47574B,49,208.25,23,2.130434782608696,1.6321861476416715,2010-01-06,2011-05-18,32.130434782608695,0.5869524061943888,C,Y,lumpy,slow,False,True
47578A,307,279.88000679016113,63,4.873015873015873,4.401217073214003,2009-12-02,2011-12-08,11.73015873015873,0.8157365578277719,C,Y,lumpy,medium,False,False
47579,185,420.86998558044434,46,4.021739130434782,3.94117371369823,2009-12-02,2010-12-05,16.065217391304348,0.9603363363363367,C,Y,lumpy,medium,False,False
47580,1662,4298.599892139435,255,6.517647058823529,13.809113530169682,2009-12-02,2011-12-08,2.8980392156862744,4.489003274947733,B,Z,lumpy,fast,False,False
47581B,46,753.7700004577637,33,1.393939393939394,0.8268688657895648,2009-12-08,2010-05-25,22.393939393939394,0.35187263705103966,C,Y,intermittent,medium,False,True
47583A,71,612.8200035095215,6,11.833333333333334,26.536138880151096,2010-01-11,2010-02-17,123.16666666666667,5.028764134100377,C,Z,lumpy,slow,False,True
47583B,27,332.6000061035156,5,5.4,7.700649323271382,2009-12-16,2010-02-17,147.8,2.0336076817558295,C,Z,lumpy,slow,False,True
47585A,1084,2612.8800144195557,118,9.186440677966102,33.75070728034897,2009-12-07,2011-12-01,6.262711864406779,13.498055419100877,B,Z,lumpy,fast,False,True
47586A,200,270.4300010204315,26,7.6923076923076925,15.51713692861987,2009-12-14,2011-11-23,28.423076923076923,4.069208,C,Z,lumpy,slow,False,True
47587A,3907,1099.8800358772278,26,150.26923076923077,515.4064460359267,2009-12-01,2010-05-19,28.423076923076923,11.764123231395624,C,Z,lumpy,slow,False,True
47589,185,1008.7299661636353,64,2.890625,3.510153921917891,2009-12-15,2011-05-24,11.546875,1.4745816086356622,C,Z,lumpy,medium,False,True
47590A,4752,24174.009790420532,352,13.5,29.962464647443284,2009-12-02,2011-12-06,2.0994318181818183,4.925922017828743,A,Z,lumpy,fast,False,False
47590B,5738,29363.859703540802,423,13.56501182033097,27.98569210328484,2009-12-07,2011-12-09,1.7470449172576832,4.256295289362503,A,Z,lumpy,fast,False,False
47590a,1,11.020000457763672,1,1.0,0.0,2010-07-07,2010-07-07,739.0,0.0,C,X,intermittent,slow,False,True
47590b,13,140.5,9,1.4444444444444444,0.5270462766947299,2010-11-19,2011-11-13,82.11111111111111,0.13313609467455625,C,X,intermittent,slow,False,True
47591A,163,269.5399955511093,62,2.629032258064516,2.937791469838156,2009-12-01,2010-08-24,11.919354838709678,1.248676967919596,C,Z,lumpy,medium,False,True
47591B,1056,1696.049985408783,186,5.67741935483871,10.969403433307134,2009-12-01,2011-12-06,3.9731182795698925,3.733052267143174,B,Z,lumpy,fast,False,False
47591C,1097,2012.4300181865692,109,10.064220183486238,14.657367777786455,2009-12-01,2010-08-16,6.779816513761468,2.121053930034502,B,Z,lumpy,medium,False,True
47591D,9390,17442.290211558342,467,20.10706638115632,25.62349740935067,2009-12-01,2011-12-08,1.582441113490364,1.6239751940840748,A,Z,lumpy,fast,False,False
47591b,8,33.60000038146973,3,2.6666666666666665,1.5275252316519465,2010-09-22,2011-12-08,246.33333333333334,0.328125,C,Y,intermittent,slow,False,True
47591c,4,16.84000015258789,3,1.3333333333333333,0.5773502691896258,2010-06-04,2010-07-07,246.33333333333334,0.18750000000000008,C,X,intermittent,slow,False,True
47591d,253,1274.379991054535,52,4.865384615384615,6.243518509509057,2010-08-13,2011-11-29,14.211538461538462,1.646737790243345,B,Z,lumpy,medium,False,True
47592A,331,637.3699769973755,76,4.355263157894737,5.420218808297741,2009-12-02,2010-09-13,9.723684210526315,1.5488338611975678,C,Z,lumpy,medium,False,False
47592B,75,131.8999948501587,26,2.8846153846153846,2.7029897976414645,2009-12-03,2010-07-21,28.423076923076923,0.8780373333333331,C,Y,lumpy,slow,False,True
47593A,318,306.67000246047974,80,3.975,4.9809129354854305,2009-12-07,2011-03-30,9.2375,1.5701590076902707,C,Z,lumpy,medium,False,False
47593B,2341,1320.9899777173996,259,9.038610038610038,20.30900952355778,2009-12-02,2011-12-08,2.853281853281853,5.048637482232649,B,Z,lumpy,fast,False,False
47593a,1,2.509999990463257,1,1.0,0.0,2010-05-26,2010-05-26,739.0,0.0,C,X,intermittent,slow,False,True
47593b,6,4.979999899864197,1,6.0,0.0,2011-10-31,2011-10-31,739.0,0.0,C,X,intermittent,slow,True,True
47594A,344,678.3000133037567,88,3.909090909090909,3.378894478921548,2009-12-14,2011-11-24,8.397727272727273,0.7471326532515246,C,Y,lumpy,medium,False,False
47594B,408,808.3900150060654,99,4.121212121212121,4.347818423805459,2009-12-03,2011-11-08,7.4646464646464645,1.1129940946967023,C,Z,lumpy,medium,False,False
47594a,1,4.210000038146973,1,1.0,0.0,2010-05-05,2010-05-05,739.0,0.0,C,X,intermittent,slow,False,True
47597,322,644.8799874782562,87,3.7011494252873565,2.881839458307657,2009-12-10,2010-08-31,8.494252873563218,0.606270349173652,C,Y,lumpy,medium,False,True
47598,142,89.1200008392334,27,5.2592592592592595,4.784531104689141,2009-12-01,2010-06-25,27.37037037037037,0.8276173836082584,C,Y,lumpy,slow,False,True
47599A,5968,11180.569982528687,269,22.185873605947954,50.2507409286618,2009-12-04,2011-12-02,2.7472118959107807,5.130171342874786,A,Z,lumpy,fast,False,False
47599B,3492,6662.539931297302,230,15.182608695652174,31.842977908375442,2010-01-11,2011-12-02,3.2130434782608694,4.398803410058932,A,Z,lumpy,fast,False,False
48103,37,201.72999572753906,10,3.7,6.447221623821122,2009-12-18,2010-07-16,73.9,3.036279522766009,C,Z,lumpy,slow,False,True
48111,4250,25969.99965953827,377,11.273209549071618,39.5877983101326,2009-12-01,2011-12-09,1.960212201591512,12.331830259000213,A,Z,lumpy,fast,False,False
48116,3462,20712.629719734192,301,11.501661129568106,40.33861876537319,2009-12-01,2011-12-08,2.4551495016611296,12.300447480571718,A,Z,lumpy,fast,False,False
48129,3130,19608.909700393677,350,8.942857142857143,30.80574394505328,2009-12-01,2011-12-08,2.111428571428571,11.866176836652706,A,Z,lumpy,fast,False,False
48138,10079,67010.30907583237,520,19.38269230769231,38.52289173131378,2009-12-15,2011-12-09,1.4211538461538462,3.9501133412094482,A,Z,lumpy,fast,False,False
48172,1,0.0,1,1.0,0.0,2009-12-22,2009-12-22,739.0,0.0,C,X,intermittent,slow,False,True
48173A,1,6.75,1,1.0,0.0,2010-01-26,2010-01-26,739.0,0.0,C,X,intermittent,slow,False,True
48173C,4091,23132.919659137726,312,13.112179487179487,47.008074619994126,2009-12-01,2011-12-08,2.3685897435897436,12.852723244357426,A,Z,lumpy,fast,False,False
48173c,70,1123.5499725341797,28,2.5,1.7105338131489616,2009-12-01,2011-05-03,26.392857142857142,0.4681481481481483,C,Y,intermittent,slow,False,False
48175,39,158.03999996185303,2,19.5,26.16295090390226,2009-12-14,2009-12-15,369.5,1.8001314924391851,C,Z,lumpy,slow,False,True
48179,34,214.4699993133545,10,3.4,6.552353266829661,2009-12-01,2009-12-16,73.9,3.7139561707035753,C,Z,lumpy,slow,False,True
48184,4732,31142.62956905365,421,11.239904988123515,30.232541975107967,2009-12-01,2011-12-08,1.7553444180522566,7.234758667993747,A,Z,lumpy,fast,False,False
48185,6824,45723.83941364288,460,14.834782608695653,57.426612132341475,2009-12-01,2011-12-08,1.6065217391304347,14.985250905260825,A,Z,lumpy,fast,False,False
48187,7314,46405.39933681488,491,14.896130346232178,42.88141461856286,2009-12-01,2011-12-09,1.505091649694501,8.286884389562772,A,Z,lumpy,fast,False,False
48188,4980,28639.099586486816,390,12.76923076923077,45.691747742301274,2009-12-01,2011-12-06,1.8948717948717948,12.804011909750683,A,Z,lumpy,fast,False,True
48189,1326,8470.27982711792,180,7.366666666666666,31.40755700259904,2009-12-01,2011-04-27,4.105555555555555,18.177170270558697,A,Z,lumpy,fast,False,True
48194,7738,48726.5593290329,526,14.711026615969581,44.973475273567054,2009-12-01,2011-12-08,1.4049429657794676,9.346024915650313,A,Z,lumpy,fast,False,False
48195,276,1627.989977836609,66,4.181818181818182,14.866492101790097,2009-12-01,2010-08-12,11.196969696969697,12.63824342009597,B,Z,lumpy,medium,False,True
48197,904,5905.639894485474,128,7.0625,21.581834735517297,2009-12-01,2010-07-28,5.7734375,9.338127588777692,A,Z,lumpy,fast,False,True
49031B,400,0.0,1,400.0,0.0,2010-10-01,2010-10-01,739.0,0.0,C,X,intermittent,slow,False,True
51008,3059,8378.800124168396,66,46.34848484848485,87.58143330185607,2009-12-02,2011-11-27,11.196969696969697,3.570697123756672,A,Z,lumpy,medium,False,True
51012C,183,213.75,19,9.631578947368421,12.401659953032228,2009-12-01,2010-02-26,38.89473684210526,1.657924160835565,C,Z,lumpy,slow,False,True
51012L,10,12.5,5,2.0,0.7071067811865476,2009-12-03,2009-12-11,147.8,0.12500000000000003,C,X,intermittent,slow,False,True
51014A,6681,4556.5000205338,241,27.721991701244814,43.00680050119901,2009-12-01,2011-12-09,3.066390041493776,2.4067191317368457,A,Z,lumpy,fast,False,False
51014C,4283,2751.50001513958,204,20.995098039215687,32.579496944744356,2009-12-01,2011-12-08,3.622549019607843,2.40798032645389,B,Z,lumpy,fast,False,False
51014L,3445,2222.350018799305,177,19.463276836158194,28.109365482658962,2009-12-04,2011-12-09,4.175141242937853,2.085788001603238,B,Z,lumpy,fast,False,False
51014c,1,0.8299999833106995,1,1.0,0.0,2011-10-31,2011-10-31,739.0,0.0,C,X,intermittent,slow,True,True
51020A,1344,463.3099898695946,47,28.595744680851062,58.54788436918373,2009-12-16,2011-04-27,15.72340425531915,4.191983758233819,C,Z,lumpy,medium,False,False
51020B,1204,488.1199924647808,58,20.75862068965517,40.71307835255545,2009-12-04,2011-04-27,12.741379310344827,3.8465456889539014,C,Z,lumpy,medium,False,True
62018,9567,12450.850033521652,108,88.58333333333333,184.818431991342,2009-12-02,2011-12-06,6.842592592592593,4.352978536347738,A,Z,lumpy,medium,False,True
62043B,61,75.15999883413315,11,5.545454545454546,7.750659795961069,2010-04-30,2011-05-19,67.18181818181819,1.9534533727492611,C,Z,lumpy,slow,False,True
62074B,38,15.95999950170517,11,3.4545454545454546,2.73362895666681,2009-12-13,2011-07-12,67.18181818181819,0.6261772853185597,C,Y,lumpy,slow,False,True
62086A,113,220.3500053882599,22,5.136363636363637,5.94655125778563,2010-03-01,2011-06-23,33.59090909090909,1.3403518193243307,C,Z,lumpy,slow,False,True
62094B,305,677.9899917840958,62,4.919354838709677,9.820183943883,2010-01-19,2011-02-04,11.919354838709678,3.9849506346346155,C,Z,lumpy,medium,False,True
62095B,294,310.83000922203064,20,14.7,27.894726911616903,2010-02-01,2010-12-09,36.95,3.6008875444198454,C,Z,lumpy,slow,False,True
62096A,383,592.7899971008301,75,5.1066666666666665,6.878429529535998,2010-01-07,2011-02-24,9.853333333333333,1.8142768677914471,C,Z,lumpy,medium,False,True
62096B,257,441.98999667167664,68,3.7794117647058822,4.424644646277221,2009-12-07,2011-03-07,10.867647058823529,1.3705925700119066,C,Z,lumpy,medium,False,True
62097A,7,8.850000143051147,4,1.75,1.5,2009-12-11,2010-08-06,184.75,0.7346938775510203,C,Y,lumpy,slow,False,True
62097B,11,13.369999945163727,4,2.75,1.5,2010-06-16,2011-05-23,184.75,0.29752066115702475,C,Y,intermittent,slow,False,True
70006,4438,4139.559957563877,160,27.7375,83.97832061510479,2009-12-01,2011-12-08,4.61875,9.16641974486259,B,Z,lumpy,fast,False,True
70007,1306,1684.579982638359,134,9.746268656716419,18.304724960982227,2009-12-01,2011-12-08,5.514925373134329,3.527358965271738,B,Z,lumpy,fast,False,True
71028A,1,0.0,1,1.0,0.0,2009-12-22,2009-12-22,739.0,0.0,C,X,intermittent,slow,False,True
71028B,494,227.47999799251556,11,44.90909090909091,52.07965926435108,2009-12-01,2010-01-17,67.18181818181819,1.3448310904948453,C,Z,lumpy,slow,False,True
71038,884,3789.2499055862427,126,7.015873015873016,15.579979012557946,2009-12-02,2011-11-28,5.865079365079365,4.931400749370406,B,Z,lumpy,fast,False,True
71050,51,17.84999969601631,8,6.375,3.4200041771068896,2010-06-08,2011-12-02,92.375,0.28780139506783115,C,Y,intermittent,slow,False,True
71053,4769,18906.770259857178,389,12.259640102827763,18.998153487973894,2009-12-01,2011-12-09,1.8997429305912596,2.4014156793354156,A,Z,lumpy,fast,False,False
71101A,6,5.1000001430511475,1,6.0,0.0,2009-12-13,2009-12-13,739.0,0.0,C,X,intermittent,slow,False,True
71101E,777,626.1300197839737,47,16.53191489361702,15.664763926154928,2009-12-13,2011-11-21,15.72340425531915,0.8978450380162655,C,Y,lumpy,medium,False,False
71143,349,514.4499953389168,77,4.532467532467533,5.897333062683628,2009-12-01,2011-07-13,9.597402597402597,1.692941333555726,C,Z,lumpy,medium,False,True
71215,177,68.09999790787697,11,16.09090909090909,16.513355476429044,2009-12-09,2011-05-26,67.18181818181819,1.0531967186951392,C,Z,lumpy,slow,False,True
71263G,39,0.0,1,39.0,0.0,2009-12-22,2009-12-22,739.0,0.0,C,X,intermittent,slow,False,True
71270,370,525.4000008106232,77,4.805194805194805,6.916872888354743,2009-12-18,2011-12-09,9.597402597402597,2.0720374072507792,C,Z,lumpy,medium,False,False
71279,313,972.1100056171417,77,4.064935064935065,3.8741303347965874,2009-12-01,2011-11-09,9.597402597402597,0.9083249212559724,C,Y,lumpy,medium,False,False
71403,176,656.0500013828278,64,2.75,3.24159474764143,2009-12-04,2011-11-16,11.546875,1.389479207661026,C,Z,lumpy,medium,False,False
71406C,210,89.91999727487564,35,6.0,5.190489039636654,2009-12-03,2011-11-29,21.114285714285714,0.7483660130718955,C,Y,lumpy,medium,False,False
71409B,4,0.0,1,4.0,0.0,2009-12-22,2009-12-22,739.0,0.0,C,X,intermittent,slow,False,True
71434B,2,5.099999904632568,2,1.0,0.0,2010-01-26,2010-03-10,369.5,0.0,C,X,intermittent,slow,False,True
71459,32989,26738.790859222412,443,74.46726862302484,109.89748694415333,2009-12-02,2011-12-09,1.6681715575620768,2.177933792595471,A,Z,lumpy,fast,False,False
71477,15158,44680.749985694885,360,42.105555555555554,102.84786055287347,2009-12-01,2011-12-08,2.0527777777777776,5.966391123371223,A,Z,lumpy,fast,False,False
71495A,225,87.9600022137165,20,11.25,24.574002094639948,2010-02-09,2011-11-24,36.95,4.771410006497727,C,Z,lumpy,slow,False,True
71495B,294,111.57000267505646,17,17.294117647058822,27.490372646351926,2010-01-28,2011-11-24,43.470588235294116,2.526762575778611,C,Z,lumpy,slow,False,True
71496A,244,148.00999402999878,17,14.352941176470589,25.869724526148776,2010-03-01,2011-11-02,43.470588235294116,3.248641578204783,C,Z,lumpy,slow,False,True
71496B,15,8.669999599456787,6,2.5,2.073644135332772,2010-04-20,2011-11-02,123.16666666666667,0.688,C,Y,lumpy,slow,False,True
71510,177,112.04999792575836,16,11.0625,18.27008027714529,2009-12-17,2011-11-24,46.1875,2.7275601944949837,C,Z,lumpy,slow,False,True
72008,6820,1531.399988859892,139,49.064748201438846,259.8941035357545,2009-12-01,2010-11-15,5.316546762589928,28.057805732714673,B,Z,lumpy,fast,False,True
72023F,640,669.6200082302094,38,16.842105263157894,53.709693279750134,2009-12-01,2010-08-08,19.44736842105263,10.16980415962838,C,Z,lumpy,medium,False,True
72024U,328,46.199998557567596,12,27.333333333333332,26.783079235467557,2009-12-02,2011-06-27,61.583333333333336,0.9601427721594291,C,Y,lumpy,slow,False,True
72038P,1050,116.4999969303608,9,116.66666666666667,79.05694150420949,2009-12-02,2010-08-27,82.11111111111111,0.4591836734693878,C,Y,intermittent,slow,False,False
72045D,1076,918.6500310897827,6,179.33333333333334,257.80121540959937,2009-12-03,2010-03-04,123.16666666666667,2.0665593344481135,C,Z,lumpy,slow,False,True
72051S,300,190.88999503850937,50,6.0,11.259463140136017,2009-12-01,2011-04-13,14.78,3.5215419501133782,C,Z,lumpy,medium,False,False
72083A,24,50.39999771118164,5,4.8,6.260990336999411,2010-02-24,2010-03-31,147.8,1.7013888888888893,C,Z,lumpy,slow,False,True
72084B,2,3.9000000953674316,1,2.0,0.0,2010-03-26,2010-03-26,739.0,0.0,C,X,intermittent,slow,False,True
72122,586,593.3299929499626,103,5.689320388349515,6.381697368122821,2009-12-04,2011-12-08,7.174757281553398,1.2582056410491842,C,Z,lumpy,medium,False,False
72127,390,445.93999457359314,60,6.5,9.37631346731156,2009-12-01,2011-11-23,12.316666666666666,2.08083441981747,C,Z,lumpy,medium,False,True
72128,714,442.24000108242035,78,9.153846153846153,20.334908200149112,2009-12-07,2011-12-08,9.474358974358974,4.934887018214468,C,Z,lumpy,medium,False,True
72129,74,49.10999822616577,18,4.111111111111111,4.042260417272216,2009-12-18,2010-09-29,41.05555555555556,0.9667855454818888,C,Y,lumpy,slow,False,False
72130,753,306.34998881816864,53,14.20754716981132,24.44330842092028,2009-12-13,2011-11-30,13.943396226415095,2.9599321920951747,C,Z,lumpy,medium,False,True
72131,748,692.2799997329712,49,15.26530612244898,28.295152345560947,2009-12-10,2011-11-25,15.081632653061224,3.435682616507953,C,Z,lumpy,medium,False,True
72132,549,462.1499969959259,25,21.96,40.834503384597035,2009-12-21,2011-11-27,29.56,3.457720500816741,C,Z,lumpy,slow,False,True
72133,109,122.63000011444092,31,3.5161290322580645,4.154282671668964,2009-12-13,2011-12-08,23.838709677419356,1.3959262688325895,C,Z,lumpy,medium,False,False
72134,339,134.8499994277954,27,12.555555555555555,22.812502195293188,2009-12-13,2011-12-08,27.37037037037037,3.301216287041333,C,Z,lumpy,slow,False,True
72140E,218,156.71999967098236,28,7.785714285714286,18.27233720349717,2009-12-07,2011-10-16,26.392857142857142,5.507966345269601,C,Z,lumpy,slow,False,True
72140F,175,69.17999967932701,13,13.461538461538462,18.888335839062975,2009-12-01,2010-11-24,56.84615384615385,1.9687836734693878,C,Z,lumpy,slow,False,True
72225C,1926,466.3799859881401,37,52.054054054054056,91.56325862664744,2009-12-17,2011-11-29,19.972972972972972,3.0940929991789177,C,Z,lumpy,medium,False,True
72225D,962,219.4599933028221,11,87.45454545454545,164.17573732824445,2009-12-17,2010-05-13,67.18181818181819,3.524140196489468,C,Z,lumpy,slow,False,True
72232,6268,1190.9199850559235,105,59.695238095238096,147.98545431441798,2009-12-06,2011-12-09,7.038095238095238,6.145520656534903,C,Z,lumpy,medium,False,False
72267,337,530.1599907875061,24,14.041666666666666,23.95190682554753,2009-12-01,2010-03-28,30.791666666666668,2.909664188061118,C,Z,lumpy,slow,False,True
72349B,1990,4049.98993062973,218,9.128440366972477,16.710934038836506,2009-12-01,2011-12-09,3.389908256880734,3.3512612456721236,B,Z,lumpy,fast,False,False
72349b,204,848.4100189208984,73,2.7945205479452055,1.9927570523550546,2009-12-01,2011-12-09,10.123287671232877,0.5085036738006748,C,Y,lumpy,medium,False,False
72351A,3728,7368.679888129234,296,12.594594594594595,25.47949333978285,2009-12-02,2011-12-08,2.4966216216216215,4.09273089938312,A,Z,lumpy,fast,False,False
72351B,5785,11184.88989162445,325,17.8,35.52646379291963,2009-12-03,2011-12-07,2.273846153846154,3.9834920768515003,A,Z,lumpy,fast,False,False
72351a,37,154.8900022506714,26,1.4230769230769231,0.986836437230686,2010-02-19,2011-10-26,28.423076923076923,0.48087655222790354,C,Y,intermittent,slow,False,False
72369A,67,101.28999996185303,14,4.785714285714286,4.838603921803055,2009-12-03,2011-11-28,52.785714285714285,1.0222252686053086,C,Z,lumpy,slow,False,True
72483,2,0.0,1,2.0,0.0,2009-12-22,2009-12-22,739.0,0.0,C,X,intermittent,slow,False,True
72484,1823,991.3799922466278,42,43.404761904761905,83.31809732960093,2009-12-02,2010-03-08,17.595238095238095,3.684715243176418,C,Z,lumpy,medium,False,True
72487,828,355.0499966144562,8,103.5,154.90181221848707,2009-12-01,2009-12-22,92.375,2.23991891792774,C,Z,lumpy,slow,False,True
72529W,494,918.7499961853027,29,17.03448275862069,29.899214942656805,2009-12-01,2010-09-30,25.482758620689655,3.0807869681990705,C,Z,lumpy,slow,False,True
72529w,1,4.300000190734863,1,1.0,0.0,2009-12-01,2009-12-01,739.0,0.0,C,X,intermittent,slow,False,True
72586,2303,1010.0999708473682,132,17.446969696969695,56.565346173198044,2009-12-04,2011-12-01,5.598484848484849,10.511407795261023,C,Z,lumpy,fast,False,True
72598,1244,1145.7600084543228,135,9.214814814814815,15.989915285068257,2009-12-01,2011-12-08,5.474074074074074,3.011057867320174,C,Z,lumpy,fast,False,False
72606A,226,94.91999703645706,16,14.125,23.145553928706626,2010-01-11,2010-10-05,46.1875,2.6850862766596184,C,Z,lumpy,slow,False,True
72655C,8,0.0,1,8.0,0.0,2009-12-22,2009-12-22,739.0,0.0,C,X,intermittent,slow,False,True
72708,90,9.23999971151352,6,15.0,16.673332000533065,2009-12-10,2010-08-23,123.16666666666667,1.235555555555555,C,Z,lumpy,slow,False,True
72709,126,62.900001764297485,13,9.692307692307692,13.622191547768756,2010-04-19,2011-11-13,56.84615384615385,1.9753296380280507,C,Z,lumpy,slow,False,True
72715,88,36.95999884605408,13,6.769230769230769,2.385855756810896,2010-02-16,2010-08-26,56.84615384615385,0.12422520661157029,C,X,intermittent,slow,False,True
72724,81,45.0,8,10.125,14.525224365122313,2009-12-01,2009-12-22,92.375,2.0580486424107827,C,Z,lumpy,slow,False,True
72728,990,523.1500161886215,46,21.52173913043478,54.36000945565889,2009-12-10,2010-08-04,16.065217391304348,6.379759707059372,C,Z,lumpy,medium,False,True
72732,2472,0.0,1,2472.0,0.0,2010-02-26,2010-02-26,739.0,0.0,C,X,intermittent,slow,False,True
72739B,558,328.38999050855637,17,32.8235294117647,51.89320198026623,2009-12-01,2010-01-26,43.470588235294116,2.4994841246900745,C,Z,lumpy,slow,False,True
72739C,326,279.07999312877655,16,20.375,32.21154037504778,2009-12-02,2010-01-27,46.1875,2.49935388359868,C,Z,lumpy,slow,False,True
72740A,65,141.2299997806549,9,7.222222222222222,7.82268780180089,2009-12-02,2010-01-05,82.11111111111111,1.173195266272189,C,Z,lumpy,slow,False,True
72740B,1,5.059999942779541,1,1.0,0.0,2010-01-11,2010-01-11,739.0,0.0,C,X,intermittent,slow,False,True
72741,19712,27239.460417985916,442,44.5972850678733,75.89810445713466,2009-12-01,2011-12-09,1.6719457013574661,2.8963098211418794,A,Z,lumpy,fast,False,False
72750A,383,766.8500170707703,15,25.533333333333335,40.42783105497405,2009-12-02,2010-04-23,49.266666666666666,2.5069510519339753,C,Z,lumpy,slow,False,True
72750B,496,1047.2000188827515,37,13.405405405405405,23.486946090044075,2009-12-14,2010-11-11,19.972972972972972,3.0696806531101863,C,Z,lumpy,medium,False,True
72750C,242,476.4000096321106,14,17.285714285714285,23.94361508412427,2009-12-01,2010-04-01,52.785714285714285,1.9186898751136172,C,Z,lumpy,slow,False,True
72750D,110,226.500004529953,11,10.0,8.590692637965812,2009-12-07,2010-01-28,67.18181818181819,0.7380000000000001,C,Y,lumpy,slow,False,True
72751A,1,5.949999809265137,1,1.0,0.0,2009-12-04,2009-12-04,739.0,0.0,C,X,intermittent,slow,False,True
72751B,1,5.949999809265137,1,1.0,0.0,2009-12-04,2009-12-04,739.0,0.0,C,X,intermittent,slow,False,True
72751C,1,5.949999809265137,1,1.0,0.0,2010-02-07,2010-02-07,739.0,0.0,C,X,intermittent,slow,False,True
72752A,1,4.25,1,1.0,0.0,2009-12-04,2009-12-04,739.0,0.0,C,X,intermittent,slow,False,True
72752B,3,12.75,2,1.5,0.7071067811865476,2009-12-04,2009-12-11,369.5,0.22222222222222227,C,X,intermittent,slow,False,True
72753A,315,690.2399706840515,13,24.23076923076923,44.53678974764168,2009-12-01,2010-01-27,56.84615384615385,3.3783404719912653,C,Z,lumpy,slow,False,True
72753B,445,957.7299575805664,13,34.23076923076923,52.781236953665406,2009-12-04,2010-03-26,56.84615384615385,2.3775289315322135,C,Z,lumpy,slow,False,True
72753C,43,107.67999601364136,6,7.166666666666667,5.382068994974578,2009-12-06,2010-01-20,123.16666666666667,0.5639805300162247,C,Y,lumpy,slow,False,True
72753D,144,302.39998626708984,8,18.0,22.116574263272717,2009-12-06,2010-01-17,92.375,1.509700176366843,C,Z,lumpy,slow,False,True
72754A,292,201.23999392986298,4,73.0,75.33480824514875,2009-12-04,2010-02-24,184.75,1.0649903046225058,C,Z,lumpy,slow,False,True
72754B,170,137.5399980545044,7,24.285714285714285,15.43496340255121,2009-12-01,2010-01-08,105.57142857142857,0.40393310265282584,C,Y,intermittent,slow,False,True
72754D,1,1.690000057220459,1,1.0,0.0,2009-12-02,2009-12-02,739.0,0.0,C,X,intermittent,slow,False,True
72755C,592,767.0,13,45.53846153846154,61.797539574289665,2009-12-22,2010-03-26,56.84615384615385,1.8415590949902603,C,Z,lumpy,slow,False,True
72755D,533,693.25,12,44.416666666666664,58.13379291589255,2009-12-04,2010-03-26,61.583333333333336,1.713031671572833,C,Z,lumpy,slow,False,True
72756,4194,5459.480017662048,26,161.30769230769232,251.4016339216226,2009-12-01,2010-06-15,28.423076923076923,2.428991726719074,A,Z,lumpy,slow,False,True
72759,524,0.0,1,524.0,0.0,2010-02-26,2010-02-26,739.0,0.0,C,X,intermittent,slow,False,True
72760B,1699,16409.01967048645,285,5.96140350877193,9.7023620324714,2009-12-01,2011-12-09,2.592982456140351,2.648853343869695,A,Z,lumpy,fast,False,False
72771B,117,56.899998873472214,4,29.25,45.87210481327405,2009-12-10,2009-12-15,184.75,2.459493023595588,C,Z,lumpy,slow,False,True
72771C,54,42.080000311136246,4,13.5,12.556538801224908,2009-12-07,2009-12-13,184.75,0.8651120256058528,C,Y,lumpy,slow,False,True
72772,457,615.840000629425,8,57.125,93.94441745749755,2009-12-13,2010-01-17,92.375,2.7045158395368354,C,Z,lumpy,slow,False,True
72777,14,0.0,1,14.0,0.0,2009-12-22,2009-12-22,739.0,0.0,C,X,intermittent,slow,False,True
72778,1,0.0,1,1.0,0.0,2009-12-22,2009-12-22,739.0,0.0,C,X,intermittent,slow,False,True
72779,48,81.12000274658203,14,3.4285714285714284,3.20370664445674,2009-12-02,2010-05-05,52.785714285714285,0.873130341880342,C,Y,lumpy,slow,False,True
72780,514,418.1800129413605,41,12.536585365853659,15.127950226279188,2009-12-06,2011-12-08,18.024390243902438,1.456135028539418,C,Z,lumpy,medium,False,True
72781,121,229.4999976158142,15,8.066666666666666,11.925163470976985,2009-12-17,2010-10-11,49.266666666666666,2.1854479104666944,C,Z,lumpy,slow,False,True
72783,43,90.29999589920044,9,4.777777777777778,4.3237072570242825,2009-12-01,2011-12-08,82.11111111111111,0.8189561925365062,C,Y,lumpy,slow,False,True
72785A,30,16.799999237060547,6,5.0,7.37563556583431,2009-12-11,2010-02-19,123.16666666666667,2.176,C,Z,lumpy,slow,False,True
72785B,10,10.899999618530273,4,2.5,1.9148542155126762,2009-12-11,2010-02-03,184.75,0.5866666666666668,C,Y,lumpy,slow,False,True
72789,250,461.53000020980835,41,6.097560975609756,14.147093125530738,2009-12-10,2010-10-10,18.024390243902438,5.382972000000001,C,Z,lumpy,medium,False,True
72793,55,268.7500023841858,10,5.5,7.011894655987543,2009-12-13,2010-10-26,73.9,1.62534435261708,C,Z,lumpy,slow,False,True
72796A,20,18.149999737739563,7,2.857142857142857,1.7728105208558367,2009-12-02,2010-05-11,105.57142857142857,0.38500000000000006,C,Y,intermittent,slow,False,True
72796B,31,44.549999356269836,13,2.3846153846153846,1.850155918585491,2009-12-02,2010-07-04,56.84615384615385,0.6019771071800206,C,Y,lumpy,slow,False,True
72796C,1,1.649999976158142,1,1.0,0.0,2010-01-17,2010-01-17,739.0,0.0,C,X,intermittent,slow,False,True
72798C,38,53.10999917984009,16,2.375,2.5265259415516264,2009-12-01,2011-02-03,46.1875,1.1316712834718372,C,Z,lumpy,slow,False,True
72799A,639,877.8000011444092,19,33.63157894736842,73.25997127908846,2009-12-03,2010-08-04,38.89473684210526,4.745030121998243,C,Z,lumpy,slow,False,True
72799B,322,467.71000027656555,9,35.77777777777778,77.56251958545728,2009-12-01,2010-01-05,82.11111111111111,4.699775278731529,C,Z,lumpy,slow,False,True
72799C,471,783.1000025272369,41,11.487804878048781,37.31361812476747,2009-12-01,2011-12-07,18.024390243902438,10.550198340252702,C,Z,lumpy,medium,False,True
72799D,90,260.6700003147125,19,4.7368421052631575,6.690308955356894,2009-12-01,2010-09-29,38.89473684210526,1.9948696844993143,C,Z,lumpy,slow,False,True
72799E,1232,2600.6400218605995,134,9.194029850746269,25.05437023452648,2009-12-01,2011-12-08,5.514925373134329,7.426003724207637,B,Z,lumpy,fast,False,True
72799F,1125,2082.7400076389313,84,13.392857142857142,53.11138962031621,2009-12-01,2011-11-25,8.797619047619047,15.726383293172692,B,Z,lumpy,medium,False,True
72800A,675,743.2600059509277,41,16.463414634146343,54.54727195789704,2009-12-01,2010-05-19,18.024390243902438,10.977570589849106,C,Z,lumpy,medium,False,True
72800B,985,1276.7800000309944,80,12.3125,40.13350938990219,2009-12-04,2011-12-08,9.2375,10.624825051999228,B,Z,lumpy,medium,False,True
72800C,660,924.8399985432625,74,8.91891891891892,29.967451181608734,2009-12-07,2011-12-08,9.986486486486486,11.289512308640573,C,Z,lumpy,medium,False,True
72800D,634,1020.2099902629852,78,8.128205128205128,30.286664578359414,2009-12-04,2011-11-28,9.474358974358974,13.883967399416845,C,Z,lumpy,medium,False,True
72800E,1388,2613.8199594020844,199,6.974874371859296,10.902894243648257,2009-12-01,2011-12-09,3.71356783919598,2.4434914268632064,B,Z,lumpy,fast,False,True
72800F,822,1060.1899998188019,51,16.11764705882353,65.18762062196272,2009-12-01,2010-11-21,14.490196078431373,16.357878416537904,C,Z,lumpy,medium,False,True
72801C,708,531.3599903583527,51,13.882352941176471,36.45361274761311,2009-12-11,2011-12-08,14.490196078431373,6.895328928468829,C,Z,lumpy,medium,False,True
72801D,553,446.1699945926666,55,10.054545454545455,33.01369983967833,2009-12-04,2011-12-08,13.436363636363636,10.781110891898997,C,Z,lumpy,medium,False,True
72801E,769,404.7499911785126,21,36.61904761904762,124.3959308781747,2009-12-01,2010-09-02,35.19047619047619,11.539799378044881,C,Z,lumpy,slow,False,True
72801F,234,292.5,15,15.6,12.321873697963772,2009-12-01,2010-01-28,49.266666666666666,0.6238846623462008,C,Y,lumpy,slow,False,True
72801G,1370,796.1199860572815,62,22.096774193548388,78.93381948364112,2009-12-01,2011-11-15,11.919354838709678,12.760523185685495,C,Z,lumpy,medium,False,True
72801c,62,153.67000126838684,27,2.2962962962962963,1.6828276298863265,2010-02-19,2011-12-07,27.37037037037037,0.5370607540222524,C,Y,lumpy,slow,False,False
72801d,103,254.98000240325928,48,2.1458333333333335,1.637195101818485,2010-01-25,2011-12-08,15.395833333333334,0.5821151451096317,C,Y,lumpy,medium,False,False
72801e,7,17.569999933242798,4,1.75,0.9574271077563382,2010-03-29,2010-08-12,184.75,0.2993197278911565,C,Y,intermittent,slow,False,True
72801g,10,25.09999990463257,3,3.3333333333333335,4.041451884327381,2010-02-19,2010-11-04,246.33333333333334,1.4700000000000002,C,Z,lumpy,slow,False,True
72802A,968,3789.8999814987183,150,6.453333333333333,8.575434453288057,2009-12-02,2011-12-01,4.926666666666667,1.7658103862968253,B,Z,lumpy,fast,False,False
72802B,1559,4258.969992637634,172,9.063953488372093,26.680730558006374,2009-12-01,2011-11-03,4.296511627906977,8.66483101817901,B,Z,lumpy,fast,False,True
72802C,2185,6047.559986114502,197,11.091370558375635,36.56838403412281,2009-12-01,2011-11-18,3.751269035532995,10.870289440074735,A,Z,lumpy,fast,False,True
72802a,9,74.97000026702881,4,2.25,2.5,2010-06-08,2011-07-08,184.75,1.234567901234568,C,Z,lumpy,slow,False,True
72802c,1,8.289999961853027,1,1.0,0.0,2011-11-23,2011-11-23,739.0,0.0,C,X,intermittent,slow,True,True
72803A,841,1553.4999990463257,91,9.241758241758241,54.80720566157148,2009-12-02,2011-11-06,8.12087912087912,35.16949347022063,B,Z,lumpy,medium,False,True
72803B,177,407.88000106811523,37,4.783783783783784,8.957104985972295,2009-12-03,2010-12-08,19.972972972972972,3.505841233362061,C,Z,lumpy,medium,False,True
72803b,1,8.470000267028809,1,1.0,0.0,2010-12-03,2010-12-03,739.0,0.0,C,X,intermittent,slow,False,True
72805,10,16.90000057220459,3,3.3333333333333335,1.5275252316519468,2009-12-06,2010-02-07,246.33333333333334,0.21,C,X,intermittent,slow,False,True
72807A,925,4213.53999710083,165,5.606060606060606,9.026179383581804,2009-12-01,2011-11-25,4.4787878787878785,2.5923422829553346,B,Z,lumpy,fast,False,True
72807B,1059,4645.869982719421,179,5.916201117318436,10.80151441128984,2009-12-01,2011-11-24,4.128491620111732,3.3333693711532666,A,Z,lumpy,fast,False,False
72807C,1983,8489.16995048523,238,8.331932773109244,20.820386928691804,2009-12-01,2011-11-25,3.1050420168067228,6.244333329982305,A,Z,lumpy,fast,False,True
72807a,9,74.78999996185303,6,1.5,0.8366600265340756,2010-03-29,2011-11-25,123.16666666666667,0.31111111111111117,C,Y,intermittent,slow,False,True
72807b,26,220.94000053405762,11,2.3636363636363638,2.8025961989814827,2009-12-22,2011-04-15,67.18181818181819,1.4059171597633136,C,Z,lumpy,slow,False,True
72807c,60,511.9799976348877,26,2.3076923076923075,3.823812032715319,2009-12-01,2011-11-23,28.423076923076923,2.7456,C,Z,lumpy,slow,False,True
72811,445,340.4500000476837,22,20.227272727272727,33.9788895502036,2009-12-02,2011-12-08,33.59090909090909,2.821913539055315,C,Z,lumpy,slow,False,True
72812,105,288.4599962234497,30,3.5,2.861757357361695,2009-12-11,2011-12-08,24.633333333333333,0.6685432793807177,C,Y,lumpy,medium,False,False
72814,276,967.9200024604797,41,6.7317073170731705,8.285603147158035,2009-12-01,2010-12-09,18.024390243902438,1.514948277672758,C,Z,lumpy,medium,False,True
72815,282,1083.3599996566772,48,5.875,5.752427794585074,2009-12-01,2011-01-26,15.395833333333334,0.9587085713184942,C,Y,lumpy,medium,False,True
72816,1344,1671.5199830532074,92,14.608695652173912,40.94862944257153,2009-12-01,2011-10-17,8.032608695652174,7.856983807717228,B,Z,lumpy,medium,False,True
72817,1596,1671.2800071835518,114,14.0,15.792347200099659,2009-12-02,2011-12-08,6.482456140350878,1.2724399494310996,B,Z,lumpy,medium,False,True
72818,2395,1283.1299922466278,80,29.9375,64.89218785265139,2009-12-02,2011-10-31,9.2375,4.698440938375321,B,Z,lumpy,medium,False,True
72819,694,1174.009993314743,81,8.567901234567902,17.856328200112237,2009-12-04,2011-12-08,9.123456790123457,4.343455898230199,C,Z,lumpy,medium,False,True
72821,61,100.64999854564667,14,4.357142857142857,4.19903180886596,2010-01-31,2011-02-10,52.785714285714285,0.9287412399479051,C,Y,lumpy,slow,False,True
75011,181,172.51000380516052,15,12.066666666666666,18.238368765821555,2009-12-11,2011-11-28,49.266666666666666,2.2845325670331014,C,Z,lumpy,slow,False,True
75013B,534,669.6199942827225,71,7.52112676056338,19.632960008930738,2009-12-01,2011-01-28,10.408450704225352,6.814056766922566,C,Z,lumpy,medium,False,True
75049L,13977,13153.800294399261,231,60.506493506493506,106.14603845358613,2009-12-02,2011-12-07,3.1991341991341993,3.077539316445061,A,Z,lumpy,fast,False,False
75131,1217,1543.030014514923,61,19.950819672131146,57.073177071051575,2009-12-11,2011-04-04,12.114754098360656,8.183566416332848,B,Z,lumpy,medium,False,True
75149N,275,340.0,22,12.5,7.651641591686,2009-12-04,2010-05-04,33.59090909090909,0.3747047619047621,C,Y,intermittent,slow,False,True
75172,97,100.31000190973282,10,9.7,11.823235127869566,2010-06-23,2011-07-04,73.9,1.485693366870963,C,Z,lumpy,slow,False,True
75178,497,273.9299943447113,25,19.88,46.89822313620563,2010-02-18,2011-12-06,29.56,5.565190269720266,C,Z,lumpy,slow,False,True
77079,111,135.67999267578125,15,7.4,7.917431040793111,2010-02-16,2011-07-27,49.266666666666666,1.1447354690597933,C,Z,lumpy,slow,False,True
77081,456,308.37999415397644,29,15.724137931034482,41.12428597011411,2009-12-01,2010-08-31,25.482758620689655,6.840109456755926,C,Z,lumpy,slow,False,True
77101A,1086,1255.9699590206146,81,13.407407407407407,35.53054241697478,2009-12-06,2011-03-22,9.123456790123457,7.022860833002655,B,Z,lumpy,medium,False,True
78026,14,139.95000076293945,3,4.666666666666667,5.507570547286102,2010-01-17,2010-09-06,246.33333333333334,1.3928571428571426,C,Z,lumpy,slow,False,True
78027,6,100.14999866485596,5,1.2,0.4472135954999579,2010-01-31,2010-09-03,147.8,0.1388888888888889,C,X,intermittent,slow,False,True
78033,156,370.5999946594238,17,9.176470588235293,13.821339000426331,2010-01-27,2011-10-06,43.470588235294116,2.2685527613412235,C,Z,lumpy,slow,False,True
78034B,15,29.250000715255737,9,1.6666666666666667,0.8660254037844386,2010-06-16,2011-10-02,82.11111111111111,0.26999999999999996,C,Y,intermittent,slow,False,True
78056,5,29.84999942779541,3,1.6666666666666667,0.5773502691896257,2009-12-02,2009-12-22,246.33333333333334,0.11999999999999997,C,X,intermittent,slow,False,True
78124,730,969.6100006103516,29,25.17241379310345,57.3828427353864,2009-12-03,2011-11-28,25.482758620689655,5.196541430984102,C,Z,lumpy,slow,False,True
79000,12643,9759.909989118576,278,45.47841726618705,69.11021309592824,2009-12-01,2011-09-12,2.658273381294964,2.3092650363292977,A,Z,lumpy,fast,False,False
79026B,69,89.24999856948853,32,2.15625,2.126778193388057,2009-12-01,2011-05-18,23.09375,0.9728506480747471,C,Y,lumpy,medium,False,True
79029,2946,5473.820025682449,150,19.64,35.24093105291787,2009-12-01,2010-08-12,4.926666666666667,3.2196731116214856,A,Z,lumpy,fast,False,False
79030A,363,438.2499989271164,27,13.444444444444445,36.24312490064982,2009-12-01,2010-07-29,27.37037037037037,7.26717384794019,C,Z,lumpy,slow,False,True
79030D,1022,711.6400028467178,57,17.92982456140351,47.28744157094793,2009-12-08,2011-11-10,12.964912280701755,6.955679379893391,C,Z,lumpy,medium,False,True
79030G,1751,1462.9499752521515,90,19.455555555555556,32.979108508304115,2009-12-02,2011-06-03,8.21111111111111,2.8733633628365496,B,Z,lumpy,medium,False,True
79051A,938,380.33998915553093,51,18.392156862745097,18.64411803370977,2009-12-02,2011-12-07,14.490196078431373,1.0275864357772513,C,Z,lumpy,medium,False,True
79051a,1,6.039999961853027,1,1.0,0.0,2009-12-22,2009-12-22,739.0,0.0,C,X,intermittent,slow,False,True
79053A,9,0.0,1,9.0,0.0,2009-12-22,2009-12-22,739.0,0.0,C,X,intermittent,slow,False,True
79053B,1,0.0,1,1.0,0.0,2009-12-22,2009-12-22,739.0,0.0,C,X,intermittent,slow,False,True
79062D,1012,19.399999380111694,5,202.4,423.5714815707026,2011-02-03,2011-08-16,147.8,4.379579434142075,C,Z,lumpy,slow,False,True
79063C,555,43.650000393390656,15,37.0,82.3407554009556,2011-02-03,2011-12-08,49.266666666666666,4.9525200876552224,C,Z,lumpy,slow,False,True
79063D,2749,35.140000492334366,11,249.9090909090909,766.7348243748231,2011-01-28,2011-11-27,67.18181818181819,9.412961199819875,C,Z,lumpy,slow,False,True
79065A,6,39.79999923706055,2,3.0,1.4142135623730951,2009-12-02,2009-12-22,369.5,0.22222222222222227,C,X,intermittent,slow,False,True
79066K,1377,1200.2500170469284,193,7.134715025906735,10.617030690055254,2009-12-07,2011-12-09,3.8290155440414506,2.2143837358903324,C,Z,lumpy,fast,False,False
79066k,26,42.709999561309814,16,1.625,1.4083086782851741,2010-02-19,2011-11-20,46.1875,0.7510848126232745,C,Y,lumpy,slow,False,False
79067,1616,6380.200032234192,209,7.732057416267943,10.377257681906505,2009-12-01,2010-12-21,3.535885167464115,1.8012544276803089,A,Z,lumpy,fast,False,False
79069A,14,0.0,1,14.0,0.0,2009-12-22,2009-12-22,739.0,0.0,C,X,intermittent,slow,False,True
79070b,1,11.260000228881836,1,1.0,0.0,2009-12-01,2009-12-01,739.0,0.0,C,X,intermittent,slow,False,True
79071B,142,433.7000057697296,62,2.2903225806451615,2.498439491810008,2010-02-01,2011-06-13,11.919354838709678,1.1899928780719407,C,Z,lumpy,medium,False,False
79072,284,3083.1999588012695,55,5.163636363636364,5.682212780910452,2009-12-01,2010-03-29,13.436363636363636,1.2109429529708244,B,Z,lumpy,medium,False,True
79140,15,6.299999803304672,2,7.5,6.363961030678928,2010-02-01,2010-06-01,369.5,0.72,C,Y,lumpy,slow,False,True
79144B,350,181.02999618649483,79,4.430379746835443,6.079987230721655,2009-12-04,2011-12-08,9.354430379746836,1.8833170068027207,C,Z,lumpy,medium,False,True
79144C,306,180.13999632000923,88,3.477272727272727,4.820877186187709,2009-12-14,2011-12-08,8.397727272727273,1.922094017282871,C,Z,lumpy,medium,False,False
79149B,29,12.179999619722366,12,2.4166666666666665,2.6443192398846707,2009-12-04,2011-12-06,61.583333333333336,1.197275970165388,C,Z,lumpy,slow,False,True
79151B,11,4.61999985575676,2,5.5,6.363961030678928,2010-12-05,2011-11-28,369.5,1.3388429752066118,C,Z,lumpy,slow,False,True
79157B,5,4.2500001192092896,3,1.6666666666666667,1.1547005383792517,2010-02-07,2011-12-06,246.33333333333334,0.48000000000000015,C,Y,intermittent,slow,False,True
79157V,5,4.2500001192092896,3,1.6666666666666667,0.5773502691896257,2011-10-09,2011-11-03,246.33333333333334,0.11999999999999997,C,X,intermittent,slow,True,True
79160,944,1973.0699846744537,154,6.12987012987013,14.664305201469556,2009-12-01,2011-12-08,4.798701298701299,5.72295636630598,B,Z,lumpy,fast,False,True
79161A,76,150.4500024318695,17,4.470588235294118,4.651849726974523,2010-03-10,2011-11-22,43.470588235294116,1.0827345914127426,C,Z,lumpy,slow,False,True
79163,3848,1240.8299697637558,58,66.34482758620689,261.68921916830493,2009-12-02,2011-09-18,12.741379310344827,15.558134551555609,B,Z,lumpy,medium,False,True
79164,3738,3196.009967327118,79,47.31645569620253,146.91402895988378,2009-12-01,2011-11-07,9.354430379746836,9.64055699268605,B,Z,lumpy,medium,False,True
79165,1,0.0,1,1.0,0.0,2009-12-22,2009-12-22,739.0,0.0,C,X,intermittent,slow,False,True
79172D,24,20.40000057220459,4,6.0,4.546060565661952,2010-03-08,2010-10-31,184.75,0.5740740740740741,C,Y,lumpy,slow,False,True
79190A,790,364.2499904334545,111,7.117117117117117,8.144980315550454,2009-12-03,2011-12-09,6.657657657657658,1.3097000772020806,C,Z,lumpy,medium,False,False
79190B,1485,603.0799851119518,123,12.073170731707316,38.08170050870295,2009-12-02,2011-12-09,6.008130081300813,9.949241713374853,C,Z,lumpy,fast,False,True
79190D,641,296.57999244332314,105,6.104761904761904,5.96773989161051,2009-12-03,2011-12-02,7.038095238095238,0.9556135755570632,C,Y,lumpy,medium,False,False
79191B,479,397.37000608444214,65,7.369230769230769,18.070667903028337,2009-12-04,2011-12-09,11.36923076923077,6.013178496868479,C,Z,lumpy,medium,False,True
79191C,1619,1293.7600219249725,130,12.453846153846154,25.247338193711048,2009-12-02,2011-12-06,5.684615384615385,4.109833257538467,B,Z,lumpy,fast,False,False
79191D,138,143.87000179290771,52,2.6538461538461537,3.0862415456065735,2009-12-02,2011-12-09,14.211538461538462,1.3524098990572915,C,Z,lumpy,medium,False,False
79192A,114,152.6399998664856,33,3.4545454545454546,4.63067833240248,2009-12-02,2011-02-02,22.393939393939394,1.7968317174515236,C,Z,lumpy,medium,False,True
79301,1,2.950000047683716,1,1.0,0.0,2010-01-21,2010-01-21,739.0,0.0,C,X,intermittent,slow,False,True
79302M,697,1774.1799881458282,95,7.336842105263158,11.690704187075202,2009-12-01,2011-12-08,7.778947368421052,2.5390017344615297,B,Z,lumpy,medium,False,False
79302m,4,23.769999504089355,4,1.0,0.0,2009-12-22,2010-04-09,184.75,0.0,C,X,intermittent,slow,False,True
79303A,3,5.900000095367432,2,1.5,0.7071067811865476,2010-01-26,2010-02-04,369.5,0.22222222222222227,C,X,intermittent,slow,False,True
79303B,109,339.5700042247772,10,10.9,27.934248195042265,2009-12-02,2010-08-09,73.9,6.56781602745747,C,Z,lumpy,slow,False,True
79303D,93,272.45000171661377,17,5.470588235294118,9.975705783670293,2009-12-01,2010-08-09,43.470588235294116,3.325211007052838,C,Z,lumpy,slow,False,True
79308B,288,122.40000343322754,3,96.0,41.569219381653056,2010-05-14,2010-06-29,246.33333333333334,0.18750000000000003,C,X,intermittent,slow,False,True
79309A,1,0.0,1,1.0,0.0,2009-12-22,2009-12-22,739.0,0.0,C,X,intermittent,slow,False,True
79315W,199,611.5100085735321,11,18.09090909090909,40.76874917250846,2009-12-03,2010-08-09,67.18181818181819,5.078482866594279,C,Z,lumpy,slow,False,True
79320,1015,4357.379936218262,106,9.575471698113208,14.472929155731066,2009-12-02,2010-09-22,6.971698113207547,2.284507133786076,A,Z,lumpy,medium,False,False
79321,15988,80540.87905311584,441,36.25396825396825,65.606394428432,2009-12-01,2011-12-09,1.6757369614512472,3.274773301308176,A,Z,lumpy,fast,False,False
79323B,242,1565.6999778747559,43,5.627906976744186,7.384098925632132,2009-12-01,2011-02-11,17.186046511627907,1.721476870237201,B,Z,lumpy,medium,False,True
79323G,1268,2007.8799657821655,44,28.818181818181817,144.12256940039205,2009-12-01,2010-04-19,16.795454545454547,25.010987434237283,B,Z,lumpy,medium,False,True
79323GR,532,3209.3599338531494,56,9.5,13.659495531747071,2009-12-01,2010-04-20,13.196428571428571,2.0673885671115593,B,Z,lumpy,medium,False,True
79323LP,1433,8481.189809799194,83,17.265060240963855,19.03404160800725,2009-12-01,2010-10-25,8.903614457831326,1.215418472372939,A,Z,lumpy,medium,False,True
79323P,2281,13787.92971420288,95,24.010526315789473,25.850015324429435,2009-12-01,2011-01-11,7.778947368421052,1.1590929112799346,A,Z,lumpy,medium,False,True
79323S,334,2084.3199615478516,36,9.277777777777779,24.31414768766896,2009-12-01,2010-09-16,20.52777777777778,6.867998135465594,B,Z,lumpy,medium,False,True
79323W,3004,18048.719622612,106,28.339622641509433,31.355074562319654,2009-12-01,2010-09-16,6.971698113207547,1.2241300230724004,A,Z,lumpy,medium,False,True
79328,594,260.75999677181244,17,34.94117647058823,39.83476902819209,2009-12-01,2010-07-26,43.470588235294116,1.2997192746771875,C,Z,lumpy,slow,False,True
79329,100,65.93999910354614,7,14.285714285714286,25.493229726826726,2009-12-02,2011-04-10,105.57142857142857,3.1845333333333325,C,Z,lumpy,slow,False,True
79331,93,73.59999895095825,10,9.3,9.006787563955431,2010-02-10,2011-04-07,73.9,0.9379375907298207,C,Y,lumpy,slow,False,True
79336,924,369.7799949645996,22,42.0,69.14443130833011,2009-12-02,2011-09-02,33.59090909090909,2.7102904653925064,C,Z,lumpy,slow,False,True
79337,1195,502.02999341487885,22,54.31818181818182,87.03879067548608,2010-01-04,2011-07-11,33.59090909090909,2.567646591487911,C,Z,lumpy,slow,False,True
79338,553,252.2899967432022,13,42.53846153846154,66.22891536760382,2009-12-03,2010-03-02,56.84615384615385,2.4239950426573436,C,Z,lumpy,slow,False,True
79340W,3,0.0,1,3.0,0.0,2009-12-22,2009-12-22,739.0,0.0,C,X,intermittent,slow,False,True
79341,725,4423.689904212952,51,14.215686274509803,42.07246782659187,2009-12-01,2010-04-20,14.490196078431373,8.759116708680143,A,Z,lumpy,medium,False,True
79342B,119,824.949990272522,29,4.103448275862069,6.7153599392214645,2009-12-01,2010-04-06,25.482758620689655,2.6781855599382616,C,Z,lumpy,slow,False,True
79342b,1,13.569999694824219,1,1.0,0.0,2010-02-19,2010-02-19,739.0,0.0,C,X,intermittent,slow,False,True
79403,216,199.02000439167023,33,6.545454545454546,7.246080445191168,2009-12-18,2011-12-02,22.393939393939394,1.225537712191358,C,Z,lumpy,medium,False,False
79406,259,65.6199993789196,21,12.333333333333334,16.246025154890454,2009-12-04,2011-12-08,35.19047619047619,1.7351351351351352,C,Z,lumpy,slow,False,True
79413,31,37.5,7,4.428571428571429,4.353433237386437,2009-12-04,2010-05-04,105.57142857142857,0.9663544918487684,C,Y,lumpy,slow,False,True
79532,193,121.25,18,10.722222222222221,21.953977411462517,2010-05-25,2010-10-05,41.05555555555556,4.192343102775755,C,Z,lumpy,slow,False,True
79534,117,63.80000138282776,17,6.882352941176471,4.255619122718462,2009-12-02,2010-10-11,43.470588235294116,0.3823416611878149,C,Y,intermittent,slow,False,False
81950B,216,126.74000084400177,32,6.75,9.591663046625438,2009-12-03,2011-08-17,23.09375,2.0192043895747593,C,Z,lumpy,medium,False,True
81950V,32,18.80000028014183,9,3.5555555555555554,3.678012748452318,2009-12-03,2011-07-13,82.11111111111111,1.070068359375,C,Z,lumpy,slow,False,True
81952B,265,84.55999970436096,20,13.25,22.154659721341265,2010-01-11,2011-07-26,36.95,2.7957505012085213,C,Z,lumpy,slow,False,True
81952V,464,159.87000006437302,46,10.08695652173913,16.245103312768197,2009-12-02,2011-11-27,16.065217391304348,2.5937293565860764,C,Z,lumpy,medium,False,True
81953B,14,4.64000004529953,6,2.3333333333333335,2.1602468994692865,2010-05-09,2011-07-18,123.16666666666667,0.8571428571428569,C,Y,lumpy,slow,False,True
81953P,33,9.570000052452087,6,5.5,7.231873892705818,2010-02-24,2011-07-21,123.16666666666667,1.7289256198347105,C,Z,lumpy,slow,False,True
81985A,23,58.649998903274536,7,3.2857142857142856,2.288688541085317,2009-12-07,2010-08-22,105.57142857142857,0.48519218651543794,C,Y,intermittent,slow,False,True
82001S,2926,10531.400240421295,174,16.816091954022987,23.22920661861321,2009-12-01,2011-12-08,4.247126436781609,1.9081767806138397,A,Z,lumpy,fast,False,False
82001s,125,932.9800043106079,25,5.0,4.743416490252569,2010-07-30,2011-12-09,29.56,0.8999999999999999,C,Y,lumpy,slow,False,True
82011A,59,246.57999992370605,33,1.7878787878787878,2.2604973976646123,2010-02-03,2011-11-13,22.393939393939394,1.5985708129847747,C,Z,lumpy,medium,False,True
82011B,160,348.8000011444092,48,3.3333333333333335,9.623405274538436,2009-12-02,2011-11-23,15.395833333333334,8.334893617021278,C,Z,lumpy,medium,False,True
82011C,131,595.1799988746643,65,2.0153846153846153,2.3217201845581252,2009-12-07,2011-11-23,11.36923076923077,1.3271006934327834,C,Z,lumpy,medium,False,False
82011E,3,7.5,2,1.5,0.7071067811865476,2010-02-03,2010-02-11,369.5,0.22222222222222227,C,X,intermittent,slow,False,True
82069,17,109.8499984741211,11,1.5454545454545454,0.9341987329938276,2009-12-16,2010-10-18,67.18181818181819,0.3653979238754326,C,Y,intermittent,slow,False,True
82072,7,6.25,4,1.75,0.5,2010-02-07,2010-08-27,184.75,0.08163265306122448,C,X,intermittent,slow,False,True
82076,290,403.64000058174133,15,19.333333333333332,23.78074451155408,2009-12-01,2010-01-27,49.266666666666666,1.5129947341600138,C,Z,lumpy,slow,False,True
82081,174,451.3500072956085,19,9.157894736842104,9.816444014989095,2009-12-01,2010-02-24,38.89473684210526,1.1489922344064245,C,Z,lumpy,slow,False,True
82093,139,283.4900019168854,17,8.176470588235293,12.670020195907577,2009-12-01,2010-01-22,43.470588235294116,2.4011697117126447,C,Z,lumpy,slow,False,True
82095,100,600.9100060462952,44,2.272727272727273,3.9139799310464336,2009-12-09,2011-07-05,16.795454545454547,2.9658046511627894,C,Z,lumpy,medium,False,True
82482,16914,41837.59907281399,517,32.71566731141199,38.92327981329407,2009-12-01,2011-12-09,1.4294003868471954,1.41549158003146,A,Z,lumpy,fast,False,False
82483,4896,29003.36909866333,451,10.855875831485587,12.77894378603999,2009-12-01,2011-12-08,1.6385809312638582,1.3856711817125174,A,Z,lumpy,fast,False,False
82484,9831,56745.73049783707,438,22.445205479452056,70.98161338827495,2010-04-11,2011-12-09,1.687214611872146,10.00102612572132,A,Z,lumpy,fast,False,False
82486,4728,38052.32893562317,503,9.399602385685885,9.594433138645893,2009-12-01,2011-12-09,1.4691848906560636,1.041884736656684,A,Z,lumpy,fast,False,False
82494L,15468,43811.16009449959,527,29.351043643263758,27.961409342285258,2009-12-01,2011-12-08,1.4022770398481974,0.9075509557262865,A,Y,lumpy,fast,False,False
82494l,378,3155.9300498962402,61,6.19672131147541,7.366183254420495,2010-05-05,2011-12-08,12.114754098360656,1.4130616444108506,B,Z,lumpy,medium,False,True
82545A,31,38.75,11,2.8181818181818183,1.662418829187267,2010-01-14,2010-10-21,67.18181818181819,0.34797086368366276,C,Y,intermittent,slow,False,True
82551,5643,8081.140101909637,417,13.532374100719425,27.774322888203304,2009-12-01,2011-12-08,1.7721822541966428,4.212490839982866,A,Z,lumpy,fast,False,False
82552,6955,9527.160078048706,411,16.92214111922141,35.26054620012649,2009-12-02,2011-12-09,1.7980535279805352,4.341776322463942,A,Z,lumpy,fast,False,False
82553,115,237.72999930381775,27,4.2592592592592595,6.970225648000614,2009-12-01,2010-02-22,27.37037037037037,2.678092191362512,C,Z,lumpy,slow,False,True
82567,1207,2498.9799238443375,330,3.6575757575757577,3.8157831164933476,2009-12-01,2011-12-09,2.2393939393939393,1.088380378653792,B,Z,lumpy,fast,False,False
82578,5595,3129.2400373220444,403,13.883374689826303,29.02184451805062,2009-12-01,2011-12-08,1.8337468982630274,4.369783623226395,B,Z,lumpy,fast,False,False
82580,13249,7458.520068585873,538,24.62639405204461,44.364872468351294,2009-12-01,2011-12-09,1.3736059479553904,3.245464223302624,A,Z,lumpy,fast,False,False
82581,8399,4649.000056505203,466,18.023605150214593,34.03498327838413,2009-12-01,2011-12-09,1.5858369098712446,3.56588845635783,A,Z,lumpy,fast,False,False
82582,7481,15110.979680538177,422,17.72748815165877,27.645433238580114,2009-12-01,2011-12-09,1.7511848341232228,2.4319374073387348,A,Z,lumpy,fast,False,False
82583,13133,27981.989901542664,472,27.824152542372882,49.02160372709854,2009-12-01,2011-12-09,1.5656779661016949,3.104067371038552,A,Z,lumpy,fast,False,False
82585,169,235.8999960422516,34,4.970588235294118,8.551042091792963,2009-12-02,2010-03-04,21.735294117647058,2.959528409687718,C,Z,lumpy,medium,False,True
82587,128,166.7799985408783,31,4.129032258064516,3.870761643258951,2009-12-06,2010-05-13,23.838709677419356,0.8788126627604169,C,Y,lumpy,medium,False,False
82597,1431,2569.659926891327,154,9.292207792207792,19.23230035105373,2009-12-01,2010-11-08,4.798701298701299,4.283755151126593,B,Z,lumpy,fast,False,True
82599,2507,5479.4398493766785,277,9.050541516245488,10.45093651215335,2009-12-02,2011-05-18,2.667870036101083,1.3334025740281028,A,Z,lumpy,fast,False,False
82600,12678,25736.189784765244,482,26.30290456431535,48.57186578043013,2009-12-01,2011-12-09,1.533195020746888,3.4100610493328674,A,Z,lumpy,fast,False,False
82605,270,595.0699803829193,107,2.5233644859813085,2.7586768580981174,2009-12-02,2011-03-23,6.906542056074766,1.1952030437145742,C,Z,lumpy,medium,False,False
82607A,664,923.7199909687042,105,6.3238095238095235,8.141176486156935,2009-12-03,2010-10-14,7.038095238095238,1.6573597157396966,C,Z,lumpy,medium,False,False
82607C,115,175.60999941825867,29,3.9655172413793105,4.057468938536944,2009-12-01,2010-03-09,25.482758620689655,1.0469133135295703,C,Z,lumpy,slow,False,True
82607E,104,126.25,23,4.521739130434782,4.219754034380669,2009-12-03,2010-11-02,32.130434782608695,0.8708899273803118,C,Y,lumpy,slow,False,True
82613A,661,667.4699988365173,89,7.426966292134831,19.529050412403933,2009-12-02,2011-10-25,8.303370786516854,6.914158758885262,C,Z,lumpy,medium,False,True
82613B,896,985.5699970126152,179,5.005586592178771,7.449075960117099,2009-12-01,2011-12-06,4.128491620111732,2.21459771995833,C,Z,lumpy,fast,False,False
82613C,770,820.0099968910217,145,5.310344827586207,8.74604453562621,2009-12-02,2011-12-02,5.096551724137931,2.7125510672588593,C,Z,lumpy,fast,False,True
82613D,1186,1281.8599943518639,196,6.051020408163265,10.085147697561634,2009-12-01,2011-12-06,3.770408163265306,2.7778404033567585,B,Z,lumpy,fast,False,True
82613a,3,7.480000019073486,3,1.0,0.0,2010-02-01,2011-06-08,246.33333333333334,0.0,C,X,intermittent,slow,False,True
82613b,14,35.03999996185303,10,1.4,0.6992058987801011,2010-02-01,2011-07-08,73.9,0.24943310657596376,C,X,intermittent,slow,False,True
82613c,13,32.480000019073486,10,1.3,0.4830458915396479,2010-02-01,2011-10-26,73.9,0.13806706114398418,C,X,intermittent,slow,False,False
82615,678,1603.9699914455414,68,9.970588235294118,19.173964459173554,2009-12-02,2010-12-01,10.867647058823529,3.6981308509531594,B,Z,lumpy,medium,False,True
82616A,316,624.2100052833557,44,7.181818181818182,11.408427581097673,2009-12-02,2010-10-27,16.795454545454547,2.5233806448728027,C,Z,lumpy,medium,False,True
82616B,606,977.550003528595,105,5.771428571428571,10.128270737488611,2009-12-01,2011-12-08,7.038095238095238,3.0796683771575926,C,Z,lumpy,medium,False,False
82616C,632,1024.100003004074,110,5.745454545454545,13.113783185050776,2009-12-02,2011-12-08,6.718181818181818,5.209633983027304,C,Z,lumpy,medium,False,True
84006,1856,1738.0700385570526,144,12.88888888888889,14.316165790902357,2009-12-01,2011-12-08,5.131944444444445,1.2337366854310963,B,Z,lumpy,fast,False,True
84007,157,413.1199927330017,33,4.757575757575758,5.0313411670641,2009-12-01,2010-11-30,22.393939393939394,1.1183972980648302,C,Z,lumpy,medium,False,True
84012,1838,2628.469980597496,130,14.138461538461538,20.486620268309004,2009-12-01,2011-12-08,5.684615384615385,2.0995988475972513,B,Z,lumpy,fast,False,False
84016,19000,3791.669979542494,45,422.22222222222223,1624.738494887001,2009-12-07,2011-09-14,16.42222222222222,14.807603138378246,B,Z,lumpy,medium,False,True
84029C,204,766.1900057792664,20,10.2,11.628458738439027,2009-12-01,2010-01-05,36.95,1.2997025435561227,C,Z,lumpy,slow,False,True
84029D,105,183.98000144958496,13,8.076923076923077,14.874259300670731,2009-12-07,2010-02-08,56.84615384615385,3.3913983371126233,C,Z,lumpy,slow,False,True
84029E,10641,42994.24061322212,334,31.85928143712575,60.248992520891335,2009-12-01,2011-12-09,2.212574850299401,3.576247978917762,A,Z,lumpy,fast,False,True
84029G,7110,29533.87035703659,362,19.640883977900554,31.59408912936847,2009-12-01,2011-12-09,2.041436464088398,2.587555165885986,A,Z,lumpy,fast,False,True
84029c,1,7.78000020980835,1,1.0,0.0,2009-12-22,2009-12-22,739.0,0.0,C,X,intermittent,slow,False,True
84030B,11,18.75,6,1.8333333333333333,1.1690451944500122,2010-01-26,2010-03-08,123.16666666666667,0.40661157024793393,C,Y,intermittent,slow,False,True
84030C,26,82.78000020980835,6,4.333333333333333,4.0824829046386295,2009-12-01,2010-03-08,123.16666666666667,0.8875739644970413,C,Y,lumpy,slow,False,True
84030E,2122,9042.150010108948,227,9.348017621145374,12.511146642117705,2009-12-03,2011-12-08,3.2555066079295156,1.791245796116052,A,Z,lumpy,fast,False,True
84030b,1,8.460000038146973,1,1.0,0.0,2010-01-25,2010-01-25,739.0,0.0,C,X,intermittent,slow,False,True
84030c,32,248.00000476837158,4,8.0,7.2571803523590805,2009-12-01,2010-03-05,184.75,0.8229166666666667,C,Y,lumpy,slow,False,True
84030e,120,979.4000120162964,46,2.608695652173913,2.4628642843428845,2010-09-30,2011-12-08,16.065217391304348,0.8913209876543211,C,Y,lumpy,medium,False,True
84031A,1098,4404.0200271606445,190,5.778947368421052,9.11847818381717,2009-12-01,2011-12-09,3.889473684210526,2.489701313560558,A,Z,lumpy,fast,False,True
84031B,839,3263.030038833618,177,4.740112994350283,7.632185585095634,2009-12-01,2011-12-09,4.175141242937853,2.5925100905563925,B,Z,lumpy,fast,False,True
84031a,1,16.6299991607666,1,1.0,0.0,2011-10-31,2011-10-31,739.0,0.0,C,X,intermittent,slow,True,True
84031b,1,16.6299991607666,1,1.0,0.0,2011-10-31,2011-10-31,739.0,0.0,C,X,intermittent,slow,True,True
84032A,3234,8624.099961042404,299,10.816053511705686,19.206479868438254,2009-12-01,2011-12-09,2.471571906354515,3.153246310728738,A,Z,lumpy,fast,False,True
84032B,3285,7699.2500012516975,274,11.989051094890511,25.334174399472236,2009-12-01,2011-12-09,2.697080291970803,4.465230572761275,A,Z,lumpy,fast,False,True
84033,491,735.3799889087677,43,11.418604651162791,16.563345300103293,2010-01-15,2011-09-14,17.186046511627907,2.1041177426832025,C,Z,lumpy,medium,False,True
84050,9867,14524.99994122982,358,27.56145251396648,54.09427780164454,2009-12-01,2011-11-01,2.064245810055866,3.852107965904323,A,Z,lumpy,fast,False,True
84051,746,607.9800070524216,54,13.814814814814815,23.355395380110476,2009-12-06,2011-12-06,13.685185185185185,2.858145359057977,C,Z,lumpy,medium,False,False
84077,106250,24445.609592214227,470,226.06382978723406,461.5754288456939,2009-12-01,2011-12-09,1.5723404255319149,4.168916552810444,A,Z,lumpy,fast,False,False
84078A,1128,43844.96090698242,242,4.661157024793388,12.093380596731357,2009-12-02,2011-12-08,3.053719008264463,6.731439930657952,A,Z,lumpy,fast,False,False
84081,102,389.30000591278076,18,5.666666666666667,8.738017004816973,2009-12-02,2010-07-14,41.05555555555556,2.3777732546305717,C,Z,lumpy,slow,False,True
84086B,24,70.80000114440918,12,2.0,1.1281521496355325,2010-05-16,2011-12-06,61.583333333333336,0.3181818181818182,C,Y,intermittent,slow,False,True
84086C,297,884.7500121593475,73,4.068493150684931,4.882874742753971,2009-12-09,2011-11-30,10.123287671232877,1.4404029067328736,C,Z,lumpy,medium,False,True
84192,226,271.09999656677246,36,6.277777777777778,8.248328353970921,2010-02-08,2011-12-04,20.52777777777778,1.7263148473423362,C,Z,lumpy,medium,False,True
84199,1514,121.07999797165394,62,24.419354838709676,84.5969321590593,2009-12-01,2011-12-06,11.919354838709678,12.00164721415835,C,Z,lumpy,medium,False,True
84201B,39,7.409999907016754,8,4.875,4.257346591481601,2009-12-06,2011-11-25,92.375,0.7626561472715321,C,Y,lumpy,slow,False,True
84201C,10,1.899999976158142,3,3.3333333333333335,2.0816659994661326,2010-08-23,2011-08-28,246.33333333333334,0.38999999999999985,C,Y,intermittent,slow,False,True
84205C,2,0.3799999952316284,1,2.0,0.0,2010-03-03,2010-03-03,739.0,0.0,C,X,intermittent,slow,False,True
84206A,79,15.009999811649323,9,8.777777777777779,6.759766596891082,2009-12-06,2011-11-25,82.11111111111111,0.5930539977567697,C,Y,lumpy,slow,False,True
84206B,9,1.7099999785423279,2,4.5,0.7071067811865476,2010-08-24,2011-11-20,369.5,0.024691358024691364,C,X,intermittent,slow,False,True
84206C,10,1.899999976158142,4,2.5,1.9148542155126764,2009-12-06,2011-11-25,184.75,0.5866666666666668,C,Y,lumpy,slow,False,True
84212,24794,11961.48960840702,211,117.50710900473933,249.70646328512257,2009-12-06,2011-12-06,3.5023696682464456,4.515764488490825,A,Z,lumpy,fast,False,True
84218,261,503.5100129246712,65,4.015384615384615,7.793210802704148,2010-01-31,2011-03-31,11.36923076923077,3.766851906900957,C,Z,lumpy,medium,False,True
84219,146,303.8600010871887,23,6.3478260869565215,11.803730903451955,2010-01-31,2010-04-01,32.130434782608695,3.4577099575223054,C,Z,lumpy,slow,False,True
84226,77,58.31000053882599,17,4.529411764705882,8.04765219690519,2010-02-28,2011-06-08,43.470588235294116,3.156856130882105,C,Z,lumpy,slow,False,True
84227,226,47.03999853134155,14,16.142857142857142,21.037904044685785,2010-02-01,2011-03-23,52.785714285714285,1.6984162364380078,C,Z,lumpy,slow,False,True
84228,354,156.06999731063843,41,8.634146341463415,19.968420189840973,2009-12-07,2011-11-29,18.024390243902438,5.3487044750869766,C,Z,lumpy,medium,False,True
84231,230,166.2099952697754,41,5.609756097560975,5.8089502011141745,2010-01-24,2011-11-04,18.024390243902438,1.0722778827977324,C,Z,lumpy,medium,False,True
84247B,11,0.0,1,11.0,0.0,2009-12-22,2009-12-22,739.0,0.0,C,X,intermittent,slow,False,True
84247C,93,212.40000343322754,23,4.043478260869565,5.571667457850438,2009-12-01,2010-12-09,32.130434782608695,1.8987166146375303,C,Z,lumpy,slow,False,True
84247E,664,1064.050012588501,75,8.853333333333333,21.026169879933427,2010-05-07,2011-12-01,9.853333333333333,5.640358466591863,C,Z,lumpy,medium,False,True
84247G,1414,602.6699841916561,93,15.204301075268818,12.222181492274919,2009-12-03,2011-07-14,7.946236559139785,0.6461964013131967,C,Y,lumpy,medium,False,False
84247H,93,109.13000148534775,21,4.428571428571429,9.28747236104328,2009-12-22,2010-06-17,35.19047619047619,4.39812695109261,C,Z,lumpy,slow,False,True
84247J,10,12.78000020980835,8,1.25,0.4629100498862757,2009-12-02,2009-12-18,92.375,0.13714285714285715,C,X,intermittent,slow,False,True
84247K,122,233.48000311851501,27,4.518518518518518,9.791559828476966,2009-12-02,2011-10-16,27.37037037037037,4.695822049490419,C,Z,lumpy,slow,False,True
84247L,1145,498.2099856734276,92,12.445652173913043,9.566843072988185,2009-12-03,2011-04-19,8.032608695652174,0.5908836618273889,C,Y,lumpy,medium,False,False
84247N,229,297.480004131794,52,4.403846153846154,12.616919258825048,2009-12-22,2011-11-27,14.211538461538462,8.208094923482633,C,Z,lumpy,medium,False,True
84249A,252,113.21999663114548,34,7.411764705882353,7.369542755680809,2010-02-04,2011-12-09,21.735294117647058,0.9886392267344648,C,Y,lumpy,medium,False,False
84249D,1803,347.2999913394451,54,33.388888888888886,123.6389168547116,2009-12-02,2010-08-23,13.685185185185185,13.712178234739211,C,Z,lumpy,medium,False,True
84250M,28,15.900000274181366,13,2.1538461538461537,3.0234129127569793,2009-12-03,2010-07-15,56.84615384615385,1.9704506802721091,C,Z,lumpy,slow,False,True
84251B,319,84.83999887108803,49,6.510204081632653,6.1682062795826615,2010-03-08,2011-09-25,15.081632653061224,0.8976945162357545,C,Y,lumpy,medium,False,False
84251C,519,76.67999938130379,42,12.357142857142858,39.44049016947385,2009-12-14,2011-08-04,17.595238095238095,10.187050817014907,C,Z,lumpy,medium,False,True
84251F,377,83.9699998497963,48,7.854166666666667,7.466206371957078,2009-12-01,2010-09-29,15.395833333333334,0.9036489625921191,C,Y,lumpy,medium,False,True
84251G,472,127.559998691082,78,6.051282051282051,5.261715279796854,2009-12-01,2011-12-08,9.474358974358974,0.7560663266638562,C,Y,lumpy,medium,False,False
84251J,130,37.03999900817871,16,8.125,14.393864433616613,2009-12-01,2010-06-07,46.1875,3.1383984220907295,C,Z,lumpy,slow,False,True
84255A,4,4.199999809265137,4,1.0,0.0,2009-12-13,2010-01-26,184.75,0.0,C,X,intermittent,slow,False,True
84255B,65,190.15999507904053,15,4.333333333333333,4.835385442852759,2009-12-03,2010-03-09,49.266666666666666,1.2451394759087067,C,Z,lumpy,slow,False,True
84270,22943,4824.299860343337,215,106.71162790697674,153.29612356375483,2009-12-01,2010-12-06,3.437209302325581,2.0636633692520268,A,Z,lumpy,fast,False,False
84279B,1001,3076.920026779175,151,6.629139072847682,19.34756346211403,2009-12-01,2011-06-17,4.894039735099338,8.518013015955075,B,Z,lumpy,fast,False,True
84279P,1229,4476.670045852661,230,5.343478260869565,14.775742131428116,2009-12-06,2011-12-01,3.2130434782608694,7.646285546918367,A,Z,lumpy,fast,False,False
84288B,88,118.95000290870667,21,4.190476190476191,5.306779132572295,2009-12-01,2010-06-23,35.19047619047619,1.6037448347107435,C,Z,lumpy,slow,False,True
84292,75,385.97999382019043,16,4.6875,4.285148772213166,2009-12-02,2010-06-16,46.1875,0.835697777777778,C,Y,lumpy,slow,False,True
84292B,15,51.79999923706055,7,2.142857142857143,1.4638501094228,2010-01-04,2010-05-19,105.57142857142857,0.4666666666666669,C,Y,intermittent,slow,False,True
84306,51,557.4799928665161,28,1.8214285714285714,1.1880133254200735,2009-12-03,2011-03-22,26.392857142857142,0.4254204223446823,C,Y,intermittent,slow,False,True
84311,11,18.149999737739563,1,11.0,0.0,2010-02-09,2010-02-09,739.0,0.0,C,X,intermittent,slow,False,True
84313A,38,212.4199981689453,19,2.0,1.2909944487358056,2009-12-15,2010-10-10,38.89473684210526,0.41666666666666663,C,Y,intermittent,slow,False,True
84313B,227,1164.0399913787842,69,3.289855072463768,4.5312686487254785,2009-12-01,2011-04-01,10.710144927536232,1.89708194015249,C,Z,lumpy,medium,False,False
84313C,554,1442.390016078949,66,8.393939393939394,25.661032288054546,2010-01-11,2011-06-02,11.196969696969697,9.345802259099704,B,Z,lumpy,medium,False,True
84327A,959,1820.2699851989746,87,11.022988505747126,21.09776633801206,2009-12-01,2010-08-05,8.494252873563218,3.6633148556591286,B,Z,lumpy,medium,False,True
84340,21,65.7600008547306,11,1.9090909090909092,1.513574937328539,2009-12-01,2009-12-22,67.18181818181819,0.6285714285714284,C,Y,lumpy,slow,False,True
84341B,1757,922.1800031661987,90,19.522222222222222,28.5713094789742,2009-12-01,2011-11-15,8.21111111111111,2.1419128025764738,C,Z,lumpy,medium,False,True
84347,31522,71300.39930438995,259,121.70656370656371,638.7950736500255,2009-12-01,2011-12-09,2.853281853281853,27.548319754375044,A,Z,lumpy,fast,False,True
84352,206,3505.5800952911377,84,2.4523809523809526,2.446560220670596,2009-12-01,2011-09-21,8.797619047619047,0.9952586290112845,B,Y,lumpy,medium,False,True
84356,750,3771.0399284362793,113,6.6371681415929205,11.860093611789264,2009-12-04,2011-12-09,6.539823008849558,3.1930858412698404,B,Z,lumpy,medium,False,False
84358,121,1097.4799842834473,29,4.172413793103448,9.475792335952104,2009-12-01,2011-08-09,25.482758620689655,5.1577029281762545,C,Z,lumpy,slow,False,True
84360,179,956.8899965286255,39,4.589743589743589,6.796740506409744,2009-12-01,2011-12-05,18.94871794871795,2.1929287968211786,C,Z,lumpy,medium,False,True
84366,3,11.25,3,1.0,0.0,2010-02-02,2010-05-13,246.33333333333334,0.0,C,X,intermittent,slow,False,True
84367,74,126.29999828338623,8,9.25,5.092010548749032,2009-12-09,2010-08-04,92.375,0.30303662736095155,C,Y,intermittent,slow,False,True
84371,30,257.10000228881836,5,6.0,9.027735042633894,2009-12-02,2010-01-25,147.8,2.2638888888888893,C,Z,lumpy,slow,False,True
84375,7576,15753.179702043533,388,19.52577319587629,27.736707003919836,2009-12-01,2011-12-09,1.9046391752577319,2.0178706193846656,A,Z,lumpy,fast,False,False
84378,11637,15388.439997673035,482,24.143153526970956,45.80981025961709,2009-12-01,2011-12-09,1.533195020746888,3.6002196153585424,A,Z,lumpy,fast,False,False
84380,10405,14076.339899778366,469,22.18550106609808,34.72255299898942,2009-12-01,2011-12-09,1.5756929637526653,2.4495415768727837,A,Z,lumpy,fast,False,False
84387A,22,21.450000524520874,2,11.0,0.0,2011-06-23,2011-07-21,369.5,0.0,C,X,intermittent,slow,False,True
84388,76,89.03999853134155,21,3.619047619047619,3.2935723838438786,2009-12-01,2011-04-20,35.19047619047619,0.8282202216066482,C,Y,lumpy,slow,False,True
84396,552,1380.52001619339,34,16.235294117647058,24.7080637352917,2009-12-01,2010-02-24,21.735294117647058,2.3160989224316246,B,Z,lumpy,medium,False,True
84402B,90,51.140001356601715,4,22.5,21.205345238091898,2010-05-21,2011-07-21,184.75,0.8882304526748973,C,Y,lumpy,slow,False,True
84402D,377,358.9300091266632,13,29.0,32.24127789030702,2009-12-01,2010-03-19,56.84615384615385,1.2360285374554103,C,Z,lumpy,slow,False,True
84405A,129,1042.1599864959717,42,3.0714285714285716,5.067316878628379,2009-12-02,2010-10-05,17.595238095238095,2.7219195610019917,C,Z,lumpy,medium,False,True
84406B,7131,23080.130071163177,410,17.39268292682927,28.565105067251732,2009-12-01,2011-12-05,1.802439024390244,2.6973573866538905,A,Z,lumpy,fast,False,False
84406b,2,13.819999694824219,1,2.0,0.0,2009-12-22,2009-12-22,739.0,0.0,C,X,intermittent,slow,False,True
84414B,78,536.2399883270264,9,8.666666666666666,10.51189802081432,2009-12-10,2010-03-25,82.11111111111111,1.4711538461538467,C,Z,lumpy,slow,False,True
84415A,27,71.25,6,4.5,2.345207879911715,2009-12-08,2011-06-24,123.16666666666667,0.2716049382716049,C,Y,intermittent,slow,False,True
84415B,24,80.0,7,3.4285714285714284,1.9023794624226835,2009-12-03,2011-06-08,105.57142857142857,0.30787037037037035,C,Y,intermittent,slow,False,True
84422,782,427.9499931335449,36,21.72222222222222,79.52883075108625,2009-12-20,2011-09-16,20.52777777777778,13.404193551099972,C,Z,lumpy,medium,False,True
84424A,48,86.25,12,4.0,6.2667956144051224,2010-06-09,2010-10-24,61.583333333333336,2.4545454545454546,C,Z,lumpy,slow,False,True
84425A,27,76.60000038146973,9,3.0,3.082207001484488,2009-12-04,2010-05-13,82.11111111111111,1.0555555555555554,C,Z,lumpy,slow,False,True
84427B,30,72.25,6,5.0,5.513619500836088,2009-12-04,2010-03-08,123.16666666666667,1.216,C,Z,lumpy,slow,False,True
84429A,109,371.78000259399414,39,2.7948717948717947,2.8393799098754977,2009-12-02,2011-12-08,18.94871794871795,1.0321034469010677,C,Z,lumpy,medium,False,True
84437A,153,90.9500025510788,18,8.5,10.438897845811795,2010-01-11,2010-04-09,41.05555555555556,1.5082434357826175,C,Z,lumpy,slow,False,True
84447,74,72.4200006723404,16,4.625,4.112987559751022,2010-01-27,2010-04-01,46.1875,0.790844898953007,C,Y,lumpy,slow,False,True
84450A,56,24.17999941110611,5,11.2,4.604345773288535,2009-12-16,2010-02-03,147.8,0.1690051020408163,C,X,intermittent,slow,False,True
84450B,139,84.5499991774559,31,4.483870967741935,4.836465429367025,2009-12-10,2010-04-01,23.838709677419356,1.163455997791695,C,Z,lumpy,medium,False,True
84452,263,186.16000354290009,41,6.414634146341464,10.779553816731232,2009-12-04,2011-10-20,18.024390243902438,2.823955095490754,C,Z,lumpy,medium,False,True
84454,93,85.53000175952911,14,6.642857142857143,9.402185857613054,2009-12-07,2010-04-09,52.785714285714285,2.0033085194375517,C,Z,lumpy,slow,False,True
84455,85,77.96000170707703,18,4.722222222222222,4.637513983559772,2010-01-11,2010-04-09,41.05555555555556,0.9644453490738858,C,Y,lumpy,slow,False,True
84456,37,33.15000092983246,15,2.466666666666667,2.7740292167239504,2009-12-04,2010-06-25,49.266666666666666,1.264739643118021,C,Z,lumpy,slow,False,True
84457,291,278.73000490665436,57,5.105263157894737,5.118887332106167,2010-01-24,2011-11-09,12.964912280701755,1.0053444270683085,C,Z,lumpy,medium,False,True
84458,124,105.40000295639038,17,7.294117647058823,5.643189544512404,2010-01-18,2010-03-21,43.470588235294116,0.5985545655567116,C,Y,lumpy,slow,False,True
84459A,1263,2041.6899979114532,154,8.2012987012987,19.496733384888763,2009-12-01,2011-10-30,4.798701298701299,5.651431216600209,B,Z,lumpy,fast,False,True
84459B,1492,2341.7699975967407,145,10.289655172413793,20.270708629756644,2009-12-07,2011-04-08,5.096551724137931,3.880933673115918,B,Z,lumpy,fast,False,True
84461,149,253.78999549150467,34,4.382352941176471,8.510295746320427,2010-01-31,2011-04-20,21.735294117647058,3.7711569093939237,C,Z,lumpy,medium,False,True
84462,100,114.85999655723572,13,7.6923076923076925,16.00200307974294,2010-02-02,2011-04-14,56.84615384615385,4.3274833333333325,C,Z,lumpy,slow,False,True
84464,85,179.10000085830688,10,8.5,14.946199814296905,2010-01-08,2010-02-22,73.9,3.091887735486351,C,Z,lumpy,slow,False,True
84465,32,96.51000142097473,23,1.391304347826087,0.8913284485317717,2010-02-03,2011-11-04,32.130434782608695,0.4104225852272727,C,Y,intermittent,slow,False,True
84466,1256,1348.3599860668182,49,25.632653061224488,62.653043913002556,2009-12-01,2011-07-14,15.081632653061224,5.974440387836898,B,Z,lumpy,medium,False,True
84467,875,17477.659902572632,46,19.02173913043478,29.830997398630526,2009-12-06,2010-07-27,16.065217391304348,2.4594336217687074,A,Z,lumpy,medium,False,True
84469,682,2249.4100284576416,28,24.357142857142858,36.17776510276288,2009-12-04,2010-03-24,26.392857142857142,2.206128385676205,B,Z,lumpy,slow,False,True
84472,87,3402.320026397705,25,3.48,10.149384217774003,2009-12-01,2010-05-11,29.56,8.505912273748185,B,Z,lumpy,slow,False,True
84482,75,293.0199999809265,28,2.6785714285714284,1.9823960703891084,2009-12-06,2010-10-03,26.392857142857142,0.5477399176954731,C,Y,lumpy,slow,False,True
84493,1142,111.11999759078026,5,228.4,309.1048365846125,2010-06-13,2010-09-27,147.8,1.8315526268168723,C,Z,lumpy,slow,False,True
84494B,18,0.0,1,18.0,0.0,2010-01-22,2010-01-22,739.0,0.0,C,X,intermittent,slow,False,True
84497,205,387.12999963760376,38,5.394736842105263,12.885230333202705,2009-12-02,2011-11-15,19.44736842105263,5.704844928211973,C,Z,lumpy,medium,False,True
84499,326,272.170000910759,37,8.81081081081081,16.78927871827375,2009-12-16,2011-01-04,19.972972972972972,3.6310508069136542,C,Z,lumpy,medium,False,True
84507B,1369,1764.0300056934357,98,13.96938775510204,47.629466336909736,2009-12-01,2011-09-07,7.540816326530612,11.625099697532287,B,Z,lumpy,medium,False,True
84507C,437,634.6400001049042,68,6.426470588235294,15.523036493682435,2009-12-01,2011-10-25,10.867647058823529,5.83456266208089,C,Z,lumpy,medium,False,True
84508A,3809,8091.479645729065,99,38.474747474747474,88.19046450309874,2009-12-01,2011-09-21,7.4646464646464645,5.254019786419957,A,Z,lumpy,medium,False,False
84508B,353,453.75999212265015,69,5.115942028985507,21.937435256739768,2009-12-03,2011-11-27,10.710144927536232,18.387406395440244,C,Z,lumpy,medium,False,True
84508C,103,279.8199954032898,43,2.395348837209302,1.9777275907046274,2009-12-04,2011-11-17,17.186046511627907,0.6817033156933243,C,Y,lumpy,medium,False,False
84509A,1523,5897.789994955063,293,5.197952218430034,6.553917256776136,2009-12-01,2011-12-08,2.522184300341297,1.589781146345979,A,Z,lumpy,fast,False,False
84509B,649,2452.6700003147125,157,4.13375796178344,4.581310334057212,2009-12-02,2011-12-08,4.707006369426751,1.2282572441356487,B,Z,lumpy,fast,False,False
84509C,277,1085.9600007534027,86,3.2209302325581395,4.382857415486728,2009-12-04,2011-12-05,8.593023255813954,1.8516207921998966,C,Z,lumpy,medium,False,False
84509E,161,323.3599988222122,31,5.193548387096774,11.745692415629682,2010-01-11,2011-12-07,23.838709677419356,5.11480266965009,C,Z,lumpy,medium,False,True
84509F,2781,2456.0999994277954,41,67.82926829268293,415.59625253598136,2009-12-04,2010-11-10,18.024390243902438,37.541271807551134,B,Z,lumpy,medium,False,True
84509G,802,2045.4499990940094,127,6.31496062992126,12.99493233790356,2009-12-03,2011-12-08,5.818897637795276,4.23454498081677,B,Z,lumpy,fast,False,True
84509a,113,844.7400035858154,53,2.1320754716981134,1.6057317508640558,2009-12-22,2011-12-09,13.943396226415095,0.567206033843985,C,Y,lumpy,medium,False,False
84509b,5,37.30000019073486,4,1.25,0.5,2011-02-02,2011-11-13,184.75,0.16000000000000003,C,X,intermittent,slow,False,True
84509c,67,505.25999784469604,35,1.9142857142857144,1.1212238211627763,2009-12-01,2011-12-05,21.114285714285714,0.3430608153263533,C,Y,intermittent,medium,False,False
84509e,2,15.239999771118164,1,2.0,0.0,2010-07-07,2010-07-07,739.0,0.0,C,X,intermittent,slow,False,True
84509g,2,14.920000076293945,1,2.0,0.0,2011-05-10,2011-05-10,739.0,0.0,C,X,intermittent,slow,False,True
84510A,2402,3254.139990091324,328,7.323170731707317,9.551365066062326,2009-12-01,2011-12-09,2.2530487804878048,1.7011106780425593,B,Z,lumpy,fast,False,False
84510B,1181,1481.0499727725983,88,13.420454545454545,22.68967135059277,2009-12-01,2010-08-12,8.397727272727273,2.858393132850588,B,Z,lumpy,medium,False,True
84510C,274,401.58999967575073,95,2.8842105263157896,3.4667513700278745,2009-12-02,2011-12-05,7.778947368421052,1.4447459198792032,C,Z,lumpy,medium,False,False
84510E,148,117.76999951899052,28,5.285714285714286,18.64255812770805,2010-01-11,2011-12-06,26.392857142857142,12.439520601682762,C,Z,lumpy,slow,False,True
84510F,1099,432.7500116825104,35,31.4,168.56735431623903,2009-12-02,2010-10-07,21.114285714285714,28.8195798421604,C,Z,lumpy,medium,False,True
84510a,75,185.70000171661377,38,1.9736842105263157,1.3849937477712946,2010-06-24,2011-06-28,19.44736842105263,0.4924252252252253,C,Y,lumpy,medium,False,False
84510b,1,2.1500000953674316,1,1.0,0.0,2010-08-02,2010-08-02,739.0,0.0,C,X,intermittent,slow,False,True
84510c,56,138.86000108718872,27,2.074074074074074,1.491667263524686,2010-06-08,2011-12-05,27.37037037037037,0.5172439167974883,C,Y,lumpy,slow,False,True
84510e,14,35.08999991416931,6,2.3333333333333335,1.9663841605003498,2010-04-09,2011-04-15,123.16666666666667,0.7102040816326528,C,Y,lumpy,slow,False,True
84519A,1200,2788.4500122070312,160,7.5,12.551779547590883,2009-12-01,2011-12-09,4.61875,2.8008385744234805,B,Z,lumpy,fast,False,False
84519B,867,1895.3700199127197,169,5.1301775147929,8.482171812618342,2009-12-01,2011-12-09,4.372781065088757,2.7336905067565618,B,Z,lumpy,fast,False,False
84520B,7390,6321.620047211647,302,24.47019867549669,43.06339419462575,2009-12-01,2011-03-03,2.447019867549669,3.097002270334005,A,Z,lumpy,fast,False,False
84520D,700,639.470009803772,42,16.666666666666668,17.627122486511276,2009-12-02,2010-03-01,17.595238095238095,1.118575609756097,C,Z,lumpy,medium,False,True
84520b,110,257.3999984264374,7,15.714285714285714,15.052289811567825,2010-03-05,2010-09-21,105.57142857142857,0.9175206611570247,C,Y,lumpy,slow,False,True
84522,186,311.86000287532806,26,7.153846153846154,19.636073553930903,2009-12-07,2011-11-22,28.423076923076923,7.534077928084169,C,Z,lumpy,slow,False,True
84526,576,1503.6400299072266,33,17.454545454545453,77.94071902297401,2009-12-02,2010-11-18,22.393939393939394,19.93938361273872,B,Z,lumpy,medium,False,True
84527,77,146.11000180244446,21,3.6666666666666665,5.4436507357960915,2010-03-30,2011-11-25,35.19047619047619,2.2041322314049587,C,Z,lumpy,slow,False,True
84529A,329,290.7800006866455,15,21.933333333333334,71.22746928645142,2009-12-16,2010-05-11,49.266666666666666,10.545951032550379,C,Z,lumpy,slow,False,True
84529B,13,62.35000038146973,5,2.6,1.816590212458495,2010-02-14,2010-04-23,147.8,0.48816568047337267,C,Y,intermittent,slow,False,True
84529C,78,414.7400016784668,29,2.689655172413793,1.8146910062806454,2009-12-16,2010-06-04,25.482758620689655,0.45521038790269547,C,Y,intermittent,slow,False,True
84531A,193,169.3600007891655,34,5.676470588235294,6.023794174495381,2009-12-07,2011-04-21,21.735294117647058,1.126116869519377,C,Z,lumpy,medium,False,True
84531B,196,164.010000705719,35,5.6,5.902143180036134,2009-12-07,2011-04-21,21.114285714285714,1.1108193277310925,C,Z,lumpy,medium,False,True
84532B,54,417.5799922943115,27,2.0,1.0741723110591492,2009-12-02,2010-03-31,27.37037037037037,0.28846153846153844,C,Y,intermittent,slow,False,True
84533B,59,377.92999362945557,23,2.5652173913043477,1.7009646182125797,2009-12-01,2010-03-12,32.130434782608695,0.43968556579875173,C,Y,intermittent,slow,False,True
84534B,831,774.7100156545639,145,5.731034482758621,6.049856715949965,2009-12-01,2011-01-20,5.096551724137931,1.1143564596192241,C,Z,lumpy,fast,False,False
84534b,5,8.299999833106995,4,1.25,0.5,2010-06-24,2010-12-21,184.75,0.16000000000000003,C,X,intermittent,slow,False,True
84535A,1071,346.92998921871185,43,24.906976744186046,70.58018538664894,2009-12-01,2011-05-08,17.186046511627907,8.03014817297393,C,Z,lumpy,medium,False,True
84535B,2718,1747.7599458694458,249,10.91566265060241,18.208606272910224,2009-12-01,2011-12-08,2.967871485943775,2.7826154990844105,B,Z,lumpy,fast,False,False
84536A,5077,2289.729937493801,378,13.431216931216932,15.477433871861829,2009-12-01,2011-12-08,1.9550264550264551,1.3279055533788702,B,Z,lumpy,fast,False,False
84536B,3514,1561.4899615943432,274,12.824817518248175,26.0586539899661,2009-12-01,2011-12-06,2.697080291970803,4.128588228166174,B,Z,lumpy,fast,False,False
84536a,25,19.970000326633453,11,2.272727272727273,3.036145882229939,2010-03-29,2011-11-20,67.18181818181819,1.7846399999999991,C,Z,lumpy,slow,False,True
84536b,8,6.480000019073486,4,2.0,2.0,2010-06-24,2010-12-09,184.75,1.0,C,Y,lumpy,slow,False,True
84537B,117,49.13999846577644,11,10.636363636363637,7.852040846464405,2009-12-03,2010-03-15,67.18181818181819,0.5449777193366936,C,Y,lumpy,slow,False,True
84539,61,90.74999868869781,12,5.083333333333333,4.92596706395318,2009-12-07,2011-07-10,61.583333333333336,0.9390437565659279,C,Y,lumpy,slow,False,True
84546,21,34.649999499320984,3,7.0,4.58257569495584,2010-03-01,2010-07-14,246.33333333333334,0.4285714285714285,C,Y,intermittent,slow,False,True
84548,60,79.19999885559082,15,4.0,4.0,2009-12-03,2011-07-08,49.266666666666666,1.0,C,Y,lumpy,slow,False,True
84549,75,137.26999950408936,16,4.6875,5.952240474532818,2009-12-08,2011-11-08,46.1875,1.6124207407407407,C,Z,lumpy,slow,False,True
84550,15,24.74999964237213,5,3.0,2.345207879911715,2009-12-11,2011-11-25,147.8,0.6111111111111112,C,Y,lumpy,slow,False,True
84551,39,64.34999907016754,8,4.875,4.54933276112317,2009-12-08,2011-10-06,92.375,0.8708556400864093,C,Y,lumpy,slow,False,True
84555A,47,133.85000109672546,16,2.9375,3.5864327680858596,2010-02-02,2010-06-13,46.1875,1.4906292440018107,C,Z,lumpy,slow,False,True
84558A,1259,3628.1100285053253,148,8.506756756756756,25.316095985369273,2009-12-01,2011-12-05,4.993243243243243,8.85656751797491,B,Z,lumpy,fast,False,True
84558B,4,0.0,1,4.0,0.0,2009-12-22,2009-12-22,739.0,0.0,C,X,intermittent,slow,False,True
84558a,21,125.16999816894531,13,1.6153846153846154,1.938146087479026,2009-12-01,2011-12-09,56.84615384615385,1.4395313681027964,C,Z,lumpy,slow,False,True
84559A,1321,1190.1700308322906,182,7.258241758241758,9.447400951415695,2009-12-01,2011-12-09,4.06043956043956,1.6941889136255825,C,Z,lumpy,fast,False,False
84559B,1199,1065.5500297546387,150,7.993333333333333,10.241052186574539,2009-12-01,2011-11-02,4.926666666666667,1.6414713626960618,C,Z,lumpy,fast,False,False
84559D,147,126.71000349521637,30,4.9,4.4978922266722465,2009-12-01,2010-11-15,24.633333333333333,0.8426086831636241,C,Y,lumpy,medium,False,True
84559a,57,95.7000013589859,29,1.9655172413793103,1.5694120514358612,2010-02-01,2011-06-27,25.482758620689655,0.6375588093039616,C,Y,lumpy,slow,False,False
84559b,32,53.540000200271606,19,1.6842105263157894,0.9459053029269173,2010-09-28,2011-09-20,38.89473684210526,0.3154296875,C,Y,intermittent,slow,False,False
84559d,2,3.380000114440918,1,2.0,0.0,2010-10-22,2010-10-22,739.0,0.0,C,X,intermittent,slow,False,True
84562A,170,1378.2599811553955,69,2.463768115942029,2.928459292493578,2009-12-03,2011-02-20,10.710144927536232,1.4127936087929986,B,Z,lumpy,medium,False,False
84562B,10,106.58999729156494,6,1.6666666666666667,0.816496580927726,2009-12-02,2010-01-22,123.16666666666667,0.24,C,X,intermittent,slow,False,True
84563A,139,685.1499965190887,56,2.482142857142857,2.2237647964948697,2009-12-07,2011-05-17,13.196428571428571,0.8026462022010904,C,Y,lumpy,medium,False,True
84563B,128,590.0399987697601,51,2.5098039215686274,2.1942884862260734,2009-12-20,2011-06-19,14.490196078431373,0.7643774414062499,C,Y,lumpy,medium,False,True
84564,22,175.47999572753906,12,1.8333333333333333,1.5859229221975182,2009-12-08,2010-06-09,61.583333333333336,0.7483095416979716,C,Y,lumpy,slow,False,True
84567,9,14.849999785423279,1,9.0,0.0,2010-01-20,2010-01-20,739.0,0.0,C,X,intermittent,slow,False,True
84568,37066,7788.669888719916,223,166.2152466367713,361.79500982719804,2009-12-01,2011-12-09,3.31390134529148,4.737873141489307,A,Z,lumpy,fast,False,False
84569A,562,702.4199997186661,97,5.793814432989691,5.020661776453332,2009-12-02,2011-12-05,7.618556701030927,0.7509184386384844,C,Y,lumpy,medium,False,False
84569B,433,557.1800003051758,68,6.367647058823529,5.646037870468754,2009-12-04,2011-03-22,10.867647058823529,0.7861937850602658,C,Y,lumpy,medium,False,False
84569C,415,584.9299988746643,78,5.32051282051282,5.445106440574339,2009-12-02,2011-03-25,9.474358974358974,1.0473835759247285,C,Z,lumpy,medium,False,False
84569D,1023,1287.5399997234344,143,7.153846153846154,7.28814172137264,2009-12-03,2011-12-09,5.1678321678321675,1.0378974040799307,B,Z,lumpy,fast,False,False
84570B,4,19.799999237060547,2,2.0,1.4142135623730951,2009-12-15,2010-01-20,369.5,0.5000000000000001,C,Y,lumpy,slow,False,True
84572,1,8.489999771118164,1,1.0,0.0,2009-12-02,2009-12-02,739.0,0.0,C,X,intermittent,slow,False,True
84575A,24,98.79999804496765,13,1.8461538461538463,2.4781092875467863,2010-02-21,2011-04-19,56.84615384615385,1.8017939814814812,C,Z,lumpy,slow,False,True
84575B,22,23.799999237060547,4,5.5,8.34665601703261,2009-12-09,2010-05-12,184.75,2.3030303030303028,C,Z,lumpy,slow,False,True
84576,96,337.0400002002716,29,3.310344827586207,4.132652626823376,2009-12-06,2011-07-20,25.482758620689655,1.5585162450396828,C,Z,lumpy,slow,False,True
84578,222,854.9100065231323,64,3.46875,2.5817967780548887,2009-12-01,2010-04-09,11.546875,0.5539851305617072,C,Y,lumpy,medium,False,True
84580,1057,4051.940016746521,278,3.802158273381295,3.2390435729205413,2009-12-01,2011-12-08,2.658273381294964,0.725726861342729,B,Y,lumpy,fast,False,False
84581,506,1920.0200061798096,194,2.6082474226804124,2.1013526412577175,2009-12-03,2011-12-04,3.8092783505154637,0.6490831074030475,B,Y,lumpy,fast,False,False
84582,14,59.5,8,1.75,0.8864052604279183,2009-12-01,2010-03-26,92.375,0.25655976676384845,C,Y,intermittent,slow,False,True
84584,282,696.7499892711639,70,4.0285714285714285,3.472339680552992,2009-12-03,2011-07-10,10.557142857142857,0.7429203762386197,C,Y,lumpy,medium,False,False
84586L,15,44.25000071525574,8,1.875,1.1259916264596035,2009-12-06,2010-01-31,92.375,0.3606349206349208,C,Y,intermittent,slow,False,True
84592,173,536.4000072479248,47,3.6808510638297873,2.821550475542029,2009-12-06,2011-11-30,15.72340425531915,0.587596442014216,C,Y,lumpy,medium,False,False
84593,25,73.7500011920929,7,3.5714285714285716,3.3594217189442417,2009-12-06,2011-03-07,105.57142857142857,0.8847999999999998,C,Y,lumpy,slow,False,True
84595B,233,408.8999948501587,17,13.705882352941176,25.10419463426967,2009-12-15,2010-06-27,43.470588235294116,3.3548923354639064,C,Z,lumpy,slow,False,True
84595E,377,723.569992184639,43,8.767441860465116,17.62281693241589,2009-12-03,2011-08-02,17.186046511627907,4.040218661182718,C,Z,lumpy,medium,False,True
84596B,6221,4074.669920116663,368,16.904891304347824,23.6467918796755,2009-12-01,2011-12-09,2.0081521739130435,1.95667949029743,B,Z,lumpy,fast,False,False
84596E,1132,1137.8399884104729,134,8.447761194029852,13.5932132359454,2009-12-01,2011-04-01,5.514925373134329,2.589172599993784,C,Z,lumpy,fast,False,False
84596F,4720,3196.4299374222755,348,13.563218390804598,18.344887484438853,2009-12-01,2011-12-09,2.1235632183908044,1.8293828167234722,B,Z,lumpy,fast,False,False
84596G,2514,1440.7599722146988,247,10.178137651821862,22.159818791571468,2009-12-01,2011-12-08,2.9919028340080973,4.7401902123782556,B,Z,lumpy,fast,False,False
84596I,144,80.61999678611755,11,13.090909090909092,25.485111518117968,2010-01-28,2010-04-11,67.18181818181819,3.789949845679012,C,Z,lumpy,slow,False,True
84596J,880,621.7399933636189,110,8.0,15.50495629548083,2009-12-09,2011-05-23,6.718181818181818,3.7563073394495414,C,Z,lumpy,medium,False,True
84596K,623,543.4099906682968,72,8.652777777777779,25.53658503547147,2009-12-01,2010-11-16,10.26388888888889,8.70992746385794,C,Z,lumpy,medium,False,True
84596L,1536,1013.9599851369858,177,8.677966101694915,13.794894491135901,2009-12-01,2011-09-18,4.175141242937853,2.526974547993053,C,Z,lumpy,fast,False,True
84596b,10,25.09999990463257,5,2.0,1.4142135623730951,2010-06-08,2010-12-21,147.8,0.5000000000000001,C,Y,lumpy,slow,False,True
84596e,27,67.76999974250793,15,1.8,1.6987390281365427,2010-01-25,2010-12-14,49.266666666666666,0.8906525573192239,C,Y,lumpy,slow,False,True
84596f,19,46.89000058174133,12,1.5833333333333333,0.9962049198956219,2010-09-13,2011-12-05,61.583333333333336,0.39587005791991947,C,Y,intermittent,slow,False,False
84596g,5,12.400000095367432,2,2.5,0.7071067811865476,2010-11-26,2011-02-17,369.5,0.08,C,X,intermittent,slow,False,True
84596j,2,5.019999980926514,2,1.0,0.0,2010-04-09,2010-11-29,369.5,0.0,C,X,intermittent,slow,False,True
84596l,1,2.4600000381469727,1,1.0,0.0,2011-05-26,2011-05-26,739.0,0.0,C,X,intermittent,slow,False,True
84597B,216,259.37000036239624,27,8.0,6.9226495594589315,2009-12-09,2011-06-19,27.37037037037037,0.7487980769230772,C,Y,lumpy,slow,False,False
84597C,364,450.9800009727478,42,8.666666666666666,8.400541987934877,2009-12-02,2011-06-02,17.595238095238095,0.9395295136383313,C,Y,lumpy,medium,False,False
84598,20775,4350.139930129051,178,116.71348314606742,315.7946875359603,2009-12-01,2011-12-09,4.151685393258427,7.3209523356744866,A,Z,lumpy,fast,False,True
84599,15,160.14999389648438,5,3.0,1.0,2010-01-14,2010-04-23,147.8,0.1111111111111111,C,X,intermittent,slow,False,True
84600,108,918.2699766159058,49,2.204081632653061,2.532946175213878,2009-12-02,2011-12-08,15.081632653061224,1.3206768689986286,C,Z,lumpy,medium,False,False
84601A,260,638.3399958610535,15,17.333333333333332,38.475718997582774,2009-12-01,2010-07-15,49.266666666666666,4.9273034657650046,C,Z,lumpy,slow,False,True
84608,6,47.69999885559082,4,1.5,0.5773502691896257,2009-12-04,2010-01-15,184.75,0.1481481481481481,C,X,intermittent,slow,False,True
84609,143,1289.2399940490723,37,3.864864864864865,3.78712850882332,2009-12-16,2011-12-05,19.972972972972972,0.9601773517857434,B,Y,lumpy,medium,False,True
84611B,1294,41.64999866485596,5,258.8,574.7814367218203,2010-01-07,2011-02-04,147.8,4.932611637590209,C,Z,lumpy,slow,False,True
84612B,20,50.999999046325684,4,5.0,2.0,2010-01-08,2010-10-26,184.75,0.16000000000000003,C,X,intermittent,slow,False,True
84613A,22,102.3000020980835,10,2.2,0.9189365834726815,2010-02-23,2011-02-02,73.9,0.1744719926538108,C,X,intermittent,slow,False,False
84613C,62,258.0600004196167,12,5.166666666666667,9.814954576223638,2010-03-15,2010-12-08,61.583333333333336,3.608740894901144,C,Z,lumpy,slow,False,True
84614A,17,124.8299970626831,10,1.7,0.48304589153964794,2010-02-18,2010-12-03,73.9,0.08073817762399077,C,X,intermittent,slow,False,False
84614C,3,17.84999942779541,1,3.0,0.0,2010-01-05,2010-01-05,739.0,0.0,C,X,intermittent,slow,False,True
84615,240,748.4800086021423,17,14.117647058823529,22.685023564405814,2009-12-08,2010-04-12,43.470588235294116,2.581985677083334,C,Z,lumpy,slow,False,True
84616,72,1472.6200218200684,22,3.272727272727273,4.792671172707029,2009-12-16,2011-11-22,33.59090909090909,2.14454732510288,B,Z,lumpy,slow,False,True
84617,11,140.25,7,1.5714285714285714,0.7867957924694431,2009-12-07,2011-11-14,105.57142857142857,0.25068870523415976,C,Y,intermittent,slow,False,True
84619,72,1622.960018157959,18,4.0,6.202466302632697,2009-12-02,2010-03-03,41.05555555555556,2.4044117647058822,B,Z,lumpy,slow,False,True
84620,161,746.6099772453308,46,3.5,6.116462303579669,2009-12-02,2010-12-15,16.065217391304348,3.053968253968254,C,Z,lumpy,medium,False,True
84621,29,247.25999355316162,15,1.9333333333333333,1.162919151265879,2009-12-14,2010-04-23,49.266666666666666,0.3618141668082215,C,Y,intermittent,slow,False,True
84622,23,152.59999656677246,7,3.2857142857142856,2.984084768360628,2009-12-01,2010-02-01,105.57142857142857,0.8248267170762446,C,Y,lumpy,slow,False,True
84623,56,310.43999576568604,12,4.666666666666667,5.466149273372241,2009-12-02,2010-03-03,61.583333333333336,1.3719851576994433,C,Z,lumpy,slow,False,True
84625A,838,1193.0000149011612,74,11.324324324324325,12.096765228327087,2009-12-03,2011-12-07,9.986486486486486,1.1410742533153797,C,Z,lumpy,medium,False,False
84625B,180,279.0000057220459,16,11.25,10.009995004993758,2009-12-04,2010-03-24,46.1875,0.7917037037037037,C,Y,lumpy,slow,False,True
84625C,770,1024.1500178575516,63,12.222222222222221,13.579448946542577,2009-12-02,2011-10-03,11.73015873015873,1.2344228205811787,C,Z,lumpy,medium,False,False
84625D,650,793.3400161266327,42,15.476190476190476,14.43275085798572,2009-12-03,2010-11-17,17.595238095238095,0.8697012555924374,C,Y,lumpy,medium,False,False
84626,1,45.95000076293945,1,1.0,0.0,2009-12-09,2009-12-09,739.0,0.0,C,X,intermittent,slow,False,True
84627,79,297.49999046325684,19,4.157894736842105,9.552563110930182,2009-12-03,2010-09-26,38.89473684210526,5.278285175096584,C,Z,lumpy,slow,False,True
84629,44,237.8000020980835,13,3.3846153846153846,5.1726598821506,2010-02-22,2011-07-26,56.84615384615385,2.3356577134986227,C,Z,lumpy,slow,False,True
84630,2,15.899999618530273,1,2.0,0.0,2010-01-21,2010-01-21,739.0,0.0,C,X,intermittent,slow,False,True
84631,288,1106.1599922180176,43,6.6976744186046515,22.36550797196106,2009-12-16,2011-06-30,17.186046511627907,11.150888379078477,C,Z,lumpy,medium,False,True
84632,15,859.2500114440918,11,1.3636363636363635,0.9244162777371753,2010-03-11,2011-07-21,67.18181818181819,0.4595555555555555,C,Y,intermittent,slow,False,True
84637,585,1454.489995956421,94,6.223404255319149,25.960331299689894,2009-12-14,2011-09-23,7.861702127659575,17.40060850993301,B,Z,lumpy,medium,False,True
84638,400,1101.550009727478,56,7.142857142857143,23.664648410986047,2009-12-03,2011-10-20,13.196428571428571,10.976305454545454,C,Z,lumpy,medium,False,True
84648,1,12.75,1,1.0,0.0,2009-12-01,2009-12-01,739.0,0.0,C,X,intermittent,slow,False,True
84653,14,750.4800071716309,12,1.1666666666666667,0.38924947208076144,2010-01-11,2010-03-24,61.583333333333336,0.11131725417439699,C,X,intermittent,slow,False,True
84656,22,130.899995803833,13,1.6923076923076923,0.8548504142651104,2009-12-01,2010-05-20,56.84615384615385,0.2551652892561984,C,Y,intermittent,slow,False,True
84657,246,517.4799906015396,17,14.470588235294118,24.42620940470201,2009-12-18,2010-04-19,43.470588235294116,2.8493105129222025,C,Z,lumpy,slow,False,True
84658,214,1199.6599707603455,62,3.4516129032258065,3.691716111471686,2009-12-01,2011-12-06,11.919354838709678,1.14396418042094,C,Z,lumpy,medium,False,True
84659A,607,1469.5099844932556,161,3.770186335403727,5.124998106347173,2009-12-03,2011-11-21,4.590062111801243,1.8478290414684249,B,Z,lumpy,fast,False,False
84660A,875,855.2600149512291,48,18.229166666666668,33.591564026684814,2009-12-18,2011-10-03,15.395833333333334,3.3956804863221883,C,Z,lumpy,medium,False,True
84660B,745,899.4800095558167,55,13.545454545454545,26.031190822221244,2009-12-01,2011-09-01,13.436363636363636,3.6931836570591585,C,Z,lumpy,medium,False,True
84660C,726,987.9800082445145,77,9.428571428571429,21.018430866509174,2009-12-02,2011-09-08,9.597402597402597,4.969455318737616,C,Z,lumpy,medium,False,True
84660a,7,52.69999980926514,5,1.4,0.8944271909999159,2010-08-02,2011-06-21,147.8,0.4081632653061225,C,Y,intermittent,slow,False,True
84660b,7,53.179999351501465,6,1.1666666666666667,0.408248290463863,2010-06-24,2011-09-07,123.16666666666667,0.1224489795918367,C,X,intermittent,slow,False,True
84660c,31,233.979998588562,25,1.24,0.5972157622389638,2010-05-26,2011-08-11,29.56,0.23196323274366967,C,X,intermittent,slow,False,False
84661A,222,308.9899967908859,38,5.842105263157895,10.124965974689506,2009-12-07,2011-12-08,19.44736842105263,3.0036435266530233,C,Z,lumpy,medium,False,True
84661B,243,530.2199928164482,46,5.282608695652174,8.471292813518321,2009-12-16,2011-12-08,16.065217391304348,2.5715945890512777,C,Z,lumpy,medium,False,True
84661C,150,179.7499989271164,22,6.818181818181818,11.774210573623805,2009-12-04,2011-12-06,33.59090909090909,2.9821291005290997,C,Z,lumpy,slow,False,True
84661a,2,10.019999980926514,2,1.0,0.0,2010-10-15,2011-05-17,369.5,0.0,C,X,intermittent,slow,False,True
84661b,1,4.960000038146973,1,1.0,0.0,2011-10-17,2011-10-17,739.0,0.0,C,X,intermittent,slow,True,True
84661c,2,10.119999885559082,2,1.0,0.0,2010-03-05,2010-11-24,369.5,0.0,C,X,intermittent,slow,False,True
84663A,404,746.3899985551834,63,6.412698412698413,15.23539482600803,2009-12-07,2011-11-22,11.73015873015873,5.644504136216879,C,Z,lumpy,medium,False,True
84664,193,955.3499631881714,23,8.391304347826088,7.987143820112546,2009-12-09,2010-10-24,32.130434782608695,0.905991374997254,C,Y,lumpy,slow,False,True
84665,226,1364.6999578475952,35,6.457142857142857,5.756545415963504,2009-12-09,2011-11-08,21.114285714285714,0.7947729565629997,B,Y,lumpy,medium,False,False
84666,226,892.7000107765198,18,12.555555555555555,8.833240843022999,2009-12-09,2011-04-19,41.05555555555556,0.4949579173826316,C,Y,lumpy,slow,False,True
84670,8105,2128.7199746370316,129,62.82945736434109,259.8432858243301,2009-12-01,2010-12-01,5.728682170542636,17.10394853454106,B,Z,lumpy,fast,False,True
84671A,2,0.0,1,2.0,0.0,2010-01-04,2010-01-04,739.0,0.0,C,X,intermittent,slow,False,True
84671B,109,306.76999616622925,18,6.055555555555555,6.646292396094164,2009-12-01,2010-01-11,41.05555555555556,1.204622308480669,C,Z,lumpy,slow,False,True
84673A,500,314.83998823165894,86,5.813953488372093,14.956023085666441,2009-12-02,2011-11-24,8.593023255813954,6.617426823529407,C,Z,lumpy,medium,False,True
84673B,503,391.30998957157135,114,4.412280701754386,6.7006952532003305,2009-12-01,2011-12-05,6.482456140350878,2.3062876108118435,C,Z,lumpy,medium,False,False
84674,460,1175.9300146102905,95,4.842105263157895,6.715044698879577,2009-12-08,2011-12-05,7.778947368421052,1.923221755218597,C,Z,lumpy,medium,False,False
84675,208,571.7100071907043,52,4.0,6.987383588423116,2009-12-03,2011-01-17,14.211538461538462,3.051470588235294,C,Z,lumpy,medium,False,True
84676,848,2102.460019350052,77,11.012987012987013,25.650224943352175,2009-12-03,2010-08-18,9.597402597402597,5.4246547384698625,B,Z,lumpy,medium,False,True
84678,565,1108.2799875736237,73,7.739726027397261,9.681063126394221,2009-12-08,2011-03-23,10.123287671232877,1.5645697479137843,C,Z,lumpy,medium,False,False
84679,14,103.30000019073486,4,3.5,1.0,2010-03-02,2011-12-06,184.75,0.08163265306122448,C,X,intermittent,slow,False,True
84680,98,372.2999999523163,17,5.764705882352941,11.227919507664286,2009-12-03,2010-09-05,43.470588235294116,3.79353654727197,C,Z,lumpy,slow,False,True
84682,295,596.9400033950806,46,6.413043478260869,12.556673457137396,2009-12-08,2010-09-27,16.065217391304348,3.833723897985894,C,Z,lumpy,medium,False,True
84683,537,516.849992275238,43,12.488372093023257,19.248218338110767,2009-12-02,2011-05-03,17.186046511627907,2.3755786443592695,C,Z,lumpy,medium,False,True
84684,640,720.7000086307526,34,18.823529411764707,38.22142076568575,2009-12-01,2010-06-08,21.735294117647058,4.122982954545455,C,Z,lumpy,medium,False,True
84685,449,1366.169994354248,109,4.1192660550458715,9.77309683153499,2009-12-02,2011-05-22,6.779816513761468,5.628915347458411,B,Z,lumpy,medium,False,True
84686,423,1027.790004312992,69,6.130434782608695,14.739815071349975,2009-12-01,2011-07-11,10.710144927536232,5.780980658447171,C,Z,lumpy,medium,False,True
84687,314,1208.0599880218506,64,4.90625,11.761814391401431,2009-12-03,2011-11-13,11.546875,5.74710716233699,C,Z,lumpy,medium,False,True
84688,449,1313.5199975967407,69,6.507246376811594,13.64532153007008,2009-12-02,2011-05-12,10.710144927536232,4.397167877026754,B,Z,lumpy,medium,False,True
84689,317,742.8999853134155,37,8.567567567567568,18.552538820783983,2009-12-18,2011-05-04,19.972972972972972,4.68912296647173,C,Z,lumpy,medium,False,True
84690,28,214.6499948501587,15,1.8666666666666667,1.2459458063579458,2009-12-02,2010-08-15,49.266666666666666,0.44551749271137014,C,Y,intermittent,slow,False,True
84691,2832,2225.5000685453415,140,20.228571428571428,37.50747510286426,2009-12-01,2011-05-31,5.2785714285714285,3.4379949358525224,B,Z,lumpy,fast,False,False
84692,19110,9336.679774433374,495,38.60606060606061,56.15778418285663,2009-12-02,2011-12-09,1.492929292929293,2.1159672946883084,A,Z,lumpy,fast,False,False
84705A,14,65.10000133514404,7,2.0,1.0,2009-12-02,2010-04-07,105.57142857142857,0.25,C,X,intermittent,slow,False,True
84705B,84,113.27000045776367,3,28.0,29.206163733020468,2009-12-08,2009-12-23,246.33333333333334,1.0880102040816326,C,Z,lumpy,slow,False,True
84705C,170,227.33000087738037,9,18.88888888888889,38.698980750287355,2009-12-04,2011-05-03,82.11111111111111,4.1974567474048445,C,Z,lumpy,slow,False,True
84705D,22,97.9000015258789,14,1.5714285714285714,1.3985864135061359,2009-12-02,2010-07-12,52.785714285714285,0.7921169739351559,C,Y,lumpy,slow,False,True
84705F,8,37.20000076293945,5,1.6,0.5477225575051662,2009-12-02,2010-04-18,147.8,0.1171875,C,X,intermittent,slow,False,True
84705b,2,6.860000133514404,2,1.0,0.0,2009-12-01,2009-12-22,369.5,0.0,C,X,intermittent,slow,False,True
84706A,138,325.88000535964966,8,17.25,28.059884940197865,2009-12-17,2010-03-01,92.375,2.6460227443214213,C,Z,lumpy,slow,False,True
84706B,20,188.72999668121338,9,2.2222222222222223,0.97182531580755,2009-12-03,2010-02-11,82.11111111111111,0.19124999999999995,C,X,intermittent,slow,False,True
84706C,84,170.80000376701355,4,21.0,14.30617582258329,2009-12-01,2010-01-27,184.75,0.46409674981103555,C,Y,intermittent,slow,False,True
84706D,219,500.1900086402893,16,13.6875,13.98913268695859,2009-12-18,2011-05-22,46.1875,1.0445598159615792,C,Z,lumpy,slow,False,True
84706F,34,208.2999973297119,17,2.0,1.1726039399558572,2009-12-01,2011-11-27,43.470588235294116,0.3437499999999999,C,Y,intermittent,slow,False,False
84707A,125,1045.8799753189087,54,2.314814814814815,2.568488830172282,2009-12-07,2011-12-08,13.685185185185185,1.2311836981132074,C,Z,lumpy,medium,False,True
84707B,79,618.5200002193451,48,1.6458333333333333,1.9622998158731726,2009-12-08,2011-12-08,15.395833333333334,1.4215397832453205,C,Z,lumpy,medium,False,True
84708B,142,732.7899761199951,51,2.784313725490196,2.4192042120515254,2009-12-02,2011-12-07,14.490196078431373,0.7549335449315611,C,Y,lumpy,medium,False,False
84709A,63,136.84999561309814,14,4.5,10.256330127892126,2010-05-24,2010-10-26,52.785714285714285,5.194681861348529,C,Z,lumpy,slow,False,True
84709B,211,1014.4799766540527,74,2.8513513513513513,4.308902642721253,2009-12-01,2011-06-28,9.986486486486486,2.283662350505363,C,Z,lumpy,medium,False,False
84711A,42,390.9499921798706,23,1.826086956521739,0.936733876686023,2009-12-13,2011-12-04,32.130434782608695,0.26314162028447746,C,Y,intermittent,slow,False,False
84711B,39,357.7099943161011,29,1.3448275862068966,0.6138788892284813,2009-12-02,2011-12-07,25.482758620689655,0.20836855452240066,C,X,intermittent,slow,False,False
84712B,242,767.1599884033203,58,4.172413793103448,18.715916793996666,2009-12-02,2011-11-30,12.741379310344827,20.12090296775338,C,Z,lumpy,medium,False,True
84715,241,734.8900101184845,42,5.738095238095238,3.5617173427621776,2009-12-07,2011-04-13,17.595238095238095,0.3852861499982572,C,Y,intermittent,medium,False,False
84720,35,147.05000162124634,2,17.5,6.363961030678928,2010-03-03,2010-03-25,369.5,0.13224489795918365,C,X,intermittent,slow,False,True
84721,20,87.8000009059906,2,10.0,12.727922061357855,2009-12-03,2009-12-04,369.5,1.6199999999999999,C,Z,lumpy,slow,False,True
84723,61,201.2999987602234,13,4.6923076923076925,6.250128203813308,2010-01-22,2011-08-08,56.84615384615385,1.7742094419062973,C,Z,lumpy,slow,False,True
84725,134,216.4999978542328,27,4.962962962962963,10.196083265652256,2009-12-03,2011-09-22,27.37037037037037,4.220701886663125,C,Z,lumpy,slow,False,True
84726,233,394.84999454021454,4,58.25,48.59612467402451,2010-03-03,2010-08-20,184.75,0.6960034875082124,C,Y,lumpy,slow,False,True
84731,3,3.6899999380111694,3,1.0,0.0,2010-04-27,2011-07-31,246.33333333333334,0.0,C,X,intermittent,slow,False,True
84732B,28,18.479999542236328,6,4.666666666666667,7.554248252914824,2009-12-17,2011-08-18,123.16666666666667,2.6204081632653056,C,Z,lumpy,slow,False,True
84732D,15,10.889999747276306,5,3.0,3.391164991562634,2009-12-17,2011-08-18,147.8,1.2777777777777777,C,Z,lumpy,slow,False,True
84741C,193,372.1400089263916,45,4.288888888888889,3.3345452342398834,2009-12-06,2011-04-27,16.42222222222222,0.6044823656034696,C,Y,lumpy,medium,False,True
84743C,52,11.25,6,8.666666666666666,16.83646835493319,2010-03-12,2011-03-31,123.16666666666667,3.7739644970414212,C,Z,lumpy,slow,False,True
84744,149,188.7699999809265,29,5.137931034482759,5.761473880942981,2009-12-07,2011-11-15,25.482758620689655,1.2574497931238617,C,Z,lumpy,slow,False,True
84745A,72,30.239999055862427,15,4.8,2.8834503141697643,2009-12-03,2011-04-27,49.266666666666666,0.3608630952380951,C,Y,intermittent,slow,False,True
84745B,83,34.859998911619186,17,4.882352941176471,2.595244519818327,2009-12-03,2011-04-27,43.470588235294116,0.282551894324285,C,Y,intermittent,slow,False,True
84746,93,72.0600004196167,19,4.894736842105263,15.055064621589437,2009-12-07,2011-07-20,38.89473684210526,9.460335812746496,C,Z,lumpy,slow,False,True
84748,1170,1781.120027065277,69,16.956521739130434,73.25628557304199,2009-12-18,2011-11-29,10.710144927536232,18.664495107707783,B,Z,lumpy,medium,False,True
84750A,547,1189.2300164699554,68,8.044117647058824,13.228681891366485,2009-12-01,2011-03-20,10.867647058823529,2.7044335754326965,C,Z,lumpy,medium,False,True
84750B,609,1142.020007967949,67,9.08955223880597,12.714500601834422,2009-12-02,2011-04-19,11.029850746268657,1.9566521908971366,C,Z,lumpy,medium,False,False
84751B,38,115.86000019311905,18,2.111111111111111,1.278274981412284,2010-02-23,2011-04-08,41.05555555555556,0.366628645918201,C,Y,intermittent,slow,False,False
84753A,186,92.17000162601471,19,9.789473684210526,20.057082283014207,2009-12-04,2010-02-19,38.89473684210526,4.1977524697781385,C,Z,lumpy,slow,False,True
84754,2083,2634.589966773987,127,16.401574803149607,24.69440520227129,2009-12-01,2011-09-23,5.818897637795276,2.2668670098113446,B,Z,lumpy,fast,False,True
84755,40439,25205.12977874279,490,82.52857142857142,127.47176679266414,2009-12-01,2011-12-09,1.5081632653061225,2.385719363673518,A,Z,lumpy,fast,False,False
84757,11,74.74999904632568,6,1.8333333333333333,1.6020819787597222,2009-12-22,2010-06-06,123.16666666666667,0.7636363636363639,C,Y,lumpy,slow,False,True
84760L,560,896.0000133514404,1,560.0,0.0,2010-05-04,2010-05-04,739.0,0.0,C,X,intermittent,slow,False,True
84760S,224,360.2100098133087,36,6.222222222222222,5.351160681097198,2009-12-09,2011-05-19,20.52777777777778,0.7396137026239066,C,Y,lumpy,medium,False,False
84761,276,768.849986076355,53,5.2075471698113205,4.6258408406806595,2009-12-03,2010-09-16,13.943396226415095,0.7890689375212062,C,Y,lumpy,medium,False,True
84762A,66,517.4299964904785,25,2.64,2.6751946969644407,2009-12-04,2010-07-05,29.56,1.0268403734312823,C,Z,lumpy,slow,False,True
84762B,113,837.7699928283691,39,2.8974358974358974,3.5302815736430686,2009-12-04,2010-09-12,18.94871794871795,1.484536974828017,C,Z,lumpy,medium,False,True
84762C,105,761.2499904632568,37,2.8378378378378377,4.180068536875079,2009-12-07,2010-05-21,19.972972972972972,2.169659863945577,C,Z,lumpy,medium,False,True
84763,1517,1902.999983549118,144,10.534722222222221,15.23976818025898,2009-12-03,2011-05-27,5.131944444444445,2.092717201934688,B,Z,lumpy,fast,False,False
84765,9,140.22999954223633,6,1.5,0.8366600265340756,2009-12-02,2010-03-16,123.16666666666667,0.31111111111111117,C,Y,intermittent,slow,False,True
84766,200,637.9999933242798,24,8.333333333333334,9.590151953579966,2010-01-14,2011-11-03,30.791666666666668,1.3243826086956523,C,Z,lumpy,slow,False,True
84767,196,806.2199993133545,7,28.0,70.1165696061447,2009-12-01,2010-03-15,105.57142857142857,6.270833333333333,C,Z,lumpy,slow,False,True
84770,135,419.2500057220459,9,15.0,14.983324063771697,2010-02-28,2010-04-08,82.11111111111111,0.9977777777777779,C,Y,lumpy,slow,False,True
84773,193,560.500009059906,44,4.386363636363637,3.57781217473985,2009-12-01,2010-12-09,16.795454545454547,0.6653126945190345,C,Y,lumpy,medium,False,True
84782A,119,840.4499988555908,22,5.409090909090909,7.588582218476656,2009-12-01,2010-08-19,33.59090909090909,1.96821585777168,C,Z,lumpy,slow,False,True
84782B,10,127.5,6,1.6666666666666667,1.2110601416389966,2009-12-15,2010-06-06,123.16666666666667,0.5279999999999999,C,Y,lumpy,slow,False,True
84782C,74,509.8999991416931,18,4.111111111111111,3.393573318683574,2009-12-01,2010-09-06,41.05555555555556,0.6813904524556356,C,Y,lumpy,slow,False,True
84789,446,1558.390008687973,103,4.330097087378641,5.779253546878617,2009-12-06,2011-07-21,7.174757281553398,1.7813457764613616,B,Z,lumpy,medium,False,False
84791,356,1086.1300070285797,78,4.564102564102564,4.28403785615631,2009-12-01,2010-07-20,9.474358974358974,0.8810403710668828,C,Y,lumpy,medium,False,False
84792,2297,10119.510085582733,342,6.716374269005848,11.858833438013134,2009-12-01,2011-12-08,2.1608187134502925,3.117555259891072,A,Z,lumpy,fast,False,False
84795A,273,1696.0199565887451,51,5.352941176470588,9.795557216231787,2009-12-06,2010-08-12,14.490196078431373,3.3486776959304456,B,Z,lumpy,medium,False,True
84795B,298,2379.089937210083,85,3.5058823529411764,3.8098354214290344,2009-12-06,2011-11-08,8.694117647058823,1.1809125929548434,B,Z,lumpy,medium,False,False
84795C,344,2752.589930534363,85,4.047058823529412,4.793114809790386,2009-12-02,2011-02-01,8.694117647058823,1.4026736218419218,B,Z,lumpy,medium,False,True
84795D,242,1538.7899618148804,60,4.033333333333333,4.214449183571201,2009-12-04,2010-08-12,12.316666666666666,1.0918259496491747,B,Z,lumpy,medium,False,True
84795E,13,79.49999809265137,7,1.8571428571428572,1.0690449676496976,2009-12-02,2010-08-12,105.57142857142857,0.33136094674556216,C,Y,intermittent,slow,False,True
84795b,19,317.71998596191406,14,1.3571428571428572,0.744946343668492,2010-06-08,2011-11-30,52.785714285714285,0.30129980822501595,C,Y,intermittent,slow,False,False
84796A,284,2072.9500255584717,98,2.8979591836734695,6.448031420068698,2009-12-07,2011-12-02,7.540816326530612,4.950735924184575,B,Z,lumpy,medium,False,True
84796B,617,4999.790028095245,126,4.896825396825397,8.722228490544712,2010-03-05,2011-11-08,5.865079365079365,3.172675690655628,A,Z,lumpy,fast,False,True
84796a,28,234.28000259399414,16,1.75,1.6931233465600393,2010-03-29,2011-08-24,46.1875,0.9360544217687075,C,Y,lumpy,slow,False,True
84796b,2,17.119999885559082,2,1.0,0.0,2009-12-01,2010-07-26,369.5,0.0,C,X,intermittent,slow,False,True
84797A,481,3361.2500076293945,24,20.041666666666668,27.048232549613495,2010-01-29,2010-06-04,30.791666666666668,1.82142005444907,B,Z,lumpy,slow,False,True
84797B,323,1845.1999588012695,18,17.944444444444443,21.66447952761881,2009-12-14,2010-06-01,41.05555555555556,1.457593709492539,B,Z,lumpy,slow,False,True
84797a,18,198.84000778198242,8,2.25,1.2817398889233114,2009-12-01,2010-06-04,92.375,0.3245149911816578,C,Y,intermittent,slow,False,True
84797b,21,232.62000846862793,6,3.5,1.51657508881031,2009-12-01,2010-05-26,123.16666666666667,0.1877551020408163,C,X,intermittent,slow,False,True
84798A,195,432.44998383522034,10,19.5,43.86152452130835,2010-01-05,2011-09-28,73.9,5.059390751698444,C,Z,lumpy,slow,False,True
84798B,326,492.8999810218811,10,32.6,48.021291574097056,2010-01-07,2011-03-22,73.9,2.169863792807826,C,Z,lumpy,slow,False,True
84798C,18,40.79999923706055,3,6.0,2.0,2010-01-05,2010-02-04,246.33333333333334,0.1111111111111111,C,X,intermittent,slow,False,True
84799,678,528.7799949645996,29,23.379310344827587,18.842228017149306,2010-01-21,2011-04-14,25.482758620689655,0.6495328467879175,C,Y,lumpy,slow,False,False
84800L,650,970.7900089025497,38,17.105263157894736,19.429414137144228,2010-01-19,2011-06-03,19.44736842105263,1.2902084759315526,C,Z,lumpy,medium,False,True
84800M,250,357.2200050354004,26,9.615384615384615,8.480928831569916,2010-01-28,2011-08-28,28.423076923076923,0.7779532800000002,C,Y,lumpy,slow,False,False
84800S,388,292.03999304771423,18,21.555555555555557,41.722080798346944,2010-02-19,2011-09-11,41.05555555555556,3.7463942533119097,C,Z,lumpy,slow,False,True
84801A,272,427.4399938583374,15,18.133333333333333,27.357074474613032,2010-01-05,2011-11-23,49.266666666666666,2.2760616195007417,C,Z,lumpy,slow,False,True
84801B,214,344.99998474121094,17,12.588235294117647,15.827424077883819,2009-12-17,2011-04-06,43.470588235294116,1.5808504017818148,C,Z,lumpy,slow,False,True
84802A,187,312.6500105857849,25,7.48,6.7953415415758665,2009-12-11,2010-12-19,29.56,0.8253143260220959,C,Y,lumpy,slow,False,True
84802B,411,389.79000663757324,17,24.176470588235293,45.06694367010821,2009-12-02,2011-03-01,43.470588235294116,3.474804790404983,C,Z,lumpy,slow,False,True
84803A,118,189.2800064086914,17,6.9411764705882355,5.628838559544213,2010-01-07,2011-02-14,43.470588235294116,0.657614550416547,C,Y,lumpy,slow,False,False
84803B,121,70.98000240325928,13,9.307692307692308,15.494002148060472,2009-12-22,2011-08-10,56.84615384615385,2.7710425062040382,C,Z,lumpy,slow,False,True
84804A,218,396.38000321388245,17,12.823529411764707,22.672216736894207,2010-01-19,2011-12-06,43.470588235294116,3.1258837639929293,C,Z,lumpy,slow,False,True
84804B,355,501.97000193595886,19,18.68421052631579,28.608570261333593,2010-01-05,2011-12-07,38.89473684210526,2.3444598734818927,C,Z,lumpy,slow,False,True
84805A,147,212.85000228881836,8,18.375,31.676658824530627,2010-03-02,2011-12-06,92.375,2.971830520351969,C,Z,lumpy,slow,False,True
84805B,340,551.4000091552734,9,37.77777777777778,44.26278848473562,2010-01-07,2011-12-07,82.11111111111111,1.3727919550173011,C,Z,lumpy,slow,False,True
84806A,319,261.9100034236908,18,17.72222222222222,18.352129402191213,2010-01-24,2011-12-07,41.05555555555556,1.0723500335561353,C,Z,lumpy,slow,False,True
84806B,450,568.0200147628784,32,14.0625,12.492417054796391,2010-03-14,2011-12-06,23.09375,0.7891651135005974,C,Y,lumpy,medium,False,True
84807,233,215.92999947071075,7,33.285714285714285,60.9718904789037,2010-01-07,2010-05-14,105.57142857142857,3.3553942787673376,C,Z,lumpy,slow,False,True
84809A,276,474.8399877548218,19,14.526315789473685,16.473441322499923,2010-01-27,2011-06-01,38.89473684210526,1.286049557749306,C,Z,lumpy,slow,False,True
84809B,296,351.5999975204468,7,42.285714285714285,76.89324696338052,2010-01-27,2011-02-25,105.57142857142857,3.3066563184806426,C,Z,lumpy,slow,False,True
84811A,1,0.0,1,1.0,0.0,2009-12-22,2009-12-22,739.0,0.0,C,X,intermittent,slow,False,True
84813,422,3300.760002374649,82,5.146341463414634,9.566043277172058,2009-12-01,2011-12-06,9.012195121951219,3.4551546073000377,B,Z,lumpy,medium,False,True
84814A,2,1.9500000476837158,2,1.0,0.0,2010-03-26,2010-04-01,369.5,0.0,C,X,intermittent,slow,False,True
84814B,86,13.65000033378601,3,28.666666666666668,43.61574639202376,2009-12-01,2009-12-22,246.33333333333334,2.3148999459167117,C,Z,lumpy,slow,False,True
84815,926,1183.8200035095215,48,19.291666666666668,116.28101660501183,2009-12-10,2010-06-15,15.395833333333334,36.331066049066514,C,Z,lumpy,medium,False,True
84816,33,1278.350025177002,20,1.65,0.9333020044867296,2009-12-21,2011-08-19,36.95,0.3199458701851047,B,Y,intermittent,slow,False,False
84817,1059,937.4399614334106,70,15.128571428571428,30.10605477576713,2010-02-08,2011-12-08,10.557142857142857,3.9601519931156264,C,Z,lumpy,medium,False,True
84818,1788,2382.2500030994415,167,10.706586826347305,16.808385520990267,2009-12-02,2011-10-30,4.425149700598802,2.464619694488962,B,Z,lumpy,fast,False,True
84819,908,1368.2600195407867,71,12.788732394366198,28.22355424259154,2009-12-06,2011-12-09,10.408450704225352,4.870442372256399,B,Z,lumpy,medium,False,True
84820,323,899.369983792305,50,6.46,13.599534805969487,2010-01-19,2011-12-08,14.78,4.43182976302791,C,Z,lumpy,medium,False,True
84821,1318,742.500012755394,66,19.96969696969697,25.580022070700586,2009-12-22,2011-12-08,11.196969696969697,1.6408122142823869,C,Z,lumpy,medium,False,True
84823,121,1209.999984741211,17,7.117647058823529,7.809308171512189,2010-04-26,2011-02-07,43.470588235294116,1.2037941397445528,C,Z,lumpy,slow,False,True
84824,38,676.4499921798706,29,1.3103448275862069,0.7608007189732063,2009-12-14,2011-11-20,25.482758620689655,0.3371092204194697,C,Y,intermittent,slow,False,True
84826,14274,869.0800131857395,45,317.2,1864.041389025469,2009-12-06,2011-12-07,16.42222222222222,34.53382986217677,C,Z,lumpy,medium,False,True
84827,1027,489.78998389840126,26,39.5,32.56777548436491,2009-12-08,2011-12-05,28.423076923076923,0.6798013138920045,C,Y,lumpy,slow,False,True
84828,2503,3315.179984807968,248,10.09274193548387,13.283405210630786,2009-12-02,2011-12-09,2.9798387096774195,1.7322098524981318,B,Z,lumpy,fast,False,False
84830,117,1195.1500053405762,8,14.625,34.545777083251636,2009-12-05,2010-03-07,92.375,5.579537271844964,C,Z,lumpy,slow,False,True
84832,6805,6134.700150251389,355,19.169014084507044,23.01165629189718,2009-12-01,2011-12-09,2.0816901408450703,1.4411069225146225,A,Z,lumpy,fast,False,False
84836,19847,24289.32974779606,532,37.306390977443606,54.5409374450382,2009-12-01,2011-12-08,1.3890977443609023,2.137365139615046,A,Z,lumpy,fast,False,False
84837,252,3210.0400009155273,107,2.3551401869158877,2.31586951944742,2009-12-01,2010-08-12,6.906542056074766,0.9669291371335395,B,Y,lumpy,medium,False,False
84838,50,312.5,3,16.666666666666668,24.54248017893329,2009-12-18,2010-01-12,246.33333333333334,2.1683999999999997,C,Z,lumpy,slow,False,True
84839,1523,8747.050137519836,187,8.144385026737968,21.94802041239712,2009-12-01,2010-10-26,3.9518716577540105,7.262298862055319,A,Z,lumpy,fast,False,False
84840,285,2430.8200006484985,98,2.9081632653061225,2.178085486256399,2010-05-02,2011-03-25,7.540816326530612,0.5609346571347884,B,Y,lumpy,medium,False,False
84842,1505,744.1500196456909,34,44.26470588235294,171.48395257080125,2009-12-07,2011-11-27,21.735294117647058,15.008310444095038,C,Z,lumpy,medium,False,True
84843,280,1731.059970855713,97,2.88659793814433,4.6072322870763776,2009-12-07,2011-12-07,7.618556701030927,2.547461468962584,B,Z,lumpy,medium,False,False
84845A,1,1.25,1,1.0,0.0,2009-12-06,2009-12-06,739.0,0.0,C,X,intermittent,slow,False,True
84845C,84,52.5,16,5.25,6.97137002317335,2009-12-06,2010-08-18,46.1875,1.7632653061224486,C,Z,lumpy,slow,False,True
84845D,44,51.25,11,4.0,5.495452665613634,2009-12-06,2010-10-21,67.18181818181819,1.8874999999999995,C,Z,lumpy,slow,False,True
84846A,251,567.5499792098999,51,4.921568627450981,4.590612757595229,2009-12-04,2011-10-10,14.490196078431373,0.8700299995238169,C,Y,lumpy,medium,False,False
84847,2333,1149.7300283908844,47,49.638297872340424,227.46040510975084,2009-12-14,2011-08-03,15.72340425531915,20.997996300669843,C,Z,lumpy,medium,False,True
84849A,470,833.5700209140778,95,4.947368421052632,10.536025756697859,2009-12-08,2011-11-24,7.778947368421052,4.535290831511322,C,Z,lumpy,medium,False,True
84849B,1936,3244.14009642601,216,8.962962962962964,16.800568055692956,2009-12-01,2011-07-20,3.4212962962962963,3.5135385974080413,B,Z,lumpy,fast,False,False
84849D,1659,2618.2700803279877,204,8.132352941176471,17.402993127788495,2010-01-14,2011-12-01,3.622549019607843,4.579472550455568,B,Z,lumpy,fast,False,False
84854,521,2079.469962120056,78,6.67948717948718,16.679946424392757,2009-12-01,2010-12-01,9.474358974358974,6.2359562770259735,B,Z,lumpy,medium,False,True
84855,61,196.6999921798706,13,4.6923076923076925,6.250128203813308,2009-12-01,2010-07-11,56.84615384615385,1.7742094419062973,C,Z,lumpy,slow,False,True
84856L,238,1492.2799739837646,66,3.606060606060606,5.772291340477135,2009-12-17,2011-03-18,11.196969696969697,2.562302749153961,B,Z,lumpy,medium,False,True
84856S,476,1877.2099843025208,30,15.866666666666667,38.81230993253107,2009-12-14,2011-03-30,24.633333333333333,5.983669329800884,B,Z,lumpy,medium,False,True
84857A,14,68.0,3,4.666666666666667,5.507570547286102,2010-02-03,2010-05-21,246.33333333333334,1.3928571428571426,C,Z,lumpy,slow,False,True
84857B,48,46.80000114440918,2,24.0,0.0,2011-07-04,2011-07-21,369.5,0.0,C,X,intermittent,slow,False,True
84857C,221,445.0300085544586,16,13.8125,14.297872802157203,2010-06-16,2011-07-04,46.1875,1.0715150522443575,C,Z,lumpy,slow,False,True
84858A,54,128.82999801635742,9,6.0,13.143439428094915,2009-12-04,2010-09-16,82.11111111111111,4.798611111111111,C,Z,lumpy,slow,False,True
84858B,566,430.9999990463257,8,70.75,79.9727632206294,2010-04-28,2010-06-02,92.375,1.2777071222550622,C,Z,lumpy,slow,False,True
84858C,393,611.0699939727783,29,13.551724137931034,30.544564874127012,2009-12-18,2011-04-13,25.482758620689655,5.08017625790483,C,Z,lumpy,slow,False,True
84859A,293,613.5300054550171,54,5.425925925925926,8.667009346555329,2009-12-11,2011-12-08,13.685185185185185,2.5514720119595684,C,Z,lumpy,medium,False,True
84859B,282,433.4600021839142,18,15.666666666666666,46.427679370874294,2010-02-03,2011-12-08,41.05555555555556,8.782147897638009,C,Z,lumpy,slow,False,True
84859C,304,552.7200026512146,35,8.685714285714285,17.686437855984835,2009-12-11,2011-12-05,21.114285714285714,4.146385397995764,C,Z,lumpy,medium,False,True
84864A,7,67.70999908447266,4,1.75,0.9574271077563381,2010-02-08,2010-08-19,184.75,0.2993197278911565,C,Y,intermittent,slow,False,True
84865,77,639.4199967384338,43,1.7906976744186047,1.684073003944161,2009-12-22,2011-07-01,17.186046511627907,0.8844581516195613,C,Y,lumpy,medium,False,False
84867A,16,105.81999683380127,3,5.333333333333333,5.8594652770823155,2010-01-07,2010-03-09,246.33333333333334,1.2070312500000002,C,Z,lumpy,slow,False,True
84867a,1,13.569999694824219,1,1.0,0.0,2010-05-05,2010-05-05,739.0,0.0,C,X,intermittent,slow,False,True
84867b,2,27.139999389648438,1,2.0,0.0,2010-01-25,2010-01-25,739.0,0.0,C,X,intermittent,slow,False,True
84868A,2,13.899999618530273,2,1.0,0.0,2010-01-26,2010-01-31,369.5,0.0,C,X,intermittent,slow,False,True
84868B,5,34.749999046325684,4,1.25,0.5,2010-01-26,2010-05-09,184.75,0.16000000000000003,C,X,intermittent,slow,False,True
84869,302,703.5400106906891,24,12.583333333333334,20.742555849952673,2009-12-09,2010-04-23,30.791666666666668,2.7172721257458194,C,Z,lumpy,slow,False,True
84870B,90,322.610000371933,38,2.3684210526315788,2.1361882272514072,2009-12-07,2011-11-24,19.44736842105263,0.8135068401735069,C,Y,lumpy,medium,False,False
84870C,93,330.36000061035156,36,2.5833333333333335,2.2087488378200515,2009-12-14,2011-10-30,20.52777777777778,0.7310242307120557,C,Y,lumpy,medium,False,True
84872A,181,1983.5400648117065,76,2.3815789473684212,1.9041505911256624,2010-03-05,2011-07-26,9.723684210526315,0.6392527700619637,B,Y,lumpy,medium,False,True
84872a,58,636.4700155258179,22,2.6363636363636362,2.752409412815902,2009-12-01,2011-04-26,33.59090909090909,1.0899722552516848,C,Z,lumpy,slow,False,False
84873A,47,394.15001678466797,16,2.9375,2.7439327008268015,2010-03-05,2011-06-01,46.1875,0.87255168251094,C,Y,lumpy,slow,False,True
84873a,88,973.3600368499756,11,8.0,8.209750300709517,2009-12-01,2010-06-04,67.18181818181819,1.053125,C,Z,lumpy,slow,False,True
84874B,86,141.75999808311462,34,2.5294117647058822,2.642717771395829,2009-12-02,2011-08-02,21.735294117647058,1.0915974236688137,C,Z,lumpy,medium,False,True
84875A,16,60.0,12,1.3333333333333333,0.6513389472789296,2009-12-02,2010-11-30,61.583333333333336,0.23863636363636367,C,X,intermittent,slow,False,True
84875B,373,511.01000022888184,24,15.541666666666666,28.414599992849155,2010-04-18,2011-12-06,30.791666666666668,3.342626970840637,C,Z,lumpy,slow,False,True
84875D,504,483.75,22,22.90909090909091,37.3170573674127,2009-12-03,2011-09-23,33.59090909090909,2.65337766499898,C,Z,lumpy,slow,False,True
84876B,410,488.3100004196167,38,10.789473684210526,15.900293886008866,2009-12-10,2011-12-05,19.44736842105263,2.1717497628502986,C,Z,lumpy,medium,False,False
84876C,7,26.25,3,2.3333333333333335,2.3094010767585034,2009-12-13,2010-03-07,246.33333333333334,0.9795918367346941,C,Y,lumpy,slow,False,True
84876D,331,600.5199999809265,32,10.34375,12.167140769964364,2009-12-16,2011-09-11,23.09375,1.383633392032896,C,Z,lumpy,medium,False,False
84877A,74,185.6599998474121,17,4.352941176470588,6.304176953324164,2009-12-17,2011-06-13,43.470588235294116,2.097447954711469,C,Z,lumpy,slow,False,True
84877B,291,504.4299969673157,40,7.275,9.945975864511029,2009-12-01,2011-11-30,18.475,1.86908394369336,C,Z,lumpy,medium,False,False
84877C,1,0.0,1,1.0,0.0,2010-01-04,2010-01-04,739.0,0.0,C,X,intermittent,slow,False,True
84877D,161,371.84999537467957,39,4.128205128205129,7.134716780346819,2009-12-09,2011-09-25,18.94871794871795,2.9869705319198614,C,Z,lumpy,medium,False,True
84879,80090,129324.49410796165,582,137.61168384879724,240.5221666174181,2009-12-01,2011-12-09,1.2697594501718212,3.054918275491885,A,Z,erratic,fast,False,False
84880,1729,9894.989712715149,244,7.086065573770492,15.192752309183243,2009-12-03,2011-12-07,3.028688524590164,4.59687380093659,A,Z,lumpy,fast,False,False
84881,52,342.93999576568604,24,2.1666666666666665,0.9168313422570846,2010-01-28,2011-07-17,30.791666666666668,0.17905839979418578,C,X,intermittent,slow,False,False
84882,66,289.42999935150146,34,1.9411764705882353,1.0714243272982744,2009-12-03,2011-11-30,21.735294117647058,0.30464423852853606,C,Y,intermittent,medium,False,False
84884A,1708,6248.280069351196,236,7.237288135593221,20.62602279753138,2009-12-01,2011-12-06,3.1313559322033897,8.122304373097824,A,Z,lumpy,fast,False,False
84884a,49,410.89000606536865,29,1.6896551724137931,1.2277577784569627,2010-02-19,2011-12-07,25.482758620689655,0.5279942880942463,C,Y,lumpy,slow,False,True
84886,24,119.39999771118164,10,2.4,3.4058772731852804,2010-01-28,2010-07-01,73.9,2.0138888888888893,C,Z,lumpy,slow,False,True
84891B,27,87.4499979019165,6,4.5,5.75325994545701,2010-05-19,2010-11-18,123.16666666666667,1.6345679012345682,C,Z,lumpy,slow,False,True
84893,33,186.3499937057495,15,2.2,2.274077520980446,2009-12-06,2010-03-01,49.266666666666666,1.0684769775678864,C,Z,lumpy,slow,False,True
84898F,165,352.74998474121094,44,3.75,2.8540057528339533,2009-12-01,2011-03-24,16.795454545454547,0.5792248062015503,C,Y,lumpy,medium,False,False
84899A,1,0.0,1,1.0,0.0,2009-12-22,2009-12-22,739.0,0.0,C,X,intermittent,slow,False,True
84899E,53,73.92999982833862,18,2.9444444444444446,3.171049598406742,2009-12-01,2010-05-06,41.05555555555556,1.159843360626558,C,Z,lumpy,slow,False,True
84899F,121,192.16999912261963,46,2.630434782608696,2.8933540371930055,2009-12-01,2010-11-26,16.065217391304348,1.2098961060644005,C,Z,lumpy,medium,False,False
84901,123,471.1300024986267,62,1.9838709677419355,1.348854225178783,2009-12-01,2010-10-20,11.919354838709678,0.4622779614441487,C,Y,intermittent,medium,False,False
84902,84,326.3300042152405,42,2.0,1.514160799528659,2009-12-01,2010-07-04,17.595238095238095,0.573170731707317,C,Y,lumpy,medium,False,True
84905,269,1007.9099860191345,83,3.2409638554216866,5.533909572554853,2009-12-16,2011-06-29,8.903614457831326,2.9155180950795163,C,Z,lumpy,medium,False,True
84906,73,307.46999335289,23,3.1739130434782608,2.1669453555438456,2009-12-03,2011-05-26,32.130434782608695,0.4661287295927942,C,Y,intermittent,slow,False,True
84907,391,999.1700162887573,33,11.848484848484848,35.80251493621049,2009-12-02,2011-09-21,22.393939393939394,9.130644504549288,C,Z,lumpy,medium,False,True
84908A,432,1045.160011291504,34,12.705882352941176,45.13047039737975,2010-02-07,2010-11-12,21.735294117647058,12.61624345304901,C,Z,lumpy,medium,False,True
84908B,435,1052.2900104522705,32,13.59375,46.41388792091743,2010-03-02,2010-11-18,23.09375,11.657819885014858,C,Z,lumpy,medium,False,True
84909A,209,2797.550003051758,14,14.928571428571429,23.292337088256453,2009-12-09,2010-03-24,52.785714285714285,2.4343870684842734,B,Z,lumpy,slow,False,True
84910A,432,1230.3899750709534,51,8.470588235294118,41.76331066435058,2009-12-01,2011-07-20,14.490196078431373,24.30875385802469,B,Z,lumpy,medium,False,True
84912A,1166,2996.43998336792,182,6.406593406593407,44.58389026547521,2009-12-03,2011-09-23,4.06043956043956,48.428564645633685,B,Z,lumpy,fast,False,True
84912B,1125,3072.639983654022,199,5.653266331658291,42.40801545263266,2009-12-01,2011-12-05,3.71356783919598,56.27260327123086,B,Z,lumpy,fast,False,True
84912a,2,15.5600004196167,1,2.0,0.0,2009-12-22,2009-12-22,739.0,0.0,C,X,intermittent,slow,False,True
84913A,608,2211.5399713516235,195,3.117948717948718,2.5305221125896242,2009-12-09,2011-11-07,3.7897435897435896,0.6586919221824405,B,Y,lumpy,fast,False,False
84913B,420,1593.2899856567383,154,2.727272727272727,2.0620211142130644,2009-12-02,2011-12-02,4.798701298701299,0.5716485112563545,B,Y,lumpy,fast,False,False
84914A,14,155.70000457763672,6,2.3333333333333335,2.8047578623950176,2010-04-07,2010-06-09,123.16666666666667,1.4448979591836735,C,Z,lumpy,slow,False,True
84915,234,459.5599994659424,34,6.882352941176471,18.397570172044297,2010-03-30,2011-12-06,21.735294117647058,7.145737453429757,C,Z,lumpy,medium,False,True
84916,261,646.4299917221069,51,5.117647058823529,14.389783957827206,2009-12-04,2011-05-04,14.490196078431373,7.906201611837762,C,Z,lumpy,medium,False,True
84917,230,686.0299921035767,46,5.0,8.453795991545258,2010-01-07,2011-06-03,16.065217391304348,2.8586666666666667,C,Z,lumpy,medium,False,True
84918,217,995.1199808120728,52,4.173076923076923,7.1337946172444315,2009-12-06,2010-09-27,14.211538461538462,2.9223243928164386,C,Z,lumpy,medium,False,True
84919,291,1619.8399591445923,39,7.461538461538462,26.33873089082447,2009-12-09,2011-09-21,18.94871794871795,12.460427026754894,B,Z,lumpy,medium,False,True
84920,201,805.3799986839294,75,2.68,1.717635080647304,2009-12-01,2011-12-08,9.853333333333333,0.4107638491688391,C,Y,intermittent,medium,False,False
84921,78,101.25,18,4.333333333333333,7.8665337310137105,2009-12-13,2011-10-19,41.05555555555556,3.29550991994431,C,Z,lumpy,slow,False,True
84922,733,808.2200002670288,19,38.578947368421055,95.63083869726081,2009-12-03,2011-12-02,38.89473684210526,6.14462214727807,C,Z,lumpy,slow,False,True
84923,234,1017.6400184631348,115,2.034782608695652,1.3950440776700415,2010-02-04,2011-12-09,6.426086956521739,0.47004542000043553,C,Y,intermittent,medium,False,False
84924A,133,571.0,55,2.418181818181818,2.06102194258369,2009-12-04,2011-12-02,13.436363636363636,0.7264192226598242,C,Y,lumpy,medium,False,False
84924D,1136,272.60999965667725,16,71.0,149.33898798817856,2009-12-04,2010-11-11,46.1875,4.424148647755076,C,Z,lumpy,slow,False,True
84924F,975,274.55000030994415,10,97.5,201.5993000428766,2009-12-22,2011-07-29,73.9,4.275321791219227,C,Z,lumpy,slow,False,True
84925A,195,339.29000544548035,19,10.263157894736842,32.611930511638015,2009-12-02,2010-04-01,38.89473684210526,10.09696836876324,C,Z,lumpy,slow,False,True
84925C,28,71.39999866485596,10,2.8,2.485513584307633,2009-12-02,2010-05-11,73.9,0.7879818594104309,C,Y,lumpy,slow,False,True
84925D,858,677.450014591217,27,31.77777777777778,99.08633893783018,2009-12-07,2011-06-23,27.37037037037037,9.722557431809713,C,Z,lumpy,slow,False,True
84925E,75,130.0500032901764,3,25.0,40.70626487409524,2009-12-02,2010-01-12,246.33333333333334,2.6512,C,Z,lumpy,slow,False,True
84925F,729,873.1100177764893,35,20.82857142857143,52.752744960241984,2010-01-12,2011-07-31,21.114285714285714,6.414623304429675,C,Z,lumpy,medium,False,True
84926A,664,293.07999524474144,49,13.551020408163266,14.755029120735122,2010-03-03,2011-12-01,15.081632653061224,1.1855944107756322,C,Z,lumpy,medium,False,True
84926B,69,67.5,10,6.9,8.412292592787454,2009-12-02,2010-04-18,73.9,1.4863824126584047,C,Z,lumpy,slow,False,True
84926C,142,189.59999918937683,23,6.173913043478261,4.9050268641006864,2009-12-01,2010-08-12,32.130434782608695,0.6311924041045249,C,Y,lumpy,slow,False,True
84926D,773,365.34999364614487,45,17.177777777777777,21.880137203418172,2009-12-04,2011-12-07,16.42222222222222,1.6224305735484275,C,Z,lumpy,medium,False,False
84926E,1081,471.5699912905693,46,23.5,28.714494984627926,2009-12-04,2011-12-06,16.065217391304348,1.4930234897640966,C,Z,lumpy,medium,False,True
84926F,484,277.8999966979027,40,12.1,17.778985001745955,2009-12-04,2011-12-06,18.475,2.1589529929124214,C,Z,lumpy,medium,False,True
84927A,226,157.60999524593353,33,6.848484848484849,16.946830847021978,2010-02-03,2011-08-09,22.393939393939394,6.123334589631135,C,Z,lumpy,medium,False,True
84927C,2,0.0,1,2.0,0.0,2009-12-22,2009-12-22,739.0,0.0,C,X,intermittent,slow,False,True
84927D,953,211.28999316692352,27,35.2962962962963,114.36440234713127,2010-04-18,2011-07-25,27.37037037037037,10.498408236599555,C,Z,lumpy,slow,False,True
84927E,494,224.30999183654785,29,17.03448275862069,48.63602629931018,2010-02-02,2011-07-18,25.482758620689655,8.15188918262645,C,Z,lumpy,slow,False,True
84927F,335,273.31999123096466,60,5.583333333333333,7.401996218764156,2009-12-16,2011-12-07,12.316666666666666,1.7575617988982484,C,Z,lumpy,medium,False,True
84928,1,0.0,1,1.0,0.0,2009-12-22,2009-12-22,739.0,0.0,C,X,intermittent,slow,False,True
84929,3696,1007.5200083255768,83,44.53012048192771,81.84463826910068,2009-12-01,2011-11-24,8.903614457831326,3.378101751770385,C,Z,lumpy,medium,False,False
84931A,204,513.6899918317795,73,2.7945205479452055,2.1341073082308073,2009-12-01,2011-11-30,10.123287671232877,0.583200505147593,C,Y,lumpy,medium,False,False
84931B,274,688.7299877405167,73,3.7534246575342465,4.1892084306578345,2009-12-14,2011-12-05,10.123287671232877,1.2456858531502895,C,Z,lumpy,medium,False,True
84932A,264,602.6000118255615,24,11.0,16.102929790137164,2009-12-04,2010-06-30,30.791666666666668,2.14301113905857,C,Z,lumpy,slow,False,True
84932B,189,401.3000087738037,16,11.8125,18.508444018879597,2009-12-04,2010-04-26,46.1875,2.455026455026455,C,Z,lumpy,slow,False,True
84932C,282,615.4000129699707,30,9.4,7.416663437943247,2009-12-04,2010-06-30,24.633333333333333,0.6225316495215497,C,Y,lumpy,medium,False,True
84932D,241,574.7100098133087,19,12.68421052631579,18.929848950441993,2009-12-04,2010-06-30,38.89473684210526,2.2272420317219828,C,Z,lumpy,slow,False,True
84933A,131,314.3499870300293,6,21.833333333333332,36.7826952066684,2009-12-01,2010-02-01,123.16666666666667,2.8382262105937883,C,Z,lumpy,slow,False,True
84933B,136,309.149986743927,5,27.2,40.19577092182709,2009-12-01,2010-01-22,147.8,2.183850562283738,C,Z,lumpy,slow,False,True
84933C,140,316.99998664855957,5,28.0,38.632887544163715,2009-12-04,2010-01-22,147.8,1.9036989795918366,C,Z,lumpy,slow,False,True
84934,687,586.500016450882,12,57.25,72.79750869863112,2009-12-01,2010-04-09,61.583333333333336,1.6168958708574659,C,Z,lumpy,slow,False,True
84937,2545,5394.539928436279,78,32.62820512820513,78.82515732877054,2009-12-01,2010-05-12,9.474358974358974,5.836376827845596,A,Z,lumpy,medium,False,True
84940,10,0.0,1,10.0,0.0,2009-12-22,2009-12-22,739.0,0.0,C,X,intermittent,slow,False,True
84942,3,5.070000171661377,3,1.0,0.0,2009-12-16,2010-01-24,246.33333333333334,0.0,C,X,intermittent,slow,False,True
84944,1860,3153.879998087883,124,15.0,50.736045780720964,2009-12-01,2011-11-04,5.959677419354839,11.440650406504059,B,Z,lumpy,fast,False,True
84945,21607,17746.71054792404,339,63.73746312684366,91.1802888329037,2009-12-04,2011-12-09,2.1799410029498527,2.0465029721833337,A,Z,lumpy,fast,False,False
84946,36696,49210.399185061455,539,68.08163265306122,74.08866897300787,2009-12-01,2011-12-09,1.3710575139146568,1.1842507306502683,A,Z,lumpy,fast,False,False
84947,15834,18744.169517993927,376,42.111702127659576,60.33854066317565,2009-12-02,2011-12-09,1.9654255319148937,2.052976665109682,A,Z,lumpy,fast,False,False
84948,273,459.20999360084534,28,9.75,7.471550981829281,2009-12-01,2010-05-11,26.392857142857142,0.5872354932183993,C,Y,lumpy,slow,False,True
84949,11945,19015.800134897232,385,31.025974025974026,49.24830105624362,2009-12-01,2011-12-08,1.9194805194805196,2.5196003318223497,A,Z,lumpy,fast,False,False
84950,6041,4199.270021915436,216,27.96759259259259,124.29433883248802,2009-12-01,2011-12-08,3.4212962962962963,19.751156394878716,B,Z,lumpy,fast,False,True
84951A,622,848.7600048184395,101,6.158415841584159,9.128781598074658,2009-12-01,2011-12-05,7.316831683168317,2.197291177717351,C,Z,lumpy,medium,False,False
84951B,565,802.7300027608871,87,6.494252873563219,9.373234485811667,2009-12-10,2011-12-08,8.494252873563218,2.0831501437893736,C,Z,lumpy,medium,False,True
84951b,10,51.260000228881836,4,2.5,1.9148542155126762,2009-12-01,2010-03-05,184.75,0.5866666666666668,C,Y,lumpy,slow,False,True
84952A,148,392.5299993753433,35,4.228571428571429,4.7655980075692375,2009-12-06,2011-11-14,21.114285714285714,1.2701279379538513,C,Z,lumpy,medium,False,True
84952B,364,615.4899997711182,36,10.11111111111111,19.817420587204552,2009-12-01,2011-12-06,20.52777777777778,3.8414615212103445,C,Z,lumpy,medium,False,True
84952C,393,705.0099997520447,34,11.558823529411764,21.406868306578314,2009-12-02,2011-10-11,21.735294117647058,3.4298806490403715,C,Z,lumpy,medium,False,True
84962,3,179.85000228881836,2,1.5,0.7071067811865476,2010-02-22,2010-05-19,369.5,0.22222222222222227,C,X,intermittent,slow,False,True
84963A,23,763.3500099182129,9,2.5555555555555554,2.4037008503093262,2010-02-02,2010-12-05,82.11111111111111,0.8846880907372402,C,Y,lumpy,slow,False,True
84963B,18,591.5000076293945,6,3.0,2.756809750418044,2010-05-19,2011-08-04,123.16666666666667,0.8444444444444443,C,Y,lumpy,slow,False,True
84964A,12,630.0,2,6.0,5.656854249492381,2010-02-22,2010-11-02,369.5,0.8888888888888891,C,Y,lumpy,slow,False,True
84964B,17,990.0,2,8.5,10.606601717798213,2010-02-22,2010-11-02,369.5,1.5570934256055367,C,Z,lumpy,slow,False,True
84965A,20,1050.0,3,6.666666666666667,7.371114795831994,2010-02-22,2010-11-02,246.33333333333334,1.2224999999999997,C,Z,lumpy,slow,False,True
84965B,27,1359.9499969482422,4,6.75,6.946221994724902,2010-02-22,2010-11-02,184.75,1.0589849108367626,B,Z,lumpy,slow,False,True
84966A,13,225.95000076293945,4,3.25,3.304037933599835,2010-01-19,2010-11-02,184.75,1.0335305719921104,C,Z,lumpy,slow,False,True
84966B,33,428.0,4,8.25,7.544313531837517,2010-01-19,2010-11-02,184.75,0.8362411998775635,C,Y,lumpy,slow,False,True
84966C,39,276.0,3,13.0,7.937253933193772,2010-09-03,2010-11-02,246.33333333333334,0.37278106508875747,C,Y,intermittent,slow,False,True
84967A,3,174.89999389648438,3,1.0,0.0,2010-02-02,2010-10-24,246.33333333333334,0.0,C,X,intermittent,slow,False,True
84967B,24,1249.449966430664,11,2.1818181818181817,1.6011359603844901,2010-01-06,2010-11-02,67.18181818181819,0.5385416666666668,B,Y,lumpy,slow,False,True
84967C,9,419.84999084472656,4,2.25,2.5,2010-05-19,2010-10-11,184.75,1.234567901234568,C,Z,lumpy,slow,False,True
84968A,529,6538.079991579056,152,3.4802631578947367,4.530939108155447,2009-12-03,2011-12-04,4.8618421052631575,1.6949320156756003,A,Z,lumpy,fast,False,True
84968B,430,5681.410027503967,93,4.623655913978495,5.987149242688957,2009-12-01,2011-04-06,7.946236559139785,1.676753239118678,A,Z,lumpy,medium,False,True
84968C,637,7629.2499742507935,147,4.333333333333333,9.67791818815498,2009-12-01,2011-11-23,5.0272108843537415,4.987922509524194,A,Z,lumpy,fast,False,True
84968D,952,5393.709972381592,86,11.069767441860465,53.003837973728665,2009-12-08,2011-12-08,8.593023255813954,22.926493746287445,A,Z,lumpy,medium,False,True
84968E,389,4490.4799728393555,83,4.686746987951807,10.082498372685425,2009-12-02,2011-12-07,8.903614457831326,4.627999499045883,A,Z,lumpy,medium,False,True
84968F,298,3571.770006418228,97,3.0721649484536084,3.623555524505629,2009-12-01,2011-11-13,7.618556701030927,1.391171850367101,B,Z,lumpy,medium,False,True
84968a,6,150.81999588012695,4,1.5,1.0,2010-07-07,2011-10-31,184.75,0.4444444444444444,C,Y,intermittent,slow,False,True
84968b,2,50.97999954223633,2,1.0,0.0,2010-07-30,2010-11-01,369.5,0.0,C,X,intermittent,slow,False,True
84968d,4,100.36999702453613,4,1.0,0.0,2010-06-08,2011-10-04,184.75,0.0,C,X,intermittent,slow,False,True
84968e,16,404.12999153137207,12,1.3333333333333333,0.6513389472789296,2010-06-08,2011-12-09,61.583333333333336,0.23863636363636367,C,X,intermittent,slow,False,True
84968f,2,50.97999954223633,2,1.0,0.0,2010-10-04,2010-12-21,369.5,0.0,C,X,intermittent,slow,False,True
84969,970,4279.930003166199,244,3.9754098360655736,3.570485125143927,2009-12-02,2011-12-06,3.028688524590164,0.8066602198140558,B,Y,lumpy,fast,False,False
84970L,17400,17177.040010631084,474,36.70886075949367,52.27803824593224,2009-12-01,2011-12-09,1.5590717299578059,2.0281344920599436,A,Z,lumpy,fast,False,False
84970S,26444,21794.26030933857,520,50.853846153846156,61.43901988451109,2009-12-01,2011-12-09,1.4211538461538462,1.459623840260594,A,Z,lumpy,fast,False,False
84970l,233,487.1399917602539,47,4.957446808510638,7.700811495376739,2010-05-26,2011-12-07,15.72340425531915,2.4129974284165168,C,Z,lumpy,medium,False,False
84970s,373,784.040002822876,64,5.828125,5.254037563082864,2010-06-04,2011-12-09,11.546875,0.8126969523658929,C,Y,lumpy,medium,False,False
84971L,588,723.5099904537201,43,13.674418604651162,23.642899800224487,2009-12-01,2011-11-24,17.186046511627907,2.9893980186826914,C,Z,lumpy,medium,False,True
84971S,6489,5493.310104966164,315,20.6,32.36031224999532,2009-12-02,2011-12-09,2.346031746031746,2.4676920749297695,A,Z,lumpy,fast,False,False
84971l,2,4.920000076293945,1,2.0,0.0,2011-11-25,2011-11-25,739.0,0.0,C,X,intermittent,slow,True,True
84971s,6,9.959999799728394,3,2.0,1.7320508075688772,2010-05-26,2010-10-28,246.33333333333334,0.7499999999999999,C,Y,lumpy,slow,False,True
84972L,238,462.15000557899475,33,7.212121212121212,20.380379007389646,2009-12-09,2010-07-14,22.393939393939394,7.985433143845776,C,Z,lumpy,medium,False,True
84974,89,879.5499830245972,53,1.679245283018868,1.2053340568818443,2010-01-06,2011-11-01,13.943396226415095,0.5152127256659511,C,Y,lumpy,medium,False,False
84975,2180,3266.4000952243805,141,15.460992907801419,28.52981341146147,2009-12-01,2010-12-08,5.24113475177305,3.405046920653625,B,Z,lumpy,fast,False,False
84976,674,722.7600181102753,51,13.215686274509803,25.207390761830304,2009-12-09,2011-12-08,14.490196078431373,3.6381143621939085,C,Z,lumpy,medium,False,True
84977,304,281.32999992370605,43,7.069767441860465,11.578706541869185,2009-12-01,2011-03-22,17.186046511627907,2.6823153690146415,C,Z,lumpy,medium,False,True
84978,21689,28475.959525346756,527,41.15559772296015,45.20450449026611,2009-12-04,2011-12-09,1.4022770398481974,1.2064396419420231,A,Z,lumpy,fast,False,False
84984A,266,462.1200032234192,16,16.625,36.698546746885405,2010-01-08,2011-11-08,46.1875,4.8727533118510555,C,Z,lumpy,slow,False,True
84984B,393,541.3000030517578,17,23.11764705882353,49.09160105473895,2010-01-08,2011-11-08,43.470588235294116,4.509486950384916,C,Z,lumpy,slow,False,True
84984C,232,401.1600012779236,16,14.5,33.44448135841447,2009-12-09,2010-11-14,46.1875,5.320015854141892,C,Z,lumpy,slow,False,True
84984D,159,404.9100031852722,20,7.95,21.8667616065547,2009-12-01,2011-11-08,36.95,7.565448568615082,C,Z,lumpy,slow,False,True
84985A,644,1018.130028963089,120,5.366666666666666,7.82468978989731,2009-12-01,2011-03-01,6.158333333333333,2.1258127879831368,C,Z,lumpy,fast,False,False
84985B,128,194.96000576019287,23,5.565217391304348,8.061277176931714,2009-12-01,2010-03-07,32.130434782608695,2.0981833718039775,C,Z,lumpy,slow,False,True
84985a,10,29.800000190734863,8,1.25,0.4629100498862757,2010-06-24,2010-11-17,92.375,0.13714285714285715,C,X,intermittent,slow,False,True
84985b,1,2.9800000190734863,1,1.0,0.0,2010-05-26,2010-05-26,739.0,0.0,C,X,intermittent,slow,False,True
84986A,11,0.0,1,11.0,0.0,2009-12-22,2009-12-22,739.0,0.0,C,X,intermittent,slow,False,True
84986B,470,639.0600199699402,57,8.24561403508772,8.46480254970627,2009-12-01,2010-10-13,12.964912280701755,1.0538714997089826,C,Z,lumpy,medium,False,False
84986b,6,17.880000114440918,5,1.2,0.4472135954999579,2010-05-26,2010-08-06,147.8,0.1388888888888889,C,X,intermittent,slow,False,True
84987,8138,11864.150295257568,438,18.579908675799086,33.79818632143806,2009-12-01,2011-12-05,1.687214611872146,3.30902190079018,A,Z,lumpy,fast,False,False
84988,11305,12913.240305304527,479,23.60125260960334,139.29557417906494,2009-12-01,2011-12-08,1.5427974947807934,34.83409478059095,A,Z,lumpy,fast,False,True
84989A,2121,1093.4200021028519,126,16.833333333333332,65.70378984503103,2009-12-02,2011-12-05,5.865079365079365,15.234934614253515,C,Z,lumpy,fast,False,True
84989B,1009,510.1499989628792,48,21.020833333333332,32.29682125411985,2009-12-03,2010-08-08,15.395833333333334,2.360585320647166,C,Z,lumpy,medium,False,False
84989a,74,150.57000017166138,39,1.8974358974358974,1.2522584186574732,2010-06-04,2011-08-24,18.94871794871795,0.4355657221944562,C,Y,intermittent,medium,False,True
84989b,10,12.799999713897705,4,2.5,3.0,2010-01-25,2010-06-24,184.75,1.44,C,Z,lumpy,slow,False,True
84990,4732,2062.1899957060814,140,33.8,82.82148610808115,2009-12-01,2011-05-19,5.2785714285714285,6.00416526132758,B,Z,lumpy,fast,False,False
84991,54028,27041.21013867855,559,96.65116279069767,136.04037573195194,2009-12-01,2011-12-09,1.3220035778175314,1.9811687950233503,A,Z,lumpy,fast,False,False
84992,34797,17259.850087851286,518,67.17567567567568,131.88459152108618,2009-12-01,2011-12-08,1.4266409266409266,3.8544643240683003,A,Z,lumpy,fast,False,False
84993A,1471,648.6099801361561,151,9.741721854304636,11.345168473060204,2009-12-03,2011-12-09,4.894039735099338,1.3562834052964148,C,Z,lumpy,fast,False,False
84993B,551,243.6599925160408,76,7.25,10.522515542080864,2009-12-03,2011-08-08,9.723684210526315,2.106508125247721,C,Z,lumpy,medium,False,False
84993a,51,42.70999991893768,28,1.8214285714285714,1.1239339452243238,2010-01-25,2011-12-05,26.392857142857142,0.38076523274524043,C,Y,intermittent,slow,False,False
84993b,20,16.990000426769257,6,3.3333333333333335,2.065591117977289,2010-01-25,2010-04-26,123.16666666666667,0.38399999999999984,C,Y,intermittent,slow,False,True
84997A,5186,19400.70021891594,345,15.031884057971014,27.201158986687975,2009-12-01,2011-12-09,2.1420289855072463,3.27452253056062,A,Z,lumpy,fast,False,False
84997B,9257,34488.070362091064,466,19.86480686695279,32.741164213397184,2009-12-01,2011-12-09,1.5858369098712446,2.716561503467685,A,Z,lumpy,fast,False,False
84997C,8798,32740.360322713852,457,19.25164113785558,39.88228460846038,2009-12-01,2011-12-09,1.6170678336980306,4.291652423251343,A,Z,lumpy,fast,False,False
84997D,10653,39875.140438079834,476,22.380252100840337,43.359310889109125,2009-12-01,2011-12-09,1.5525210084033614,3.7534859456537264,A,Z,lumpy,fast,False,False
84997a,178,1481.7800121307373,58,3.0689655172413794,2.9845336346461124,2010-04-26,2011-12-09,12.741379310344827,0.945733858696735,B,Y,lumpy,medium,False,False
84997b,514,4322.570045471191,81,6.345679012345679,4.863539076195339,2010-06-24,2011-12-09,9.123456790123457,0.5874198511711003,B,Y,lumpy,medium,False,True
84997c,353,2958.8700094223022,75,4.706666666666667,3.352180949339865,2010-08-31,2011-12-09,9.853333333333333,0.5072569700726576,B,Y,lumpy,medium,False,False
84997d,371,3097.3800077438354,80,4.6375,3.1391515019028207,2010-02-19,2011-12-09,9.2375,0.45820171149695155,B,Y,intermittent,medium,False,True
85006,3049,1289.3100135326385,37,82.4054054054054,329.0219901009201,2009-12-01,2011-04-27,19.972972972972972,15.941840115211132,B,Z,lumpy,medium,False,True
85007,143,399.62000250816345,15,9.533333333333333,8.98305282714279,2009-12-02,2010-03-02,49.266666666666666,0.8878883354407829,C,Y,lumpy,slow,False,True
85008,270,1058.719967842102,87,3.103448275862069,4.526496881435173,2009-12-01,2011-04-21,8.494252873563218,2.127332759115705,C,Z,lumpy,medium,False,False
85014A,4623,21797.57946395874,372,12.42741935483871,53.53435656105228,2009-12-01,2011-12-06,1.9865591397849462,18.556807698833158,A,Z,lumpy,fast,False,True
85014B,6155,30776.579201698303,422,14.585308056872037,53.32841886549302,2009-12-01,2011-12-09,1.7511848341232228,13.368608413418805,A,Z,lumpy,fast,False,True
85014C,550,2270.729962348938,46,11.956521739130435,36.5823008338666,2009-12-01,2010-06-11,16.065217391304348,9.36121711662075,B,Z,lumpy,medium,False,True
85014D,1919,6664.44993686676,49,39.16326530612245,128.78556902508777,2009-12-01,2010-04-01,15.081632653061224,10.81375716971604,A,Z,lumpy,medium,False,True
85014a,33,416.120005607605,25,1.32,0.47609522856952335,2010-06-24,2011-11-29,29.56,0.13008876645240283,C,X,intermittent,slow,False,False
85014b,39,491.42000579833984,29,1.3448275862068966,0.7688517444384895,2009-12-01,2011-12-08,25.482758620689655,0.3268526345449422,C,Y,intermittent,slow,False,False
85015,2908,2749.99992787838,197,14.761421319796954,29.001212747516025,2009-12-01,2011-12-08,3.751269035532995,3.8598992270460633,B,Z,lumpy,fast,False,False
85016,1684,2033.3299556970596,132,12.757575757575758,36.78348476327515,2009-12-01,2011-05-31,5.598484848484849,8.313222980001655,B,Z,lumpy,fast,False,True
85017A,1157,792.1500074267387,124,9.330645161290322,29.36612776215115,2009-12-01,2011-04-03,5.959677419354839,9.905354437950601,C,Z,lumpy,fast,False,True
85017B,2242,1390.3900020718575,236,9.5,23.520294541504978,2009-12-02,2011-11-08,3.1313559322033897,6.129687039547355,B,Z,lumpy,fast,False,False
85017C,1101,719.6700055599213,95,11.589473684210526,33.18949293390013,2009-12-01,2011-05-18,7.778947368421052,8.20113209930935,C,Z,lumpy,medium,False,True
85018A,15,63.75,10,1.5,1.0801234497346435,2009-12-16,2010-08-13,73.9,0.5185185185185187,C,Y,lumpy,slow,False,True
85018B,15,63.75,10,1.5,1.5811388300841898,2009-12-16,2010-11-03,73.9,1.1111111111111112,C,Z,lumpy,slow,False,True
85018C,45,127.20000314712524,7,6.428571428571429,10.42204622994197,2009-12-09,2010-12-09,105.57142857142857,2.6283127572016456,C,Z,lumpy,slow,False,True
85018D,787,969.9000036716461,50,15.74,22.016515136949135,2009-12-02,2011-01-14,14.78,1.9565353560458723,C,Z,lumpy,medium,False,True
85019A,647,915.0400009155273,48,13.479166666666666,22.72217923259154,2010-01-05,2011-12-08,15.395833333333334,2.8416715278356297,C,Z,lumpy,medium,False,False
85019B,733,982.4700002670288,46,15.934782608695652,23.32133231748997,2010-03-18,2011-12-08,16.065217391304348,2.1419751546912162,C,Z,lumpy,medium,False,True
85019C,423,651.1900005340576,25,16.92,30.18266610711077,2009-12-04,2011-06-09,29.56,3.182104819975147,C,Z,lumpy,slow,False,True
85020,240,533.4799795150757,56,4.285714285714286,6.5691130872627514,2009-12-04,2011-12-05,13.196428571428571,2.349454545454546,C,Z,lumpy,medium,False,False
85023A,26,56.09999895095825,11,2.3636363636363638,1.5666989036012806,2009-12-04,2010-04-19,67.18181818181819,0.43934911242603547,C,Y,intermittent,slow,False,True
85023B,293,682.3499791622162,37,7.918918918918919,16.037072291652482,2009-12-03,2011-12-05,19.972972972972972,4.101270188871677,C,Z,lumpy,medium,False,True
85023C,23,58.649998903274536,10,2.3,1.0593499054713802,2010-01-18,2010-06-06,73.9,0.2121403066582651,C,X,intermittent,slow,False,True
85024A,1,1.649999976158142,1,1.0,0.0,2009-12-04,2009-12-04,739.0,0.0,C,X,intermittent,slow,False,True
85024B,794,330.9000051021576,21,37.80952380952381,127.09351637578492,2010-01-19,2011-12-05,35.19047619047619,11.299113629297821,C,Z,lumpy,slow,False,True
85024C,99,163.34999763965607,41,2.4146341463414633,2.21331888525013,2009-12-04,2011-11-22,18.024390243902438,0.8402050811141721,C,Y,lumpy,medium,False,True
85025A,5,0.0,1,5.0,0.0,2009-12-22,2009-12-22,739.0,0.0,C,X,intermittent,slow,False,True
85025B,570,985.3999950885773,87,6.551724137931035,15.95688859096317,2009-12-07,2011-12-08,8.494252873563218,5.9317825162661855,C,Z,lumpy,medium,False,True
85025C,864,1285.9099898338318,109,7.926605504587156,20.426791785054487,2009-12-02,2011-08-24,6.779816513761468,6.640883094707362,B,Z,lumpy,medium,False,False
85026B,397,367.5499994754791,30,13.233333333333333,27.330270363846008,2009-12-01,2011-12-08,24.633333333333333,4.265297732647422,C,Z,lumpy,medium,False,True
85027L,198,538.5000023841858,37,5.351351351351352,6.575274460753273,2010-01-17,2011-04-20,19.972972972972972,1.5097354011495427,C,Z,lumpy,medium,False,True
85028L,286,654.0100054740906,26,11.0,28.315366852647344,2009-12-01,2011-04-08,28.423076923076923,6.626115702479337,C,Z,lumpy,slow,False,True
85028S,459,656.819995880127,31,14.806451612903226,28.027866317694986,2009-12-01,2011-04-08,23.838709677419356,3.583258101110211,C,Z,lumpy,medium,False,True
85030,211,531.4500052928925,24,8.791666666666666,14.717570589535866,2009-12-15,2011-04-08,30.791666666666668,2.8023980866869875,C,Z,lumpy,slow,False,True
85031A,477,943.4399871826172,82,5.817073170731708,14.812513936050529,2009-12-01,2011-04-13,9.012195121951219,6.484081882602512,C,Z,lumpy,medium,False,True
85031B,500,896.0899901390076,67,7.462686567164179,16.857988267601044,2009-12-01,2010-12-16,11.029850746268657,5.102947393939394,C,Z,lumpy,medium,False,True
85031C,486,1017.4799890518188,83,5.855421686746988,14.610497838065248,2009-12-01,2010-12-16,8.903614457831326,6.226065351264698,C,Z,lumpy,medium,False,True
85032A,1441,1323.5099532604218,120,12.008333333333333,26.90990128400411,2009-12-02,2011-12-08,6.158333333333333,5.021792221770286,B,Z,lumpy,fast,False,True
85032B,982,953.3399660587311,116,8.46551724137931,16.069647886882766,2010-01-22,2011-12-08,6.370689655172414,3.603343996055448,C,Z,lumpy,medium,False,False
85032C,886,946.5899686813354,118,7.508474576271187,15.910403929779708,2009-12-04,2011-12-09,6.262711864406779,4.4901306917215225,C,Z,lumpy,fast,False,False
85032D,1319,1327.6799663305283,102,12.931372549019608,24.62441025234258,2009-12-02,2011-10-06,7.245098039215686,3.626122140448094,B,Z,lumpy,medium,False,False
85033G,236,376.05000710487366,14,16.857142857142858,16.142905766726344,2009-12-01,2010-09-21,52.785714285714285,0.9170552228581531,C,Y,lumpy,slow,False,True
85033S,259,317.35000228881836,30,8.633333333333333,10.433643636823613,2009-12-01,2010-11-11,24.633333333333333,1.4605451258360322,C,Z,lumpy,medium,False,True
85034A,870,2364.8199911117554,104,8.365384615384615,14.659936616445775,2009-12-01,2011-11-25,7.105769230769231,3.0710886895576874,B,Z,lumpy,medium,False,True
85034B,1183,2606.639984369278,99,11.94949494949495,14.507122625978532,2009-12-01,2011-12-08,7.4646464646464645,1.4738845422019267,B,Z,lumpy,medium,False,True
85034C,1314,2604.149991750717,113,11.628318584070797,16.765288699670887,2009-12-04,2011-12-07,6.539823008849558,2.078682832744727,B,Z,lumpy,medium,False,True
85034a,3,24.869999885559082,3,1.0,0.0,2011-05-23,2011-11-08,246.33333333333334,0.0,C,X,intermittent,slow,False,True
85034b,1,8.289999961853027,1,1.0,0.0,2011-11-25,2011-11-25,739.0,0.0,C,X,intermittent,slow,True,True
85035A,646,2344.8999948501587,141,4.581560283687943,6.778280469230689,2009-12-02,2011-10-26,5.24113475177305,2.1888311426900895,B,Z,lumpy,fast,False,True
85035B,986,2539.2899839878082,106,9.30188679245283,32.88715766470632,2009-12-06,2011-10-27,6.971698113207547,12.500016359624908,B,Z,lumpy,medium,False,True
85035C,1356,2693.849996328354,131,10.351145038167939,31.7470588980901,2009-12-02,2011-11-27,5.641221374045801,9.40654652058638,B,Z,lumpy,fast,False,True
85035a,3,25.410000801086426,3,1.0,0.0,2010-11-24,2010-12-21,246.33333333333334,0.0,C,X,intermittent,slow,False,True
85035b,6,50.82000160217285,5,1.2,0.4472135954999579,2010-02-19,2010-12-21,147.8,0.1388888888888889,C,X,intermittent,slow,False,True
85035c,2,16.940000534057617,2,1.0,0.0,2010-11-24,2010-12-07,369.5,0.0,C,X,intermittent,slow,False,True
85036A,619,2389.209988594055,140,4.421428571428572,6.109395826836069,2009-12-03,2011-10-31,5.2785714285714285,1.909287376407449,B,Z,lumpy,fast,False,False
85036B,598,1530.159990787506,72,8.305555555555555,14.13380613081094,2009-12-01,2011-11-17,10.26388888888889,2.895882155270973,B,Z,lumpy,medium,False,True
85036C,878,1629.019998550415,100,8.78,23.520710839254804,2009-12-01,2011-11-23,7.39,7.1764861948599075,B,Z,lumpy,medium,False,True
85036a,2,16.579999923706055,1,2.0,0.0,2011-07-12,2011-07-12,739.0,0.0,C,X,intermittent,slow,False,True
85036b,2,16.940000534057617,2,1.0,0.0,2010-10-22,2010-12-03,369.5,0.0,C,X,intermittent,slow,False,True
85038,2778,5803.579910993576,244,11.385245901639344,21.420326764657805,2009-12-01,2011-12-09,3.028688524590164,3.539707313775668,A,Z,lumpy,fast,False,True
85039A,1448,1661.3699885606766,184,7.869565217391305,16.220285074478895,2009-12-01,2011-12-09,4.016304347826087,4.248303035246328,B,Z,lumpy,fast,False,True
85039B,1653,2178.5199852585793,192,8.609375,16.90374708684191,2009-12-02,2011-12-09,3.8489583333333335,3.8549852675022596,B,Z,lumpy,fast,False,True
85039C,536,516.3099902868271,100,5.36,12.453160728152998,2009-12-03,2011-12-08,7.39,5.397959321438937,C,Z,lumpy,medium,False,True
85039a,64,212.4499957561493,36,1.7777777777777777,1.6580730831921582,2010-02-19,2011-12-08,20.52777777777778,0.8698660714285716,C,Y,lumpy,medium,False,True
85039b,4,13.4399995803833,1,4.0,0.0,2010-02-19,2010-02-19,739.0,0.0,C,X,intermittent,slow,False,True
85040A,2065,3639.889960050583,277,7.4548736462093865,8.92169760292484,2009-12-03,2011-12-09,2.667870036101083,1.43223546661086,B,Z,lumpy,fast,False,False
85040B,2654,3813.780041694641,186,14.268817204301076,35.147915946044215,2009-12-01,2011-04-10,3.9731182795698925,6.06768755797865,B,Z,lumpy,fast,False,False
85040a,51,169.74999833106995,29,1.7586206896551724,1.4797483476638158,2009-12-01,2011-11-30,25.482758620689655,0.7079969242599001,C,Y,lumpy,slow,False,False
85040b,7,23.519999265670776,3,2.3333333333333335,1.5275252316519465,2010-04-26,2010-06-24,246.33333333333334,0.4285714285714285,C,Y,intermittent,slow,False,True
85041,1865,2489.870057940483,63,29.603174603174605,105.66311952838144,2009-12-01,2010-07-16,11.73015873015873,12.740025091589404,B,Z,lumpy,medium,False,True
85042,2695,12234.559799194336,171,15.760233918128655,22.770100311159258,2009-12-01,2010-11-16,4.321637426900585,2.0873946664177576,A,Z,lumpy,fast,False,False
85043,2,4.949999809265137,2,1.0,0.0,2010-01-04,2010-01-26,369.5,0.0,C,X,intermittent,slow,False,True
85044,152,801.3999910354614,34,4.470588235294118,6.026382874708896,2009-12-01,2010-12-01,21.735294117647058,1.8171220515403332,C,Z,lumpy,medium,False,True
85045,493,2239.3399600982666,65,7.584615384615384,15.754852732265848,2009-12-01,2011-11-22,11.36923076923077,4.314808947989912,B,Z,lumpy,medium,False,True
85047,1055,6664.330006122589,143,7.3776223776223775,8.219526900991045,2009-12-01,2011-01-27,5.1678321678321675,1.24125439142345,A,Z,lumpy,fast,False,False
85048,2685,21201.129439353943,197,13.629441624365482,14.928050100018647,2009-12-01,2011-12-09,3.751269035532995,1.1996375194169093,A,Z,lumpy,fast,False,True
85049A,6151,8114.77996134758,268,22.95149253731343,32.65541173170206,2009-12-01,2011-12-09,2.7574626865671643,2.024363330081168,A,Z,lumpy,fast,False,True
85049B,2131,2653.2999906539917,210,10.147619047619047,13.601017378482355,2009-12-01,2011-09-16,3.519047619047619,1.7964472987157374,B,Z,lumpy,fast,False,False
85049C,2982,3746.289991378784,340,8.770588235294118,11.294672809393264,2009-12-01,2011-12-09,2.1735294117647057,1.6584021989657833,B,Z,lumpy,fast,False,False
85049D,2332,2922.959991455078,260,8.96923076923077,13.145128998774277,2009-12-01,2011-10-06,2.8423076923076924,2.147925967790689,B,Z,lumpy,fast,False,False
85049E,6316,8453.469979047775,386,16.362694300518136,21.640943806261905,2009-12-01,2011-12-09,1.9145077720207253,1.749213261805786,A,Z,lumpy,fast,False,False
85049F,2110,2633.9999916553497,225,9.377777777777778,13.536143562317985,2009-12-02,2011-09-26,3.2844444444444445,2.0834833260868875,B,Z,lumpy,fast,False,False
85049G,3829,4718.619959592819,306,12.513071895424837,20.379067347215745,2009-12-01,2011-12-09,2.415032679738562,2.652410444252185,A,Z,lumpy,fast,False,False
85049H,2066,2067.1799904704094,240,8.608333333333333,13.514471297431259,2009-12-01,2011-12-09,3.0791666666666666,2.4646767571092423,B,Z,lumpy,fast,False,False
85049a,434,1451.2399611473083,45,9.644444444444444,13.606742238443202,2010-08-13,2011-12-09,16.42222222222222,1.9904619685354037,B,Z,lumpy,medium,False,True
85049b,4,9.940000057220459,3,1.3333333333333333,0.5773502691896257,2010-06-24,2011-09-20,246.33333333333334,0.18749999999999997,C,X,intermittent,slow,False,True
85049c,1,2.4600000381469727,1,1.0,0.0,2011-11-23,2011-11-23,739.0,0.0,C,X,intermittent,slow,True,True
85049d,2,4.920000076293945,2,1.0,0.0,2011-03-29,2011-05-10,369.5,0.0,C,X,intermittent,slow,False,True
85049e,269,893.249977350235,52,5.173076923076923,6.112414733664575,2010-06-24,2011-12-09,14.211538461538462,1.3961360943266212,C,Z,lumpy,medium,False,True
85049g,115,281.4400041103363,52,2.2115384615384617,1.4731124640790456,2010-11-30,2011-12-09,14.211538461538462,0.4436932428926201,C,Y,intermittent,medium,False,False
85050,96,100.79999542236328,1,96.0,0.0,2010-05-11,2010-05-11,739.0,0.0,C,X,intermittent,slow,False,True
85053,2037,4363.27992105484,236,8.63135593220339,12.298577666612891,2009-12-01,2011-12-09,3.1313559322033897,2.0302603077669708,A,Z,lumpy,fast,False,False
85054,943,2495.0200181007385,172,5.482558139534884,6.83598479770799,2009-12-01,2011-11-28,4.296511627906977,1.5546609311481627,B,Z,lumpy,fast,False,False
85055,359,1442.9399991035461,93,3.860215053763441,4.400077563173726,2009-12-01,2011-01-18,7.946236559139785,1.29926477508912,B,Z,lumpy,medium,False,False
85059,701,2399.8899948596954,167,4.197604790419161,4.801153878575446,2009-12-01,2011-12-09,4.425149700598802,1.3082422097644943,B,Z,lumpy,fast,False,True
85060,1448,1745.6199679374695,66,21.939393939393938,34.580064860854236,2009-12-04,2010-07-26,11.196969696969697,2.4842903616636107,B,Z,lumpy,medium,False,True
85061W,6306,5451.490082979202,317,19.892744479495267,43.712465031036245,2009-12-01,2011-12-08,2.331230283911672,4.828599525804427,A,Z,lumpy,fast,False,False
85062,3886,6363.279996871948,257,15.120622568093385,20.319062468797497,2009-12-10,2011-12-07,2.875486381322957,1.8057930831184914,A,Z,lumpy,fast,False,False
85063,308,5426.740124702454,122,2.5245901639344264,2.1750391456688107,2009-12-01,2010-11-18,6.057377049180328,0.7422537213779031,A,Y,lumpy,fast,False,False
85064,1597,7493.060037612915,152,10.506578947368421,42.49752571068285,2009-12-01,2011-01-27,4.8618421052631575,16.360803711527286,A,Z,lumpy,fast,False,True
85065,653,7524.439949989319,160,4.08125,5.992628464367676,2009-12-02,2010-10-29,4.61875,2.1559977752484403,A,Z,lumpy,fast,False,False
85066,3095,38599.979667663574,456,6.787280701754386,13.096293094190642,2009-12-01,2011-12-09,1.6206140350877194,3.7231038523357953,A,Z,lumpy,fast,False,False
85067,496,8201.990248680115,132,3.757575757575758,12.056559591885666,2009-12-01,2011-01-13,5.598484848484849,10.295117403150343,A,Z,lumpy,fast,False,False
85068,960,6647.239825248718,119,8.067226890756302,24.144245583307573,2009-12-01,2010-11-15,6.2100840336134455,8.957333340689734,A,Z,lumpy,fast,False,True
85069,3,50.85000228881836,1,3.0,0.0,2009-12-11,2009-12-11,739.0,0.0,C,X,intermittent,slow,False,True
85070,6,320.0,4,1.5,1.0,2010-01-22,2010-07-26,184.75,0.4444444444444444,C,Y,intermittent,slow,False,True
85071A,1907,1415.6900035738945,107,17.822429906542055,30.728209976818924,2009-12-01,2011-12-06,6.906542056074766,2.9726288814390935,B,Z,lumpy,medium,False,False
85071B,2340,1316.4799869656563,124,18.870967741935484,30.462283154596612,2009-12-01,2011-12-08,5.959677419354839,2.605772862550014,B,Z,lumpy,fast,False,False
85071C,1285,837.2299854159355,116,11.077586206896552,30.902976038498007,2009-12-06,2011-12-09,6.370689655172414,7.782342379537721,C,Z,lumpy,fast,False,True
85071D,884,548.8599899411201,92,9.608695652173912,31.855772682906863,2009-12-01,2011-12-06,8.032608695652174,10.99125824524567,C,Z,lumpy,medium,False,True
85072,120,66.00000143051147,1,120.0,0.0,2009-12-10,2009-12-10,739.0,0.0,C,X,intermittent,slow,False,True
85077,1,5.949999809265137,1,1.0,0.0,2009-12-22,2009-12-22,739.0,0.0,C,X,intermittent,slow,False,True
85078,4558,1052.0199828147888,124,36.75806451612903,207.18376317427163,2009-12-03,2011-11-02,5.959677419354839,31.769191521922696,C,Z,lumpy,fast,False,True
85079,23,32.24999916553497,7,3.2857142857142856,2.0586634591635513,2009-12-03,2009-12-23,105.57142857142857,0.3925645872715818,C,Y,intermittent,slow,False,True
85080,119,55.75999864935875,21,5.666666666666667,4.509249752822894,2009-12-02,2010-09-29,35.19047619047619,0.6332179930795847,C,Y,lumpy,slow,False,True
85081,104,46.16999867558479,18,5.777777777777778,4.008161608159554,2009-12-09,2010-10-07,41.05555555555556,0.4812478245736165,C,Y,intermittent,slow,False,True
85083,12,12.749999761581421,3,4.0,2.6457513110645907,2009-12-03,2009-12-22,246.33333333333334,0.43750000000000006,C,Y,intermittent,slow,False,True
85084,707,681.40001475811,51,13.862745098039216,28.427465316375383,2009-12-08,2010-12-21,14.490196078431373,4.2051142645078805,C,Z,lumpy,medium,False,True
85086A,593,568.7300059199333,121,4.900826446280992,4.921728962261274,2009-12-01,2011-08-12,6.107438016528926,1.0085483915305697,C,Z,lumpy,fast,False,False
85087,420,1392.6399896144867,109,3.853211009174312,3.787957741740398,2009-12-04,2011-10-07,6.779816513761468,0.9664172335600911,B,Y,lumpy,medium,False,True
85088,347,723.8499819040298,70,4.957142857142857,7.7841081405973185,2009-12-02,2011-11-30,10.557142857142857,2.4657829877178274,C,Z,lumpy,medium,False,True
85089,99,317.54000091552734,27,3.6666666666666665,2.7174648819470297,2009-12-02,2011-11-17,27.37037037037037,0.5492689129052766,C,Y,lumpy,slow,False,True
85090,106,559.28000831604,43,2.4651162790697674,1.7368394559316824,2009-12-01,2010-11-24,17.186046511627907,0.49641458577022834,C,Y,lumpy,medium,False,True
85091,343,548.8099985122681,17,20.176470588235293,63.17261599589419,2009-12-14,2010-08-15,43.470588235294116,9.803187872400107,C,Z,lumpy,slow,False,True
85092,391,622.569995880127,23,17.0,51.13973726245303,2010-01-11,2011-02-20,32.130434782608695,9.04938659955961,C,Z,lumpy,slow,False,True
85093,1361,1091.2099875211716,112,12.151785714285714,22.923377980650194,2009-12-07,2011-11-03,6.598214285714286,3.5585823952224818,C,Z,lumpy,medium,False,True
85094,760,360.9899962544441,82,9.268292682926829,16.063953036925202,2009-12-15,2011-12-09,9.012195121951219,3.0040376526110606,C,Z,lumpy,medium,False,True
85095,174,259.0900009870529,40,4.35,4.843975904574936,2010-08-19,2011-12-05,18.475,1.2400107049334168,C,Z,lumpy,medium,False,True
85096,212,676.9199981689453,65,3.2615384615384615,6.177774991544595,2009-12-04,2011-12-05,11.36923076923077,3.587725141286933,C,Z,lumpy,medium,False,True
85097B,123,417.17000007629395,34,3.6176470588235294,3.7740317311889933,2009-12-02,2010-08-09,21.735294117647058,1.0883252513234667,C,Z,lumpy,medium,False,True
85098A,1,0.0,1,1.0,0.0,2009-12-22,2009-12-22,739.0,0.0,C,X,intermittent,slow,False,True
85098B,366,1456.940004825592,82,4.463414634146342,5.7094141922397466,2009-12-02,2010-11-18,9.012195121951219,1.636246137943213,B,Z,lumpy,medium,False,False
85099B,96764,180569.33858394623,590,164.00677966101694,181.81838534942477,2009-12-01,2011-12-09,1.2525423728813558,1.2290003060377004,A,Z,erratic,fast,False,False
85099C,30640,59057.60975980759,560,54.714285714285715,71.84452361682546,2009-12-01,2011-12-09,1.3196428571428571,1.724192973656518,A,Z,erratic,fast,False,False
85099F,36964,67985.76953601837,548,67.45255474452554,112.099718653364,2009-12-01,2011-12-08,1.3485401459854014,2.76192727605479,A,Z,lumpy,fast,False,False
85099b,419,2111.639976978302,10,41.9,48.34700955936503,2010-06-04,2010-10-15,73.9,1.3314080765849667,B,Z,lumpy,slow,False,True
85099c,17,85.16999912261963,4,4.25,4.573474244670748,2010-06-24,2010-07-26,184.75,1.1580161476355249,C,Z,lumpy,slow,False,True
85099f,201,1016.3599891662598,23,8.73913043478261,8.329669813953382,2010-07-26,2011-01-11,32.130434782608695,0.9084878637117442,C,Y,lumpy,slow,False,True
85103,317,2153.42995929718,74,4.283783783783784,9.01675802120053,2009-12-02,2011-07-19,9.986486486486486,4.4304286286633685,B,Z,lumpy,medium,False,True
85104,351,1024.489998102188,50,7.02,20.945497787138418,2009-12-01,2011-12-06,14.78,8.902400904842906,C,Z,lumpy,medium,False,True
85106,1210,2271.2400265932083,52,23.26923076923077,75.14094348377571,2009-12-08,2011-11-28,14.211538461538462,10.42771695386713,B,Z,lumpy,medium,False,True
85107,1642,2274.7899701595306,64,25.65625,59.093742786423135,2009-12-02,2011-12-06,11.546875,5.305137412982486,B,Z,lumpy,medium,False,True
85109,4211,475.43000423908234,18,233.94444444444446,597.5418737207235,2009-12-11,2010-12-19,41.05555555555556,6.52395890213772,C,Z,lumpy,slow,False,True
85110,11520,1138.0400010347366,21,548.5714285714286,1405.061157794513,2009-12-10,2010-09-27,35.19047619047619,6.560305853949655,C,Z,lumpy,slow,False,True
85111,2907,954.1499764025211,67,43.38805970149254,122.51158946091103,2009-12-02,2011-12-08,11.029850746268657,7.972855457610416,C,Z,lumpy,medium,False,True
85112,465,412.7699975967407,18,25.833333333333332,77.75697434200696,2009-12-01,2010-02-07,41.05555555555556,9.059783313949929,C,Z,lumpy,slow,False,True
85113,289,591.6599812507629,40,7.225,9.124459941868846,2009-12-02,2010-08-27,18.475,1.5949190116166088,C,Z,lumpy,medium,False,True
85114A,1270,2110.900012731552,89,14.269662921348315,24.52121717881356,2010-06-21,2011-12-01,8.303370786516854,2.9529535731798733,B,Z,lumpy,medium,False,False
85114B,2017,3618.0499951839447,179,11.268156424581006,25.20980820490713,2009-12-01,2011-12-08,4.128491620111732,5.0053372960773785,B,Z,lumpy,fast,False,False
85114C,1239,2263.059994459152,132,9.386363636363637,11.512122868327173,2009-12-02,2011-12-09,5.598484848484849,1.5042363594970563,B,Z,lumpy,fast,False,False
85114a,56,185.63999795913696,15,3.7333333333333334,2.433887738538802,2009-12-22,2011-06-08,49.266666666666666,0.42501822157434405,C,Y,intermittent,slow,False,False
85114b,56,186.75999784469604,17,3.2941176470588234,2.9104275004359956,2009-12-01,2011-12-08,43.470588235294116,0.7806122448979591,C,Y,lumpy,slow,False,True
85114c,185,612.6399915218353,35,5.285714285714286,3.714608906430271,2009-12-01,2011-12-05,21.114285714285714,0.4938770248786148,C,Y,lumpy,medium,False,False
85115B,6,37.61999988555908,2,3.0,0.0,2010-06-09,2011-10-11,369.5,0.0,C,X,intermittent,slow,False,True
85116,1817,2206.239957690239,139,13.071942446043165,26.03276650121551,2009-12-01,2011-10-14,5.316546762589928,3.9660701536510476,B,Z,lumpy,fast,False,False
85117,347,594.3200000524521,45,7.711111111111111,13.186808529432707,2009-12-05,2010-05-04,16.42222222222222,2.9244586066127645,C,Z,lumpy,medium,False,True
85118,2054,1133.679991722107,69,29.768115942028984,60.00518235647166,2009-12-07,2011-01-17,10.710144927536232,4.0632619639179115,C,Z,lumpy,medium,False,True
85119,413,567.4800159931183,37,11.162162162162161,36.148239171434,2009-12-15,2010-12-07,19.972972972972972,10.487636805176924,C,Z,lumpy,medium,False,True
85121B,95,936.7399940490723,42,2.261904761904762,1.795108853408764,2009-12-03,2010-06-29,17.595238095238095,0.6298439294642255,C,Y,lumpy,medium,False,False
85121C,98,918.9099979400635,47,2.0851063829787235,1.380450261045012,2009-12-07,2010-11-17,15.72340425531915,0.43831374608405926,C,Y,intermittent,medium,False,False
85123A,98208,257724.70862197876,603,162.86567164179104,266.0000066176747,2009-12-01,2011-12-09,1.2255389718076286,2.6674985108472664,A,Z,erratic,fast,False,False
85123a,516,3444.0200095176697,68,7.588235294117647,9.373247568140998,2010-06-08,2011-12-08,10.867647058823529,1.5258034686850592,B,Z,lumpy,medium,False,True
85123b,1,6.039999961853027,1,1.0,0.0,2009-12-22,2009-12-22,739.0,0.0,C,X,intermittent,slow,False,True
85124A,379,1037.129980802536,77,4.922077922077922,6.161779975585989,2009-12-01,2010-10-11,9.597402597402597,1.5671674521898347,C,Z,lumpy,medium,False,False
85124B,353,938.4699819087982,96,3.6770833333333335,4.2339350656748245,2009-12-08,2011-11-24,7.697916666666667,1.3258104614391715,C,Z,lumpy,medium,False,False
85124C,426,1123.8899765014648,103,4.135922330097087,5.805758709246076,2009-12-08,2011-10-23,7.174757281553398,1.9704853750444604,C,Z,lumpy,medium,False,False
85124a,10,50.59999942779541,8,1.25,0.46291004988627577,2010-05-26,2010-08-19,92.375,0.13714285714285718,C,X,intermittent,slow,False,True
85124b,2,10.230000019073486,2,1.0,0.0,2009-12-22,2010-06-24,369.5,0.0,C,X,intermittent,slow,False,True
85124c,3,15.179999828338623,2,1.5,0.7071067811865476,2010-07-22,2010-08-26,369.5,0.22222222222222227,C,X,intermittent,slow,False,True
85125,312,1479.5099744796753,56,5.571428571428571,7.915134278668344,2009-12-01,2011-11-27,13.196428571428571,2.0182894029047875,B,Z,lumpy,medium,False,False
85126,156,1069.1599884033203,34,4.588235294117647,6.963618212511773,2009-12-01,2010-12-21,21.735294117647058,2.3034486880640728,C,Z,lumpy,medium,False,True
85127,282,1710.6699771881104,72,3.9166666666666665,4.58948584066779,2009-12-01,2011-12-05,10.26388888888889,1.3730768495080938,B,Z,lumpy,medium,False,True
85128,167,188.95000410079956,4,41.75,81.5,2009-12-04,2010-01-12,184.75,3.81067804510739,C,Z,lumpy,slow,False,True
85129A,448,569.1599996089935,65,6.892307692307693,7.988513388224754,2009-12-01,2010-09-16,11.36923076923077,1.34339157415896,C,Z,lumpy,medium,False,False
85129B,233,315.10999846458435,52,4.480769230769231,5.218708369294127,2009-12-15,2011-12-05,14.211538461538462,1.356503447959522,C,Z,lumpy,medium,False,False
85129C,390,510.22999930381775,61,6.39344262295082,7.523914514233022,2009-12-02,2011-12-08,12.114754098360656,1.384899189129958,C,Z,lumpy,medium,False,False
85129D,793,1193.559998512268,141,5.624113475177305,6.670338401238081,2009-12-01,2011-12-05,5.24113475177305,1.4066549703165168,C,Z,lumpy,fast,False,False
85130A,685,1176.2899836301804,75,9.133333333333333,9.32496407258253,2009-12-01,2011-05-23,9.853333333333333,1.0424031575930985,C,Z,lumpy,medium,False,False
85130B,911,918.3300119042397,75,12.146666666666667,18.545556277924305,2010-01-11,2011-12-07,9.853333333333333,2.331124678522804,C,Z,lumpy,medium,False,True
85130C,659,737.8900032043457,63,10.46031746031746,12.46391617226329,2010-01-05,2011-12-07,11.73015873015873,1.419774293602529,C,Z,lumpy,medium,False,True
85130D,788,958.8500010371208,97,8.123711340206185,18.054464897889968,2009-12-02,2011-12-07,7.618556701030927,4.939241669404437,C,Z,lumpy,medium,False,True
85131A,2025,1619.229987859726,153,13.235294117647058,18.87206397725511,2009-12-03,2011-10-30,4.830065359477124,2.0331602339181294,B,Z,lumpy,fast,False,False
85131B,948,730.7399948835373,160,5.925,10.382344714032874,2009-12-16,2011-12-09,4.61875,3.0705358973385706,C,Z,lumpy,fast,False,False
85131C,439,320.14999628067017,64,6.859375,13.0601382956532,2010-01-28,2011-11-14,11.546875,3.6251539873044534,C,Z,lumpy,medium,False,True
85131D,1443,1092.709992647171,179,8.061452513966481,12.55780432893201,2009-12-17,2011-12-09,4.128491620111732,2.426614695203074,C,Z,lumpy,fast,False,False
85132A,1348,5152.070045232773,145,9.296551724137931,14.213219657305658,2009-12-01,2011-05-24,5.096551724137931,2.3374436817534328,A,Z,lumpy,fast,False,False
85132B,919,2767.5300290584564,81,11.345679012345679,17.917282504489314,2009-12-06,2011-06-19,9.123456790123457,2.493924476739986,B,Z,lumpy,medium,False,False
85132C,2062,5818.940079212189,178,11.584269662921349,17.288060599561266,2009-12-01,2011-09-02,4.151685393258427,2.227179575025412,A,Z,lumpy,fast,False,False
85132a,10,135.1299991607666,8,1.25,0.7071067811865476,2009-12-01,2011-05-10,92.375,0.32,C,Y,intermittent,slow,False,True
85132b,10,95.83999919891357,8,1.25,0.4629100498862757,2010-03-05,2011-06-21,92.375,0.13714285714285715,C,X,intermittent,slow,False,True
85132c,4,46.09999942779541,4,1.0,0.0,2010-07-07,2011-04-26,184.75,0.0,C,X,intermittent,slow,False,True
85135A,110,754.5899810791016,54,2.037037037037037,2.2145570106274883,2009-12-02,2011-11-29,13.685185185185185,1.1818867924528302,C,Z,lumpy,medium,False,True
85135B,209,1226.5099868774414,86,2.4302325581395348,5.660057571260766,2009-12-01,2011-11-22,8.593023255813954,5.424329059478007,B,Z,lumpy,medium,False,True
85135C,198,1317.9199895858765,89,2.2247191011235956,3.962187208729209,2009-12-02,2011-12-08,8.303370786516854,3.1719009423899216,B,Z,lumpy,medium,False,True
85136A,138,1121.2799825668335,87,1.5862068965517242,0.9947738335681556,2009-12-01,2011-12-06,8.494252873563218,0.3933046115971337,C,Y,intermittent,medium,False,True
85136B,59,473.76998805999756,40,1.475,0.9604352645732546,2009-12-03,2010-12-14,18.475,0.4239866233546211,C,Y,intermittent,medium,False,True
85136C,179,1451.68998336792,94,1.9042553191489362,1.9292270943108314,2009-12-01,2011-12-08,7.861702127659575,1.0263993076075575,B,Z,lumpy,medium,False,True
85141,185,1286.4400022029877,59,3.135593220338983,4.150021300812156,2009-12-15,2011-06-17,12.525423728813559,1.751706002367698,B,Z,lumpy,medium,False,True
85142,57,502.5799856185913,33,1.7272727272727273,1.2316839913490207,2009-12-06,2010-07-08,22.393939393939394,0.5084833795013851,C,Y,lumpy,medium,False,False
85144,287,1046.8500068187714,60,4.783333333333333,9.169018701846031,2009-12-06,2011-05-03,12.316666666666666,3.6743830110513453,C,Z,lumpy,medium,False,True
85145,100,809.0499970912933,27,3.7037037037037037,3.6775285891773195,2009-12-17,2011-04-28,27.37037037037037,0.9859153846153847,C,Y,lumpy,slow,False,True
85146,126,599.3799839019775,28,4.5,3.3938942998447255,2010-03-26,2011-04-08,26.392857142857142,0.5688157293095566,C,Y,lumpy,slow,False,True
85147,61,301.94998836517334,14,4.357142857142857,2.7345972240938847,2009-12-01,2010-05-02,52.785714285714285,0.39389742211564327,C,Y,intermittent,slow,False,True
85150,8480,20237.719604969025,440,19.272727272727273,29.004566160325258,2009-12-01,2011-12-09,1.6795454545454545,2.2648862548057775,A,Z,lumpy,fast,False,False
85151,56,55.0,6,9.333333333333334,7.146094504459528,2009-12-02,2009-12-22,123.16666666666667,0.5862244897959183,C,Y,lumpy,slow,False,True
85152,16375,31483.69941687584,514,31.857976653696497,51.54427367540064,2009-12-01,2011-12-09,1.4377431906614786,2.6177277033065924,A,Z,lumpy,fast,False,False
85157,1,12.720000267028809,1,1.0,0.0,2010-01-13,2010-01-13,739.0,0.0,C,X,intermittent,slow,False,True
85159A,492,1248.9800202846527,72,6.833333333333333,7.9399152086862195,2009-12-07,2011-12-04,10.26388888888889,1.3501018005714234,B,Z,lumpy,medium,False,False
85159B,659,1503.5000250339508,83,7.9397590361445785,9.136297747260329,2009-12-02,2011-11-30,8.903614457831326,1.3241154246483433,B,Z,lumpy,medium,False,False
85159b,1,13.0,1,1.0,0.0,2009-12-22,2009-12-22,739.0,0.0,C,X,intermittent,slow,False,True
85160A,9055,1493.7499523162842,31,292.0967741935484,1076.0878636628984,2009-12-10,2011-01-25,23.838709677419356,13.57194044005572,B,Z,lumpy,medium,False,True
85160B,6314,1032.6999663114548,34,185.7058823529412,708.5565151177882,2009-12-14,2011-11-13,21.735294117647058,14.55786441847052,C,Z,lumpy,medium,False,True
85160a,8,129.0399932861328,3,2.6666666666666665,2.8867513459481287,2010-03-05,2010-12-21,246.33333333333334,1.1718750000000002,C,Z,lumpy,slow,False,True
85160b,1,16.1299991607666,1,1.0,0.0,2010-03-29,2010-03-29,739.0,0.0,C,X,intermittent,slow,False,True
85161,51,863.8500232696533,30,1.7,1.290549201456229,2009-12-10,2011-11-27,24.633333333333333,0.5763035437298653,C,Y,lumpy,medium,False,True
85162A,607,1234.2700283527374,20,30.35,35.90964538364236,2009-12-01,2010-06-08,36.95,1.3999252342429451,B,Z,lumpy,slow,False,False
85162B,1002,1905.1500465869904,13,77.07692307692308,88.10832493627899,2009-12-07,2010-06-08,56.84615384615385,1.3067278616419853,B,Z,lumpy,slow,False,True
85162C,904,1841.7000443935394,27,33.48148148148148,29.815290824534433,2009-12-02,2010-06-08,27.37037037037037,0.7929919290710076,B,Y,lumpy,slow,False,True
85163A,103,1058.1699981689453,52,1.9807692307692308,2.3555556741322525,2009-12-02,2011-11-23,14.211538461538462,1.4142265446097373,C,Z,lumpy,medium,False,False
85163B,115,1268.6599941253662,54,2.1296296296296298,3.009709421793709,2009-12-22,2011-12-05,13.685185185185185,1.9972892962870488,B,Z,lumpy,medium,False,True
85164B,140,1825.1799983978271,54,2.5925925925925926,2.624403030186056,2009-12-02,2010-09-29,13.685185185185185,1.0246900269541777,B,Z,lumpy,medium,False,True
85164b,1,26.040000915527344,1,1.0,0.0,2009-12-01,2009-12-01,739.0,0.0,C,X,intermittent,slow,False,True
85165,90,872.7600088119507,50,1.8,1.7612611437054218,2009-12-02,2010-06-21,14.78,0.9574200050390526,C,Y,lumpy,medium,False,True
85166A,78,158.90000104904175,11,7.090909090909091,11.631462035828045,2009-12-02,2010-01-26,67.18181818181819,2.6906969099276794,C,Z,lumpy,slow,False,True
85166B,510,864.1000003814697,34,15.0,30.512789171596605,2009-12-04,2010-11-14,21.735294117647058,4.137912457912459,C,Z,lumpy,medium,False,True
85167A,178,396.79999923706055,12,14.833333333333334,19.715399303513223,2009-12-03,2010-04-01,61.583333333333336,1.7665813545121714,C,Z,lumpy,slow,False,True
85167B,692,1426.3400077819824,54,12.814814814814815,25.116388751715952,2009-12-14,2011-04-08,13.685185185185185,3.84140169470262,B,Z,lumpy,medium,False,True
85168A,22,218.899995803833,15,1.4666666666666666,0.833809387832792,2009-12-02,2010-06-14,49.266666666666666,0.3231995277449824,C,Y,intermittent,slow,False,True
85168B,72,652.1699953079224,46,1.565217391304348,1.3106770754595756,2009-12-02,2011-12-09,16.065217391304348,0.7012002743484226,C,Y,lumpy,medium,False,True
85169A,1252,1385.8199906349182,121,10.347107438016529,15.138643017017548,2009-12-08,2011-12-08,6.107438016528926,2.140602256836346,B,Z,lumpy,fast,False,True
85169B,428,502.9100002646446,79,5.417721518987341,7.499756568590792,2009-12-02,2011-12-08,9.354430379746836,1.9162888764218573,C,Z,lumpy,medium,False,True
85169C,505,566.819985806942,62,8.14516129032258,17.819538709226578,2009-12-08,2011-12-09,11.919354838709678,4.786229701041844,C,Z,lumpy,medium,False,True
85169D,521,603.9799959659576,80,6.5125,12.124871133335812,2009-12-14,2011-11-29,9.2375,3.466241282636007,C,Z,lumpy,medium,False,True
85170A,849,1585.0600047111511,73,11.63013698630137,23.094916978823537,2009-12-01,2010-12-08,10.123287671232877,3.9433302518849,B,Z,lumpy,medium,False,True
85170B,283,475.90999937057495,55,5.1454545454545455,10.595977891386312,2009-12-02,2011-11-29,13.436363636363636,4.240671142243145,C,Z,lumpy,medium,False,True
85170C,543,993.0299916267395,93,5.838709677419355,12.65709143264604,2009-12-02,2011-12-09,7.946236559139785,4.699309757227241,C,Z,lumpy,medium,False,False
85170D,723,1296.3600075244904,128,5.6484375,11.546271064379436,2009-12-01,2011-12-08,5.7734375,4.178561924176752,B,Z,lumpy,fast,False,False
85171,1,2.549999952316284,1,1.0,0.0,2009-12-07,2009-12-07,739.0,0.0,C,X,intermittent,slow,False,True
85172,4271,2274.559985846281,130,32.853846153846156,48.07344373814263,2009-12-01,2011-12-06,5.684615384615385,2.1411053150389687,B,Z,lumpy,fast,False,False
85173,1018,1826.0699847340584,124,8.209677419354838,17.084807206798374,2009-12-03,2011-12-09,5.959677419354839,4.330798513808799,B,Z,lumpy,fast,False,False
85174,1459,7193.459924697876,247,5.906882591093117,9.119544432084352,2009-12-01,2011-12-09,2.9919028340080973,2.3835793265361236,A,Z,lumpy,fast,False,True
85175,15586,6606.259917676449,289,53.930795847750865,66.36375495655648,2009-12-01,2011-12-08,2.557093425605536,1.5142174398216017,A,Z,lumpy,fast,False,False
85176,2748,2293.000025808811,228,12.052631578947368,43.11665195563853,2009-12-01,2011-12-08,3.241228070175439,12.797534161949319,B,Z,lumpy,fast,False,True
85177,1820,1514.7800306677818,127,14.330708661417322,29.5653849290306,2009-12-02,2011-12-09,5.818897637795276,4.25629520052597,B,Z,lumpy,fast,False,False
85178,5478,6024.520053625107,216,25.36111111111111,53.64932793238794,2009-12-01,2011-12-09,3.4212962962962963,4.474989475766953,A,Z,lumpy,fast,False,False
85179A,217,511.0700032711029,53,4.09433962264151,5.449997004033744,2009-12-03,2011-12-09,13.943396226415095,1.7718412106698118,C,Z,lumpy,medium,False,True
85179B,246,1056.6000022888184,38,6.473684210526316,9.568351102279886,2009-12-03,2010-11-15,19.44736842105263,2.1845962559823353,C,Z,lumpy,medium,False,True
85179C,116,257.15000081062317,34,3.411764705882353,5.41668380636257,2009-12-03,2011-12-08,21.735294117647058,2.5206284005332753,C,Z,lumpy,medium,False,True
85179a,2,11.779999732971191,2,1.0,0.0,2010-10-28,2011-11-29,369.5,0.0,C,X,intermittent,slow,False,True
85180A,629,1636.4200091362,65,9.676923076923076,14.667254868741301,2009-12-03,2011-12-05,11.36923076923077,2.2973284966674337,B,Z,lumpy,medium,False,True
85180B,364,1022.1600060462952,51,7.137254901960785,12.612723112544947,2009-12-01,2011-12-06,14.490196078431373,3.122880086946021,C,Z,lumpy,medium,False,True
85183A,1512,2275.750006198883,116,13.03448275862069,31.579831492923446,2009-12-01,2011-12-05,6.370689655172414,5.869917707644876,B,Z,lumpy,medium,False,True
85183B,1725,2731.7600054740906,139,12.410071942446043,27.104417777149642,2009-12-01,2011-12-04,5.316546762589928,4.7701448520436305,B,Z,lumpy,fast,False,False
85184A,1,0.0,1,1.0,0.0,2009-12-22,2009-12-22,739.0,0.0,C,X,intermittent,slow,False,True
85184B,14,41.30000066757202,6,2.3333333333333335,2.8047578623950176,2009-12-09,2010-03-22,123.16666666666667,1.4448979591836735,C,Z,lumpy,slow,False,True
85184C,2275,4891.71001124382,218,10.435779816513762,23.472662883561064,2009-12-01,2011-12-08,3.389908256880734,5.059119153111031,A,Z,lumpy,fast,False,True
85184D,8312,4546.779890060425,58,143.31034482758622,723.4688176186626,2009-12-01,2010-09-27,12.741379310344827,25.484994987705477,A,Z,lumpy,medium,False,True
85184c,6,35.34999942779541,6,1.0,0.0,2009-12-22,2011-10-26,123.16666666666667,0.0,C,X,intermittent,slow,False,True
85184d,1,5.909999847412109,1,1.0,0.0,2010-07-22,2010-07-22,739.0,0.0,C,X,intermittent,slow,False,True
85185B,823,1843.4600150585175,155,5.309677419354839,15.16256829062917,2009-12-01,2011-11-30,4.767741935483871,8.154723980460066,B,Z,lumpy,fast,False,True
85185C,73,171.10000276565552,24,3.0416666666666665,3.2767848328170266,2009-12-02,2010-08-01,30.791666666666668,1.1605734006706534,C,Z,lumpy,slow,False,True
85185D,197,636.1100032329559,60,3.283333333333333,3.923383470055832,2009-12-01,2011-06-15,12.316666666666666,1.4278795194719376,C,Z,lumpy,medium,False,False
85185E,4,11.800000190734863,2,2.0,1.4142135623730951,2009-12-03,2009-12-15,369.5,0.5000000000000001,C,Y,lumpy,slow,False,True
85185F,88,109.15000176429749,16,5.5,13.822686666009133,2009-12-02,2010-03-08,46.1875,6.316253443526171,C,Z,lumpy,slow,False,True
85186A,1473,685.8699821233749,108,13.63888888888889,16.49268222510193,2009-12-01,2011-04-14,6.842592592592593,1.4622599989370304,C,Z,lumpy,medium,False,True
85186B,14,5.879999816417694,2,7.0,4.242640687119285,2010-03-17,2010-03-21,369.5,0.3673469387755101,C,Y,intermittent,slow,False,True
85186C,1400,658.1899826824665,104,13.461538461538462,15.102191107615264,2009-12-01,2011-10-20,7.105769230769231,1.2586081236378048,C,Z,lumpy,medium,False,True
85187,479,816.479994058609,83,5.771084337349397,8.257037355071391,2010-01-13,2011-11-27,8.903614457831326,2.0470745388500426,C,Z,lumpy,medium,False,True
85188A,944,824.9700211286545,75,12.586666666666666,12.59889885078265,2009-12-09,2011-04-21,9.853333333333333,1.0019446177900118,C,Z,lumpy,medium,False,True
85188B,748,660.8800160884857,51,14.666666666666666,14.67469477252139,2010-01-11,2011-03-27,14.490196078431373,1.0010950413223139,C,Z,lumpy,medium,False,True
85189,1192,967.9500288963318,49,24.3265306122449,42.45604970393012,2009-12-16,2011-03-16,15.081632653061224,3.0459222639652115,C,Z,lumpy,medium,False,True
85190,138,122.46000337600708,12,11.5,9.482040440173776,2009-12-14,2010-03-17,61.583333333333336,0.6798418972332014,C,Y,lumpy,slow,False,True
85192S,3,1.9499999284744263,2,1.5,0.7071067811865476,2010-02-07,2010-02-08,369.5,0.22222222222222227,C,X,intermittent,slow,False,True
85194L,1818,1560.6300415992737,100,18.18,26.1032835892616,2009-12-07,2011-11-22,7.39,2.061591075376942,B,Z,lumpy,medium,False,True
85194S,1760,889.4599727392197,105,16.761904761904763,18.362023837636183,2010-01-05,2011-12-04,7.038095238095238,1.2000362253158774,C,Z,lumpy,medium,False,True
85195,245,269.4400010108948,18,13.61111111111111,30.567454605278332,2009-12-04,2011-03-16,41.05555555555556,5.04349266237107,C,Z,lumpy,slow,False,True
85196,1575,831.0400079488754,46,34.23913043478261,48.30651429850324,2009-12-07,2010-04-01,16.065217391304348,1.9905172643543012,C,Z,lumpy,medium,False,True
85197,1698,959.459990978241,57,29.789473684210527,177.51737710132022,2009-12-06,2011-07-29,12.964912280701755,35.51044251216949,C,Z,lumpy,medium,False,True
85198,3859,1469.5000499486923,44,87.70454545454545,497.4806566086652,2009-12-07,2011-05-18,16.795454545454547,32.17423233255697,B,Z,lumpy,medium,False,True
85199L,3455,2285.019915819168,207,16.690821256038646,24.752386622243552,2009-12-01,2011-12-08,3.570048309178744,2.199270998695561,B,Z,lumpy,fast,False,False
85199S,6022,2789.279937118292,297,20.276094276094277,35.79725945786611,2009-12-01,2011-12-09,2.4882154882154883,3.116958035417078,B,Z,lumpy,fast,False,False
85200,1051,1319.090000152588,69,15.231884057971014,14.076623224272376,2009-12-07,2011-04-21,10.710144927536232,0.8540626354461661,B,Y,lumpy,medium,False,True
85202,1208,570.0899884402752,163,7.411042944785276,9.695187848828422,2009-12-14,2011-11-29,4.533742331288344,1.711408940938804,C,Z,lumpy,fast,False,True
85203,1463,665.9099861979485,168,8.708333333333334,11.823225983406163,2009-12-08,2011-12-05,4.398809523809524,1.8433249112680976,C,Z,lumpy,fast,False,False
85204,2353,460.8999889418483,133,17.69172932330827,51.35337769586986,2009-12-14,2011-12-07,5.556390977443609,8.425534389425557,C,Z,lumpy,fast,False,True
85205A,66,168.29999685287476,16,4.125,3.3241540277189325,2010-02-02,2010-03-23,46.1875,0.6494031221303951,C,Y,lumpy,slow,False,True
85205B,241,669.3799889087677,52,4.634615384615385,4.029444792941891,2010-01-11,2011-04-21,14.211538461538462,0.7558976966244908,C,Y,lumpy,medium,False,True
85206A,2331,3982.9099801778793,121,19.264462809917354,22.857080812096033,2009-12-01,2011-03-22,6.107438016528926,1.4077570829394082,B,Z,lumpy,fast,False,True
85206B,1558,2477.3000061511993,70,22.257142857142856,33.42119682949023,2009-12-14,2011-01-20,10.557142857142857,2.2547851693549403,B,Z,lumpy,medium,False,True
85208,420,836.9399814605713,76,5.526315789473684,11.395289885691692,2009-12-01,2011-11-29,9.723684210526315,4.251863945578232,C,Z,lumpy,medium,False,True
85211,309,467.399997651577,70,4.414285714285715,6.535284070964227,2009-12-01,2011-10-18,10.557142857142857,2.1918360265620795,C,Z,lumpy,medium,False,True
85212,2831,1096.559992134571,108,26.212962962962962,53.83256335267819,2009-12-02,2011-12-07,6.842592592592593,4.2175272041386895,C,Z,lumpy,medium,False,True
85213,1480,829.0000027418137,72,20.555555555555557,58.32663945496557,2009-12-13,2011-07-31,10.26388888888889,8.05147542670192,C,Z,lumpy,medium,False,True
85214,680,886.2299872636795,136,5.0,10.306416555826873,2009-12-06,2011-08-31,5.4338235294117645,4.248888888888891,C,Z,lumpy,fast,False,False
85215,951,643.8899813890457,60,15.85,20.795880459066804,2009-12-10,2011-08-10,12.316666666666666,1.721456653236858,C,Z,lumpy,medium,False,False
85216,2929,2154.219928741455,141,20.77304964539007,31.661461204960705,2009-12-01,2011-11-18,5.24113475177305,2.323065152120649,B,Z,lumpy,fast,False,False
85217,2884,1981.8499279022217,117,24.64957264957265,33.383176704513346,2009-12-01,2010-09-09,6.316239316239316,1.8341571111365678,B,Z,lumpy,fast,False,False
85218,1992,625.2000246047974,2,996.0,1374.6155826266483,2010-01-14,2010-02-15,369.5,1.9047757294237189,C,Z,lumpy,slow,False,True
85220,12236,6875.0002427101135,5,2447.2,4055.870214886073,2009-12-02,2010-02-17,147.8,2.746813485381376,A,Z,lumpy,slow,False,True
85221,3558,1685.4599831104279,38,93.63157894736842,153.82429798797585,2009-12-02,2010-05-10,19.44736842105263,2.699014323054203,B,Z,lumpy,medium,False,True
85222,1407,1579.6799359321594,42,33.5,58.76046870921666,2009-12-02,2010-06-24,17.595238095238095,3.0766697998902477,B,Z,lumpy,medium,False,True
85224,2015,1120.9599776268005,55,36.63636363636363,50.77815352512216,2009-12-02,2011-03-23,13.436363636363636,1.9210076161168779,C,Z,lumpy,medium,False,False
85225,19,22.5,11,1.7272727272727273,1.6787441193290351,2009-12-13,2011-12-07,67.18181818181819,0.9445983379501383,C,Y,lumpy,slow,False,True
85226A,1715,933.070007622242,102,16.813725490196077,48.18379218728702,2009-12-02,2010-12-01,7.245098039215686,8.212474781294825,C,Z,lumpy,medium,False,True
85226C,1005,522.3099997639656,68,14.779411764705882,57.98529036019634,2009-12-01,2010-11-09,10.867647058823529,15.392932833419598,C,Z,lumpy,medium,False,True
85227,3440,3086.44005715847,273,12.6007326007326,24.130426839600723,2009-12-01,2011-12-09,2.706959706959707,3.66723226721817,B,Z,lumpy,fast,False,False
85230A,1992,497.0399851799011,46,43.30434782608695,45.98979092760932,2009-12-13,2011-12-02,16.065217391304348,1.1278721310946593,C,Z,lumpy,medium,False,False
85230B,2120,561.0399835109711,60,35.333333333333336,27.13598315744068,2009-12-08,2011-12-06,12.316666666666666,0.589823267825573,C,Y,lumpy,medium,False,True
85230C,48,6.9599997997283936,2,24.0,0.0,2009-12-10,2009-12-22,369.5,0.0,C,X,intermittent,slow,False,True
85230D,48,6.9599997997283936,2,24.0,0.0,2009-12-10,2009-12-22,369.5,0.0,C,X,intermittent,slow,False,True
85230E,2445,628.4099813997746,61,40.08196721311475,29.980157372261637,2009-12-08,2011-09-11,12.114754098360656,0.5594609256401571,C,Y,lumpy,medium,False,False
85230F,2946,725.6999782919884,54,54.55555555555556,134.3863294185506,2009-12-02,2011-11-10,13.685185185185185,6.067813424956286,C,Z,lumpy,medium,False,True
85230G,1680,425.75998735427856,44,38.18181818181818,32.040143952927444,2009-12-02,2011-12-02,16.795454545454547,0.7041670621737068,C,Y,lumpy,medium,False,False
85231B,2054,1877.8400433063507,246,8.34959349593496,10.836434190107415,2009-12-01,2011-12-08,3.0040650406504064,1.684387971522852,B,Z,lumpy,fast,False,True
85231D,5,0.0,1,5.0,0.0,2009-12-22,2009-12-22,739.0,0.0,C,X,intermittent,slow,False,True
85231E,838,695.2300208806992,69,12.144927536231885,17.74266655660274,2009-12-01,2010-06-13,10.710144927536232,2.134262952679091,C,Z,lumpy,medium,False,True
85231G,1475,1281.3100345134735,188,7.845744680851064,10.386778565137583,2009-12-01,2011-11-22,3.9308510638297873,1.7526427632357169,B,Z,lumpy,fast,False,False
85231L,1075,838.3500262498856,68,15.808823529411764,28.27015585432975,2009-12-01,2010-09-16,10.867647058823529,3.197844211070122,C,Z,lumpy,medium,False,True
85231b,4,6.579999923706055,4,1.0,0.0,2010-10-01,2011-04-15,184.75,0.0,C,X,intermittent,slow,False,True
85231e,1,1.659999966621399,1,1.0,0.0,2010-03-29,2010-03-29,739.0,0.0,C,X,intermittent,slow,False,True
85231g,6,9.77999997138977,6,1.0,0.0,2011-01-14,2011-05-10,123.16666666666667,0.0,C,X,intermittent,slow,False,True
85232A,375,1889.8799409866333,120,3.125,3.7158812022511833,2009-12-01,2011-06-06,6.158333333333333,1.4139159663865548,B,Z,lumpy,fast,False,False
85232B,3136,15332.52959060669,251,12.49402390438247,30.953173732970036,2009-12-01,2011-02-11,2.944223107569721,6.137700685424041,A,Z,lumpy,fast,False,False
85232C,3,4.949999809265137,3,1.0,0.0,2010-01-04,2010-01-26,246.33333333333334,0.0,C,X,intermittent,slow,False,True
85232D,845,3636.659918785095,178,4.747191011235955,12.4050344244042,2009-12-01,2011-12-08,4.151685393258427,6.828456298413329,B,Z,lumpy,fast,False,False
85232a,2,20.34000015258789,2,1.0,0.0,2010-04-09,2010-05-26,369.5,0.0,C,X,intermittent,slow,False,True
85232b,25,254.47000217437744,15,1.6666666666666667,0.9759000729485332,2009-12-22,2010-11-09,49.266666666666666,0.3428571428571429,C,Y,intermittent,slow,False,False
85232d,1,10.170000076293945,1,1.0,0.0,2010-09-28,2010-09-28,739.0,0.0,C,X,intermittent,slow,False,True
90000A,33,198.97999477386475,19,1.736842105263158,1.0457376590053493,2009-12-01,2011-11-16,38.89473684210526,0.36251402918069575,C,Y,intermittent,slow,False,False
90000B,29,177.28999662399292,20,1.45,0.8255779474818965,2009-12-07,2011-07-25,36.95,0.32417548031791726,C,Y,intermittent,slow,False,False
90000C,3,12.319999694824219,3,1.0,0.0,2009-12-13,2010-06-04,246.33333333333334,0.0,C,X,intermittent,slow,False,True
90000D,51,313.7499942779541,33,1.5454545454545454,1.063335233208144,2009-12-01,2011-11-25,22.393939393939394,0.4733996539792388,C,Y,intermittent,medium,False,True
90001A,11,46.59999990463257,10,1.1,0.31622776601683794,2009-12-15,2011-10-31,73.9,0.08264462809917354,C,X,intermittent,slow,False,True
90001B,13,55.119999408721924,9,1.4444444444444444,0.5270462766947299,2010-01-13,2011-11-08,82.11111111111111,0.13313609467455625,C,X,intermittent,slow,False,False
90001C,11,46.69999933242798,10,1.1,0.31622776601683794,2009-12-11,2011-10-20,73.9,0.08264462809917354,C,X,intermittent,slow,False,True
90001D,20,84.95999908447266,11,1.8181818181818181,1.4709304414677002,2009-12-06,2011-10-09,67.18181818181819,0.6545000000000001,C,Y,lumpy,slow,False,True
90002A,75,135.0,19,3.9473684210526314,5.104177855340405,2009-12-07,2010-11-08,38.89473684210526,1.6720000000000008,C,Z,lumpy,slow,False,True
90002B,22,82.73999977111816,11,2.0,1.2649110640673518,2009-12-02,2010-10-25,67.18181818181819,0.4,C,Y,intermittent,slow,False,True
90002C,37,124.38000011444092,19,1.9473684210526316,1.177270110161938,2009-12-02,2010-08-27,38.89473684210526,0.36547358168979793,C,Y,intermittent,slow,False,False
90002D,113,365.73999977111816,33,3.4242424242424243,8.53679646819543,2009-12-02,2011-05-08,22.393939393939394,6.215282128592686,C,Z,lumpy,medium,False,True
90002E,19,67.76999998092651,12,1.5833333333333333,0.9962049198956219,2009-12-02,2010-08-27,61.583333333333336,0.39587005791991947,C,Y,intermittent,slow,False,True
90003B,44,165.80999946594238,24,1.8333333333333333,1.522773975253762,2009-12-01,2011-11-29,30.791666666666668,0.689902982393101,C,Y,lumpy,slow,False,False
90003C,51,191.53999996185303,34,1.5,1.1348474733984244,2009-12-01,2011-12-09,21.735294117647058,0.5723905723905723,C,Y,lumpy,medium,False,False
90003D,60,226.1700005531311,30,2.0,1.3390681268239724,2009-12-01,2011-11-29,24.633333333333333,0.4482758620689655,C,Y,intermittent,medium,False,True
90003E,32,120.30999994277954,21,1.5238095238095237,0.9807674351775562,2009-12-16,2011-12-09,35.19047619047619,0.4142578125000001,C,Y,intermittent,slow,False,False
90004A,3,3.75,2,1.5,0.7071067811865476,2009-12-15,2010-01-04,369.5,0.22222222222222227,C,X,intermittent,slow,False,True
90005A,109,216.8699984550476,50,2.18,2.0769876145563333,2009-12-01,2011-04-27,14.78,0.9077261070239053,C,Y,lumpy,medium,False,False
90010A,74,443.84999084472656,30,2.466666666666667,4.703141527732826,2009-12-03,2011-12-09,24.633333333333333,3.635424800382862,C,Z,lumpy,medium,False,True
90010B,63,578.0199937820435,31,2.032258064516129,2.136724455293537,2009-12-02,2011-04-10,23.838709677419356,1.1054505752918455,C,Z,lumpy,medium,False,False
90010E,56,501.64999198913574,34,1.6470588235294117,1.323044078176753,2009-12-01,2011-12-02,21.735294117647058,0.6452535559678417,C,Y,lumpy,medium,False,False
90011A,15,44.28000068664551,15,1.0,0.0,2009-12-03,2011-11-24,49.266666666666666,0.0,C,X,intermittent,slow,False,True
90011B,20,59.06000089645386,14,1.4285714285714286,1.3424596091494903,2009-12-03,2011-11-30,52.785714285714285,0.883076923076923,C,Y,lumpy,slow,False,True
90011C,16,35.33000063896179,8,2.0,1.927248223318863,2009-12-04,2011-11-24,92.375,0.9285714285714285,C,Y,lumpy,slow,False,True
90011D,5,14.750000238418579,5,1.0,0.0,2009-12-02,2011-11-22,147.8,0.0,C,X,intermittent,slow,False,True
90011E,8,23.610000371932983,8,1.0,0.0,2009-12-08,2011-09-15,92.375,0.0,C,X,intermittent,slow,False,True
90012A,13,74.3799991607666,7,1.8571428571428572,1.8644544714716085,2009-12-03,2011-10-11,105.57142857142857,1.0078895463510844,C,Z,lumpy,slow,False,True
90012B,17,85.89999961853027,6,2.8333333333333335,2.48327740429189,2009-12-03,2011-11-13,123.16666666666667,0.7681660899653977,C,Y,lumpy,slow,False,True
90013A,115,434.26999855041504,72,1.5972222222222223,1.3285565843459872,2009-12-03,2011-12-09,10.26388888888889,0.6918778455230435,C,Y,lumpy,medium,False,False
90013B,104,428.91999101638794,71,1.4647887323943662,0.9385549061569213,2009-12-02,2011-11-30,10.408450704225352,0.41055314877430255,C,Y,intermittent,medium,False,True
90013C,88,353.54999589920044,53,1.6603773584905661,1.09093108127548,2009-12-01,2011-12-09,13.943396226415095,0.4316989828353463,C,Y,intermittent,medium,False,False
90013D,46,178.10999822616577,16,2.875,2.84897642437888,2010-01-13,2011-06-29,46.1875,0.9819785759294267,C,Y,lumpy,slow,False,True
90013E,2,8.569999694824219,2,1.0,0.0,2009-12-09,2010-01-13,369.5,0.0,C,X,intermittent,slow,False,True
90014A,55,502.009991645813,39,1.4102564102564104,1.0691351329572967,2009-12-07,2011-12-09,18.94871794871795,0.574736842105263,C,Y,lumpy,medium,False,True
90014B,34,333.70999479293823,28,1.2142857142857142,0.4986754943620637,2009-12-04,2011-10-26,26.392857142857142,0.16865308214789185,C,X,intermittent,slow,False,False
90014C,29,284.67999482154846,20,1.45,1.0990426455975697,2009-12-02,2011-11-27,36.95,0.5745040365479692,C,Y,lumpy,slow,False,False
90016A,29,207.85999870300293,16,1.8125,2.0402205763103165,2009-12-18,2011-10-26,46.1875,1.2670630202140312,C,Z,lumpy,slow,False,True
90016B,37,312.1399955749512,29,1.2758620689655173,0.7018624063435963,2009-12-16,2011-12-09,25.482758620689655,0.3026192215381403,C,Y,intermittent,slow,False,False
90016C,17,144.0699977874756,14,1.2142857142857142,0.5789342235218394,2010-01-11,2011-12-08,52.785714285714285,0.22730902315677404,C,X,intermittent,slow,False,True
90018A,75,316.9899983406067,52,1.4423076923076923,0.7774634860213893,2009-12-14,2011-12-08,14.211538461538462,0.29056557734204796,C,Y,intermittent,medium,False,False
90018B,39,164.61999893188477,31,1.2580645161290323,0.4448027229745693,2009-12-02,2011-12-09,23.838709677419356,0.12500547885163274,C,X,intermittent,medium,False,False
90018C,28,118.50999927520752,19,1.4736842105263157,0.772328445721233,2009-12-14,2011-11-25,38.89473684210526,0.27465986394557834,C,Y,intermittent,slow,False,False
90019A,68,354.5899987220764,49,1.3877551020408163,0.6713272466605564,2009-12-02,2011-12-05,15.081632653061224,0.23401456170703575,C,X,intermittent,medium,False,False
90019B,32,168.6200008392334,28,1.1428571428571428,0.44839513942303283,2010-01-20,2011-12-09,26.392857142857142,0.15393518518518517,C,X,intermittent,slow,False,False
90019C,40,213.38000297546387,32,1.25,0.5679618342470647,2009-12-03,2011-12-08,23.09375,0.20645161290322572,C,X,intermittent,medium,False,True
90020,6,76.22999954223633,4,1.5,1.0,2009-12-17,2011-08-30,184.75,0.4444444444444444,C,Y,intermittent,slow,False,True
90021,5,59.749999046325684,4,1.25,0.5,2010-08-18,2011-04-27,184.75,0.16000000000000003,C,X,intermittent,slow,False,True
90022,37,139.6699995994568,30,1.2333333333333334,0.6260623155792927,2009-12-04,2011-12-08,24.633333333333333,0.2576761290647591,C,Y,intermittent,medium,False,True
90023,31,131.73999881744385,21,1.4761904761904763,0.6796357567879738,2009-12-01,2011-11-27,35.19047619047619,0.21196670135275753,C,X,intermittent,slow,False,True
90024A,5,42.5,4,1.25,0.5,2010-01-28,2010-11-05,184.75,0.16000000000000003,C,X,intermittent,slow,False,True
90024B,25,212.23999786376953,22,1.1363636363636365,0.3512500866571044,2009-12-01,2011-12-05,33.59090909090909,0.09554285714285708,C,X,intermittent,slow,False,True
90024C,11,93.47999954223633,10,1.1,0.31622776601683794,2009-12-03,2011-07-25,73.9,0.08264462809917354,C,X,intermittent,slow,False,True
90024D,15,127.5,13,1.1538461538461537,0.3755338080994054,2009-12-09,2011-09-29,56.84615384615385,0.10592592592592595,C,X,intermittent,slow,False,False
90024E,16,135.97999954223633,10,1.6,1.577621275493231,2009-12-02,2011-03-29,73.9,0.9722222222222222,C,Y,lumpy,slow,False,True
90024F,8,67.60999870300293,6,1.3333333333333333,0.5163977794943222,2010-04-19,2011-11-30,123.16666666666667,0.14999999999999997,C,X,intermittent,slow,False,True
90025A,2,7.5,2,1.0,0.0,2011-04-10,2011-10-09,369.5,0.0,C,X,intermittent,slow,False,True
90025B,3,11.289999961853027,3,1.0,0.0,2010-03-07,2011-04-21,246.33333333333334,0.0,C,X,intermittent,slow,False,True
90025C,213,22.55999994277954,7,30.428571428571427,77.86068143990082,2010-02-17,2010-10-24,105.57142857142857,6.5474663316361426,C,Z,lumpy,slow,False,True
90025D,5,18.69000005722046,5,1.0,0.0,2010-02-16,2011-09-29,147.8,0.0,C,X,intermittent,slow,False,True
90025E,7,26.5,7,1.0,0.0,2009-12-02,2011-06-06,105.57142857142857,0.0,C,X,intermittent,slow,False,True
90025F,8,30.230000019073486,8,1.0,0.0,2010-01-11,2011-10-20,92.375,0.0,C,X,intermittent,slow,False,True
90026A,11,93.46999931335449,9,1.2222222222222223,0.4409585518440984,2010-03-19,2011-06-13,82.11111111111111,0.1301652892561983,C,X,intermittent,slow,False,True
90026B,8,67.81999969482422,7,1.1428571428571428,0.3779644730092272,2009-12-13,2011-03-31,105.57142857142857,0.10937500000000001,C,X,intermittent,slow,False,True
90026C,8,67.81999969482422,6,1.3333333333333333,0.5163977794943223,2009-12-10,2011-11-09,123.16666666666667,0.15000000000000005,C,X,intermittent,slow,False,True
90026D,10,85.0,8,1.25,0.4629100498862757,2010-06-07,2011-11-18,92.375,0.13714285714285715,C,X,intermittent,slow,False,True
90027A,9,26.520000457763672,6,1.5,1.224744871391589,2010-03-21,2011-08-30,123.16666666666667,0.6666666666666665,C,Y,lumpy,slow,False,True
90027B,13,38.28000068664551,10,1.3,0.48304589153964794,2009-12-09,2011-11-25,73.9,0.13806706114398423,C,X,intermittent,slow,False,True
90027C,14,41.17000079154968,12,1.1666666666666667,0.3892494720807615,2009-12-14,2011-11-25,61.583333333333336,0.11131725417439703,C,X,intermittent,slow,False,True
90027D,23,72.18000054359436,15,1.5333333333333334,0.915475416434127,2009-12-02,2011-12-09,49.266666666666666,0.35646772886848505,C,Y,intermittent,slow,False,True
90028,29,244.78999519348145,24,1.2083333333333333,0.6580053301400783,2009-12-03,2011-11-02,30.791666666666668,0.2965413844801736,C,Y,intermittent,slow,False,False
90029,23,195.13999938964844,12,1.9166666666666667,1.729862492345632,2009-12-06,2011-08-30,61.583333333333336,0.8145729506788105,C,Y,lumpy,slow,False,True
90030A,79,113.75999927520752,9,8.777777777777779,7.790663928346829,2009-12-09,2011-11-28,82.11111111111111,0.7877343374459219,C,Y,lumpy,slow,False,True
90030B,139,292.0799984931946,33,4.212121212121212,4.954528078924216,2009-12-09,2011-12-09,22.393939393939394,1.3835755136897676,C,Z,lumpy,medium,False,True
90030C,87,151.29999923706055,15,5.8,6.909620622209091,2009-12-09,2011-11-25,49.266666666666666,1.4192288092406997,C,Z,lumpy,slow,False,True
90031,52,71.90000009536743,9,5.777777777777778,7.276293317647691,2009-12-15,2011-11-25,82.11111111111111,1.5859837278106508,C,Z,lumpy,slow,False,True
90032,48,271.88000106811523,23,2.0869565217391304,1.7297672854057793,2010-01-21,2011-10-26,32.130434782608695,0.686987058080808,C,Y,lumpy,slow,False,False
90033,22,55.8799991607666,18,1.2222222222222223,0.5483188805533161,2009-12-02,2011-11-29,41.05555555555556,0.20126397666504608,C,X,intermittent,slow,False,True
90034,5,50.47999858856201,5,1.0,0.0,2009-12-02,2011-04-18,147.8,0.0,C,X,intermittent,slow,False,True
90035A,24,257.55000019073486,15,1.6,0.9102589898327994,2009-12-03,2011-04-13,49.266666666666666,0.3236607142857142,C,Y,intermittent,slow,False,True
90035B,44,380.8899917602539,5,8.8,15.303594349041012,2009-12-02,2010-07-05,147.8,3.0242768595041314,C,Z,lumpy,slow,False,True
90035C,28,301.0,5,5.6,7.6681158050723255,2009-12-02,2011-05-13,147.8,1.875,C,Z,lumpy,slow,False,True
90036A,27,215.75999450683594,20,1.35,0.7451598203705947,2009-12-03,2011-08-05,36.95,0.3046711428777706,C,Y,intermittent,slow,False,True
90036B,26,143.09999656677246,11,2.3636363636363638,2.419616799112094,2010-01-18,2011-08-01,67.18181818181819,1.0479289940828402,C,Z,lumpy,slow,False,True
90036C,31,246.82999467849731,15,2.066666666666667,1.4375905768565216,2009-12-03,2011-12-02,49.266666666666666,0.4838709677419353,C,Y,intermittent,slow,False,True
90036D,38,302.28999280929565,16,2.375,1.5,2009-12-01,2011-06-13,46.1875,0.39889196675900274,C,Y,intermittent,slow,False,False
90036E,45,358.8699927330017,28,1.6071428571428572,1.7709442075467499,2009-12-08,2011-10-20,26.392857142857142,1.2142295381801553,C,Z,lumpy,slow,False,False
90036F,24,192.16999435424805,15,1.6,1.4540583599999397,2009-12-18,2011-03-23,49.266666666666666,0.825892857142857,C,Y,lumpy,slow,False,True
90037A,26,66.30999875068665,12,2.1666666666666665,1.9924098397912438,2009-12-14,2011-01-25,61.583333333333336,0.8456159225389994,C,Y,lumpy,slow,False,False
90037B,28,71.16999888420105,10,2.8,2.3944379994757297,2010-03-16,2011-12-06,73.9,0.731292517006803,C,Y,lumpy,slow,False,True
90037C,26,66.07999897003174,13,2.0,1.957890020745122,2009-12-14,2011-12-06,56.84615384615385,0.9583333333333336,C,Y,lumpy,slow,False,True
90037D,14,35.869999170303345,7,2.0,1.8257418583505538,2009-12-07,2010-06-23,105.57142857142857,0.8333333333333334,C,Y,lumpy,slow,False,True
90038A,36,135.80000019073486,22,1.6363636363636365,1.5289415743128767,2009-12-07,2011-11-24,33.59090909090909,0.873015873015873,C,Y,lumpy,slow,False,True
90038B,21,79.19000005722046,13,1.6153846153846154,1.5566235649883124,2009-12-14,2011-12-08,56.84615384615385,0.9285714285714285,C,Y,lumpy,slow,False,True
90038C,19,71.46000003814697,9,2.111111111111111,1.8333333333333333,2009-12-18,2011-09-02,82.11111111111111,0.7541551246537395,C,Y,lumpy,slow,False,True
90039A,10,37.610000133514404,5,2.0,2.23606797749979,2009-12-18,2011-12-05,147.8,1.2500000000000002,C,Z,lumpy,slow,False,True
90039B,21,78.98999977111816,11,1.9090909090909092,2.0225995873897262,2010-01-12,2011-07-27,67.18181818181819,1.1224489795918369,C,Z,lumpy,slow,False,True
90039C,23,86.65000009536743,11,2.090909090909091,3.300137738172316,2009-12-10,2011-12-08,67.18181818181819,2.4911153119092626,C,Z,lumpy,slow,False,True
90039D,43,162.66000032424927,23,1.8695652173913044,2.510058815429829,2009-12-01,2011-12-06,32.130434782608695,1.802546831210974,C,Z,lumpy,slow,False,True
90040A,53,207.04999685287476,33,1.606060606060606,1.1163387125832918,2009-12-03,2011-03-07,22.393939393939394,0.4831345674617303,C,Y,intermittent,medium,False,True
90040B,71,255.96999979019165,34,2.088235294117647,1.4220694919478085,2009-12-03,2011-05-06,21.735294117647058,0.4637487751949167,C,Y,intermittent,medium,False,False
90040C,41,146.75,21,1.9523809523809523,1.3219754338182867,2009-12-04,2011-12-04,35.19047619047619,0.4584770969660916,C,Y,intermittent,slow,False,True
90040D,42,148.87000036239624,23,1.826086956521739,0.9367338766860228,2009-12-01,2010-09-16,32.130434782608695,0.26314162028447735,C,Y,intermittent,slow,False,True
90041,7,25.670000076293945,6,1.1666666666666667,0.408248290463863,2009-12-09,2011-12-02,123.16666666666667,0.1224489795918367,C,X,intermittent,slow,False,True
90042A,63,160.7899968624115,30,2.1,2.0060254063781153,2009-12-02,2011-04-13,24.633333333333333,0.9125029322073657,C,Y,lumpy,medium,False,True
90042B,18,43.34999918937683,7,2.5714285714285716,1.1338934190276817,2009-12-02,2010-12-09,105.57142857142857,0.19444444444444445,C,X,intermittent,slow,False,True
90042C,129,150.2099974155426,27,4.777777777777778,11.318240327125242,2010-05-28,2011-01-11,27.37037037037037,5.611848400382743,C,Z,lumpy,slow,False,True
90043,10,54.5099983215332,6,1.6666666666666667,0.816496580927726,2009-12-17,2011-10-17,123.16666666666667,0.24,C,X,intermittent,slow,False,True
90046,13,64.34999752044678,6,2.1666666666666665,1.1690451944500122,2010-03-26,2011-07-07,123.16666666666667,0.29112426035502964,C,Y,intermittent,slow,False,True
90048,31,158.88999462127686,7,4.428571428571429,6.900655593423542,2009-12-08,2011-07-07,105.57142857142857,2.4280263614290667,C,Z,lumpy,slow,False,True
90049,20,114.23999691009521,5,4.0,5.656854249492381,2010-05-23,2011-11-23,147.8,2.0000000000000004,C,Z,lumpy,slow,False,True
90050,10,70.15999841690063,6,1.6666666666666667,1.0327955589886446,2010-01-26,2011-11-09,123.16666666666667,0.384,C,Y,intermittent,slow,False,True
90051,15,105.71999740600586,11,1.3636363636363635,0.6741998624632421,2010-06-28,2011-10-09,67.18181818181819,0.24444444444444455,C,X,intermittent,slow,False,True
90052,7,49.5799994468689,5,1.4,0.8944271909999159,2009-12-22,2011-11-15,147.8,0.4081632653061225,C,Y,intermittent,slow,False,True
90053,10,25.229999780654907,10,1.0,0.0,2010-01-11,2011-10-07,73.9,0.0,C,X,intermittent,slow,False,False
90054,17,43.019999504089355,17,1.0,0.0,2009-12-14,2011-12-08,43.470588235294116,0.0,C,X,intermittent,slow,False,True
90055,10,25.27999973297119,10,1.0,0.0,2010-01-11,2011-12-09,73.9,0.0,C,X,intermittent,slow,False,True
90056,19,207.94000053405762,14,1.3571428571428572,1.3363062095621219,2009-12-08,2011-12-06,52.785714285714285,0.969529085872576,C,Y,lumpy,slow,False,True
90057,1804,2675.8800201416016,33,54.666666666666664,73.94832091850813,2009-12-09,2011-12-08,22.393939393939394,1.8298329677275433,B,Z,lumpy,medium,False,True
90058A,576,218.87999725341797,13,44.30769230769231,15.787044347526527,2009-12-10,2011-11-14,56.84615384615385,0.12695312500000003,C,X,intermittent,slow,False,True
90058B,1082,509.07998728752136,29,37.310344827586206,14.985954014809673,2009-12-23,2011-12-01,25.482758620689655,0.16132819154154673,C,X,intermittent,slow,False,False
90059A,94,156.98000121116638,46,2.0434782608695654,1.8732802096753571,2009-12-02,2011-12-09,16.065217391304348,0.8403601428499564,C,Y,lumpy,medium,False,False
90059B,27,44.87000000476837,15,1.8,1.740279123753264,2010-01-19,2011-12-05,49.266666666666666,0.9347442680776012,C,Y,lumpy,slow,False,True
90059C,41,68.17999982833862,23,1.7826086956521738,1.704446637451859,2009-12-09,2011-12-08,32.130434782608695,0.9142285436158132,C,Y,lumpy,slow,False,True
90059D,64,106.74000024795532,38,1.6842105263157894,1.5956912110327872,2009-12-03,2011-12-09,19.44736842105263,0.8976456925675677,C,Y,lumpy,medium,False,False
90059E,53,88.31000030040741,32,1.65625,1.2600403219354632,2009-12-09,2011-12-09,23.09375,0.5787847816350671,C,Y,lumpy,medium,False,True
90059F,48,79.87000012397766,26,1.8461538461538463,1.6897883344918132,2009-12-16,2011-12-09,28.423076923076923,0.837777777777778,C,Y,lumpy,slow,False,True
90060B,6,35.69999885559082,4,1.5,0.5773502691896257,2009-12-13,2010-12-15,184.75,0.1481481481481481,C,X,intermittent,slow,False,True
90060C,8,41.64999866485596,4,2.0,2.0,2009-12-06,2010-07-05,184.75,1.0,C,Y,lumpy,slow,False,True
90060D,84,71.39999771118164,9,9.333333333333334,23.53720459187964,2009-12-06,2010-12-15,82.11111111111111,6.359693877551019,C,Z,lumpy,slow,False,True
90060F,28,166.13999795913696,18,1.5555555555555556,1.6528841894672626,2009-12-06,2011-11-25,41.05555555555556,1.1290516206482595,C,Z,lumpy,slow,False,True
90062,204,2591.419991493225,86,2.372093023255814,2.3366467256854717,2009-12-01,2011-04-28,8.593023255813954,0.9703372006241944,B,Y,lumpy,medium,False,True
90063A,21,178.47999954223633,13,1.6153846153846154,0.6504436355879909,2010-06-17,2011-11-03,56.84615384615385,0.16213151927437644,C,X,intermittent,slow,False,False
90063B,20,170.17000007629395,14,1.4285714285714286,0.646206172658864,2009-12-03,2011-11-03,52.785714285714285,0.2046153846153846,C,X,intermittent,slow,False,True
90064A,20,79.13999891281128,12,1.6666666666666667,1.1547005383792517,2010-01-13,2011-11-17,61.583333333333336,0.48000000000000015,C,Y,intermittent,slow,False,True
90064B,21,78.75,12,1.75,1.1381803659589922,2009-12-17,2011-10-12,61.583333333333336,0.4230055658627087,C,Y,intermittent,slow,False,False
90065A,26,180.45999908447266,15,1.7333333333333334,1.3345232785352157,2009-12-02,2011-06-26,49.266666666666666,0.592772612003381,C,Y,lumpy,slow,False,True
90065B,22,154.8699984550476,14,1.5714285714285714,0.937614461876991,2009-12-13,2011-11-09,52.785714285714285,0.35600762873490166,C,Y,intermittent,slow,False,True
90066A,5,33.75,2,2.5,0.7071067811865476,2010-07-19,2010-10-07,369.5,0.08,C,X,intermittent,slow,False,True
90067A,33,97.2400016784668,16,2.0625,2.0155644370746373,2009-12-01,2011-11-15,46.1875,0.9550045913682277,C,Y,lumpy,slow,False,False
90067B,16,47.1200008392334,6,2.6666666666666665,2.581988897471611,2009-12-01,2011-07-27,123.16666666666667,0.9375000000000001,C,Y,lumpy,slow,False,True
90068,2,15.0,2,1.0,0.0,2010-09-28,2011-03-18,369.5,0.0,C,X,intermittent,slow,False,True
90069,11,82.5,5,2.2,2.16794833886788,2009-12-10,2011-11-03,147.8,0.9710743801652891,C,Y,lumpy,slow,False,True
90070,63,385.1499915122986,32,1.96875,2.16250116539219,2009-12-04,2011-11-24,23.09375,1.2065117564349512,C,Z,lumpy,medium,False,False
90071,87,108.98999977111816,68,1.2794117647058822,0.5946424546017126,2009-12-02,2011-12-05,10.867647058823529,0.21601859903810325,C,X,intermittent,medium,False,True
90072,44,176.30999755859375,29,1.5172413793103448,1.2989195965211244,2009-12-02,2011-12-09,25.482758620689655,0.7329176505312869,C,Y,lumpy,slow,False,False
90073,50,250.3399977684021,34,1.4705882352941178,1.2366938848016844,2009-12-02,2011-12-07,21.735294117647058,0.7071999999999997,C,Y,lumpy,medium,False,False
90074,7,64.08999919891357,6,1.1666666666666667,0.408248290463863,2010-03-07,2011-11-28,123.16666666666667,0.1224489795918367,C,X,intermittent,slow,False,True
90075,10,92.17999839782715,8,1.25,0.4629100498862757,2010-03-07,2011-11-24,92.375,0.13714285714285715,C,X,intermittent,slow,False,True
90076,12,33.0,7,1.7142857142857142,1.8898223650461359,2010-01-14,2011-11-24,105.57142857142857,1.2152777777777777,C,Z,lumpy,slow,False,True
90077,5,14.400000095367432,5,1.0,0.0,2009-12-14,2011-09-07,147.8,0.0,C,X,intermittent,slow,False,True
90078,9,67.6399998664856,5,1.8,0.8366600265340756,2010-02-16,2010-12-13,147.8,0.21604938271604937,C,X,intermittent,slow,False,True
90079,21,104.76999855041504,13,1.6153846153846154,1.1929278784054478,2009-12-17,2011-10-09,56.84615384615385,0.5453514739229023,C,Y,lumpy,slow,False,False
90081A,49,242.7999906539917,23,2.130434782608696,1.3247417527437002,2009-12-07,2011-12-07,32.130434782608695,0.3866570747037219,C,Y,intermittent,slow,False,True
90081B,67,34.64999866485596,4,16.75,28.848743473503312,2010-05-28,2011-05-18,184.75,2.966362218756961,C,Z,lumpy,slow,False,True
90081C,50,250.46999549865723,36,1.3888888888888888,1.021980647783726,2009-12-01,2011-12-07,20.52777777777778,0.54144,C,Y,lumpy,medium,False,False
90082A,55,353.70999670028687,31,1.7741935483870968,1.3091900147127826,2009-12-02,2011-12-08,23.838709677419356,0.5445068870523416,C,Y,lumpy,medium,False,True
90082B,61,368.29999446868896,26,2.3461538461538463,1.7875638772879183,2009-12-15,2011-12-07,28.423076923076923,0.5805106154259608,C,Y,lumpy,slow,False,True
90082C,7,19.929999828338623,5,1.4,0.8944271909999159,2010-01-04,2010-02-11,147.8,0.4081632653061225,C,Y,intermittent,slow,False,True
90082D,103,664.349992275238,48,2.1458333333333335,1.5297000586727931,2009-12-01,2011-11-27,15.395833333333334,0.5081835374621709,C,Y,lumpy,medium,False,True
90083,52,48.0800005197525,15,3.466666666666667,3.8147583085145715,2009-12-03,2011-12-08,49.266666666666666,1.2109044801352498,C,Z,lumpy,slow,False,True
90084,73,54.400001525878906,12,6.083333333333333,7.971065097455846,2009-12-01,2011-03-23,61.583333333333336,1.716917722922602,C,Z,lumpy,slow,False,True
90085,311,275.53000700473785,26,11.961538461538462,31.268489914584325,2009-12-01,2011-12-02,28.423076923076923,6.8334454771973,C,Z,lumpy,slow,False,True
90086,216,182.79000234603882,45,4.8,9.134350750675367,2010-03-03,2011-12-09,16.42222222222222,3.6213699494949494,C,Z,lumpy,medium,False,True
90087,350,249.56000399589539,51,6.862745098039215,15.770884068869616,2009-12-01,2011-12-08,14.490196078431373,5.281002122448981,C,Z,lumpy,medium,False,True
90088,101,86.7000024318695,11,9.181818181818182,13.8261938494886,2009-12-01,2010-11-25,67.18181818181819,2.2675031859621613,C,Z,lumpy,slow,False,True
90089,104,91.90000158548355,26,4.0,4.955804677345546,2009-12-03,2011-12-08,28.423076923076923,1.5349999999999997,C,Z,lumpy,slow,False,True
90090,302,227.7200062274933,19,15.894736842105264,26.784935104233714,2009-12-01,2010-11-25,38.89473684210526,2.839713414129009,C,Z,lumpy,slow,False,True
90091,8,2.5500000715255737,5,1.6,0.8944271909999159,2010-01-04,2010-10-11,147.8,0.3124999999999999,C,Y,intermittent,slow,False,True
90092,102,87.51000237464905,9,11.333333333333334,16.545392107774298,2009-12-01,2011-01-12,82.11111111111111,2.131271626297578,C,Z,lumpy,slow,False,True
90093,209,165.34000384807587,22,9.5,13.019216566291536,2009-12-01,2011-12-06,33.59090909090909,1.8781163434903048,C,Z,lumpy,slow,False,True
90094,170,187.6199975013733,35,4.857142857142857,15.987389988846278,2010-05-28,2011-12-05,21.114285714285714,10.834113576226342,C,Z,lumpy,medium,False,True
90095,8,22.90999960899353,3,2.6666666666666665,2.8867513459481287,2010-03-08,2010-06-27,246.33333333333334,1.1718750000000002,C,Z,lumpy,slow,False,True
90096,104,243.60999846458435,47,2.2127659574468086,2.042336366845004,2010-01-05,2011-11-13,15.72340425531915,0.851890114484178,C,Y,lumpy,medium,False,True
90098,137,301.2799959182739,40,3.425,3.9606234940396012,2009-12-18,2011-11-25,18.475,1.3372295561010994,C,Z,lumpy,medium,False,True
90099,42,129.68999791145325,24,1.75,1.3593476696403028,2009-12-07,2011-12-06,30.791666666666668,0.6033717834960072,C,Y,lumpy,slow,False,True
90100,30,76.49999856948853,11,2.727272727272727,2.2843339988236875,2009-12-07,2011-02-24,67.18181818181819,0.7015555555555556,C,Y,lumpy,slow,False,True
90101,52,131.1599988937378,29,1.793103448275862,1.780435547532192,2009-12-09,2011-12-08,25.482758620689655,0.9859203296703296,C,Y,lumpy,slow,False,True
90102,19,16.110000371932983,4,4.75,4.112987559751022,2010-01-25,2011-06-07,184.75,0.749769159741459,C,Y,lumpy,slow,False,True
90103,44,110.84999918937683,27,1.6296296296296295,1.3908533116302864,2009-12-22,2011-12-05,27.37037037037037,0.7284249841068023,C,Y,lumpy,slow,False,True
90104,150,108.11000037193298,49,3.061224489795918,3.7936798497924267,2010-06-04,2011-06-15,15.081632653061224,1.535787037037037,C,Z,lumpy,medium,False,True
90108,109,125.82999539375305,21,5.190476190476191,6.368822870978966,2010-01-15,2011-12-01,35.19047619047619,1.505580338355357,C,Z,lumpy,slow,False,False
90111,9,7.349999666213989,7,1.2857142857142858,0.48795003647426666,2009-12-07,2010-03-08,105.57142857142857,0.1440329218106996,C,X,intermittent,slow,False,True
90112,86,91.24999606609344,20,4.3,4.402152583500605,2009-12-07,2011-01-04,36.95,1.0480771967777747,C,Z,lumpy,slow,False,True
90114,205,514.1799983978271,89,2.303370786516854,4.662238280205078,2010-02-02,2011-12-08,8.303370786516854,4.096955275539453,C,Z,lumpy,medium,False,True
90115,108,278.9599986076355,54,2.0,1.5418685062501398,2009-12-06,2011-06-02,13.685185185185185,0.5943396226415094,C,Y,lumpy,medium,False,False
90116,106,225.52000403404236,56,1.8928571428571428,2.1462743316019752,2010-02-02,2011-12-08,13.196428571428571,1.28568562089388,C,Z,lumpy,medium,False,False
90118,42,107.39000010490417,28,1.5,1.0363754503432017,2010-06-16,2011-12-05,26.392857142857142,0.4773662551440329,C,Y,intermittent,slow,False,True
90119,97,243.07000184059143,39,2.4871794871794872,2.3493761195575087,2010-06-23,2011-12-08,18.94871794871795,0.892258811552209,C,Y,lumpy,medium,False,True
90120A,93,395.6799964904785,35,2.657142857142857,2.350755287172203,2009-12-07,2011-01-25,21.114285714285714,0.7826814388606639,C,Y,lumpy,medium,False,False
90120B,107,451.439998626709,38,2.8157894736842106,2.9303192627268144,2009-12-09,2011-12-09,19.44736842105263,1.083002646283282,C,Z,lumpy,medium,False,False
90120C,109,462.3199954032898,54,2.0185185185185186,1.7643293743402981,2009-12-01,2011-12-09,13.685185185185185,0.7640008702653515,C,Y,lumpy,medium,False,False
90120D,134,554.1299967765808,36,3.7222222222222223,5.169200607505469,2009-12-07,2011-02-09,20.52777777777778,1.9286000700124104,C,Z,lumpy,medium,False,True
90121A,1,0.0,1,1.0,0.0,2009-12-22,2009-12-22,739.0,0.0,C,X,intermittent,slow,False,True
90121B,26,80.75,9,2.888888888888889,1.964971020425266,2009-12-01,2010-02-03,82.11111111111111,0.4626479289940829,C,Y,intermittent,slow,False,True
90122A,55,273.88999366760254,30,1.8333333333333333,1.4403862827999163,2010-01-11,2011-11-15,24.633333333333333,0.6172698774579651,C,Y,lumpy,medium,False,True
90122B,46,228.9899935722351,26,1.7692307692307692,1.3944946699845733,2009-12-06,2011-09-02,28.423076923076923,0.6212476370510396,C,Y,lumpy,slow,False,False
90122C,54,269.09999418258667,29,1.8620689655172413,1.6196149880016566,2009-12-14,2011-12-02,25.482758620689655,0.7565402704291595,C,Y,lumpy,slow,False,True
90123A,36,214.06999349594116,18,2.0,1.137592917989042,2009-12-13,2011-10-10,41.05555555555556,0.32352941176470584,C,Y,intermittent,slow,False,False
90123B,26,154.68999576568604,13,2.0,1.1547005383792515,2010-01-11,2011-08-01,56.84615384615385,0.3333333333333333,C,Y,intermittent,slow,False,True
90123C,27,160.74999570846558,12,2.25,1.2880570286640687,2009-12-23,2011-08-01,61.583333333333336,0.3277216610549945,C,Y,intermittent,slow,False,True
90123D,29,172.3899965286255,14,2.0714285714285716,2.9733246275271292,2009-12-04,2011-11-28,52.785714285714285,2.060367694137016,C,Z,lumpy,slow,False,True
90124A,30,299.2799940109253,19,1.5789473684210527,0.837707816583391,2009-12-02,2011-10-30,38.89473684210526,0.28148148148148144,C,Y,intermittent,slow,False,False
90124B,39,391.17999744415283,29,1.3448275862068966,0.7209052874667635,2009-12-08,2011-11-11,25.482758620689655,0.287357941204095,C,Y,intermittent,slow,False,False
90124C,22,220.2099952697754,16,1.375,0.6191391873668904,2009-12-16,2011-11-03,46.1875,0.20275482093663919,C,X,intermittent,slow,False,False
90125A,149,183.96999967098236,17,8.764705882352942,12.779521762201755,2009-12-01,2011-07-13,43.470588235294116,2.1259571640917074,C,Z,lumpy,slow,False,True
90125B,44,79.56999838352203,17,2.588235294117647,3.042589841101898,2009-12-08,2011-12-02,43.470588235294116,1.3819085743801651,C,Z,lumpy,slow,False,True
90125C,92,101.35000014305115,9,10.222222222222221,16.18469784841362,2009-12-01,2011-05-26,82.11111111111111,2.50679347826087,C,Z,lumpy,slow,False,True
90125D,136,223.73999965190887,32,4.25,8.64347600328449,2009-12-01,2011-07-13,23.09375,4.136175912490233,C,Z,lumpy,medium,False,True
90125E,18,44.18999969959259,17,1.0588235294117647,0.24253562503633297,2009-12-02,2011-05-26,43.470588235294116,0.05246913580246914,C,X,intermittent,slow,False,True
90126A,20,37.14000082015991,5,4.0,4.795831523312719,2009-12-06,2010-12-13,147.8,1.4374999999999998,C,Z,lumpy,slow,False,True
90126B,3,8.480000019073486,3,1.0,0.0,2009-12-18,2010-03-26,246.33333333333334,0.0,C,X,intermittent,slow,False,True
90126C,21,42.100000858306885,5,4.2,4.658325879540846,2009-12-18,2011-07-15,147.8,1.2301587301587296,C,Z,lumpy,slow,False,True
90127A,14,19.920000076293945,2,7.0,7.0710678118654755,2010-11-21,2011-07-15,369.5,1.0204081632653064,C,Z,lumpy,slow,False,True
90127B,2,2.5,2,1.0,0.0,2010-02-19,2010-09-09,369.5,0.0,C,X,intermittent,slow,False,True
90128A,45,46.21000003814697,11,4.090909090909091,4.867330797357941,2010-01-24,2011-07-26,67.18181818181819,1.4156049382716052,C,Z,lumpy,slow,False,True
90128B,39,23.759999990463257,7,5.571428571428571,7.913219801006896,2010-01-24,2010-12-09,105.57142857142857,2.017313171159325,C,Z,lumpy,slow,False,True
90128C,17,25.039999961853027,6,2.8333333333333335,4.490731195102493,2009-12-18,2011-09-28,123.16666666666667,2.5121107266435976,C,Z,lumpy,slow,False,True
90128D,13,21.240000009536743,7,1.8571428571428572,1.864454471471609,2010-02-24,2011-02-15,105.57142857142857,1.0078895463510849,C,Z,lumpy,slow,False,True
90129A,151,295.3799991607666,63,2.3968253968253967,2.915695471397046,2009-12-14,2011-10-03,11.73015873015873,1.4798289831657074,C,Z,lumpy,medium,False,False
90129B,146,329.9500013589859,55,2.6545454545454548,3.586074826315348,2009-12-02,2011-12-07,13.436363636363636,1.8249810610009511,C,Z,lumpy,medium,False,False
90129C,107,243.3800013065338,47,2.276595744680851,2.551232674436406,2009-12-02,2011-12-07,15.72340425531915,1.2558226083918478,C,Z,lumpy,medium,False,False
90129D,67,161.57000136375427,32,2.09375,2.204970557919158,2009-12-16,2011-10-19,23.09375,1.1090622956474248,C,Z,lumpy,medium,False,False
90129E,129,263.1399999856949,52,2.480769230769231,2.859386912316836,2009-12-16,2011-11-24,14.211538461538462,1.3285353562132745,C,Z,lumpy,medium,False,False
90129F,81,183.26000082492828,38,2.1315789473684212,1.8624461193959188,2009-12-16,2011-12-07,19.44736842105263,0.763421858072064,C,Y,lumpy,medium,False,False
90130A,28,82.51000142097473,15,1.8666666666666667,1.7674302033770737,2009-12-18,2011-11-25,49.266666666666666,0.8965014577259476,C,Y,lumpy,slow,False,True
90130B,64,188.09000372886658,48,1.3333333333333333,1.0382746189699348,2009-12-04,2011-12-09,15.395833333333334,0.6063829787234043,C,Y,lumpy,medium,False,False
90130C,25,73.62000131607056,23,1.0869565217391304,0.28810406552003043,2009-12-04,2011-12-09,32.130434782608695,0.07025454545454547,C,X,intermittent,slow,False,True
90130D,13,38.31000065803528,8,1.625,1.7677669529663689,2010-01-11,2011-11-28,92.375,1.1834319526627222,C,Z,lumpy,slow,False,True
90131,10,69.61999845504761,5,2.0,1.224744871391589,2009-12-01,2011-06-01,147.8,0.37499999999999994,C,Y,intermittent,slow,False,True
90132,7,35.630000591278076,7,1.0,0.0,2009-12-16,2011-08-30,105.57142857142857,0.0,C,X,intermittent,slow,False,True
90133,47,236.45999717712402,33,1.4242424242424243,0.9692233691951198,2009-12-02,2011-12-02,22.393939393939394,0.4631054775916705,C,Y,intermittent,medium,False,True
90134,126,370.92000675201416,84,1.5,1.1770905524532504,2009-12-01,2011-12-09,8.797619047619047,0.6157965194109771,C,Y,lumpy,medium,False,False
90135,9,44.749999046325684,3,3.0,2.6457513110645907,2010-11-23,2011-04-26,246.33333333333334,0.7777777777777778,C,Y,lumpy,slow,False,True
90135A,11,54.61999845504761,4,2.75,2.362907813126304,2010-03-08,2011-04-19,184.75,0.7382920110192837,C,Y,lumpy,slow,False,True
90136,4,40.46999931335449,3,1.3333333333333333,0.5773502691896258,2010-11-23,2011-04-26,246.33333333333334,0.18750000000000008,C,X,intermittent,slow,False,True
90137,26,132.51999759674072,14,1.8571428571428572,1.5118578920369088,2009-12-10,2011-07-20,52.785714285714285,0.6627218934911241,C,Y,lumpy,slow,False,True
90138,24,125.64000034332275,17,1.411764705882353,1.0036697371030325,2009-12-10,2011-12-09,43.470588235294116,0.5054253472222221,C,Y,lumpy,slow,False,True
90139,24,118.2399959564209,13,1.8461538461538463,0.9870962335856491,2009-12-02,2010-06-04,56.84615384615385,0.28587962962962954,C,Y,intermittent,slow,False,True
90140,9,67.89999961853027,7,1.2857142857142858,0.48795003647426655,2009-12-13,2011-08-30,105.57142857142857,0.14403292181069957,C,X,intermittent,slow,False,True
90141A,20,104.9500002861023,17,1.1764705882352942,0.5285941398709243,2009-12-06,2011-11-30,43.470588235294116,0.20187499999999992,C,X,intermittent,slow,False,True
90141B,13,64.93999910354614,9,1.4444444444444444,0.8819171036881969,2009-12-16,2011-12-09,82.11111111111111,0.37278106508875736,C,Y,intermittent,slow,False,True
90141C,16,83.69000005722046,12,1.3333333333333333,0.6513389472789296,2009-12-06,2011-11-22,61.583333333333336,0.23863636363636367,C,X,intermittent,slow,False,True
90141D,7,36.329999923706055,5,1.4,0.8944271909999159,2010-01-19,2011-07-18,147.8,0.4081632653061225,C,Y,intermittent,slow,False,True
90141E,10,50.059998512268066,5,2.0,0.7071067811865476,2009-12-06,2011-10-12,147.8,0.12500000000000003,C,X,intermittent,slow,False,True
90142A,5,25.450000762939453,4,1.25,0.5,2010-06-25,2010-12-17,184.75,0.16000000000000003,C,X,intermittent,slow,False,True
90142B,1,5.090000152587891,1,1.0,0.0,2010-11-22,2010-11-22,739.0,0.0,C,X,intermittent,slow,False,True
90142C,1,5.090000152587891,1,1.0,0.0,2010-11-08,2010-11-08,739.0,0.0,C,X,intermittent,slow,False,True
90142D,11,54.58999824523926,5,2.2,1.3038404810405297,2010-11-24,2011-10-23,147.8,0.3512396694214875,C,Y,intermittent,slow,False,True
90143,79,599.1299962997437,39,2.0256410256410255,2.096201821932374,2009-12-14,2011-12-01,18.94871794871795,1.0708810160315063,C,Z,lumpy,medium,False,False
90144,53,199.44999980926514,33,1.606060606060606,1.1709876691119003,2009-12-07,2011-11-28,22.393939393939394,0.5315948736205056,C,Y,lumpy,medium,False,False
90145,75,455.8599886894226,43,1.744186046511628,1.2362197226455365,2009-12-01,2011-12-09,17.186046511627907,0.5023492063492063,C,Y,lumpy,medium,False,False
90146,41,276.48999977111816,19,2.1578947368421053,1.8337320140672695,2009-12-13,2011-12-08,38.89473684210526,0.7221230748892854,C,Y,lumpy,slow,False,True
90147,93,937.4499826431274,56,1.6607142857142858,1.0664603425996029,2009-12-02,2011-11-27,13.196428571428571,0.4123818833496253,C,Y,intermittent,medium,False,False
90148,27,343.9799995422363,17,1.588235294117647,0.6183469424008423,2009-12-02,2011-09-25,43.470588235294116,0.15157750342935528,C,X,intermittent,slow,False,False
90149,62,410.2600064277649,8,7.75,17.490813915554973,2010-01-31,2011-12-02,92.375,5.093503790694218,C,Z,lumpy,slow,False,True
90150,13,97.5,8,1.625,0.7440238091428449,2009-12-06,2010-09-24,92.375,0.20963651732882502,C,X,intermittent,slow,False,False
90151,16,136.17000007629395,9,1.7777777777777777,1.092906420717,2009-12-08,2011-11-27,82.11111111111111,0.37792968749999994,C,Y,intermittent,slow,False,True
90152A,7,40.33999967575073,7,1.0,0.0,2009-12-08,2011-11-30,105.57142857142857,0.0,C,X,intermittent,slow,False,True
90152B,6,35.25999927520752,5,1.2,0.4472135954999579,2009-12-06,2010-12-13,147.8,0.1388888888888889,C,X,intermittent,slow,False,True
90152C,7,41.64999866485596,4,1.75,0.9574271077563381,2010-04-01,2011-02-14,184.75,0.2993197278911565,C,Y,intermittent,slow,False,True
90154,59,439.64999866485596,7,8.428571428571429,19.21680811908456,2010-06-07,2011-11-18,105.57142857142857,5.198218902614191,C,Z,lumpy,slow,False,True
90155,30,226.15999937057495,20,1.5,1.1002392084403616,2009-12-02,2011-12-09,36.95,0.5380116959064327,C,Y,lumpy,slow,False,False
90156,25,137.36999559402466,13,1.9230769230769231,2.019139192062567,2010-01-11,2011-09-04,56.84615384615385,1.1024,C,Z,lumpy,slow,False,True
90157,53,263.2799925804138,24,2.2083333333333335,1.4738050920238273,2010-01-20,2011-11-28,30.791666666666668,0.4454006531799959,C,Y,intermittent,slow,False,False
90158,77,386.31999921798706,60,1.2833333333333334,0.761169186891749,2009-12-01,2011-12-08,12.316666666666666,0.3517899665819541,C,Y,intermittent,medium,False,False
90159,38,188.579993724823,20,1.9,1.3337718577107005,2009-12-06,2011-11-09,36.95,0.4927832045487682,C,Y,lumpy,slow,False,False
90160A,52,362.5099925994873,25,2.08,1.7540429489230491,2010-01-13,2011-12-06,29.56,0.7111378205128205,C,Y,lumpy,slow,False,False
90160B,71,490.91998958587646,29,2.4482758620689653,2.323578012102267,2009-12-02,2011-11-09,25.482758620689655,0.9007283135432314,C,Y,lumpy,slow,False,False
90160C,97,676.9999852180481,45,2.1555555555555554,2.152752525104415,2009-12-22,2011-12-08,16.42222222222222,0.9974009410718947,C,Y,lumpy,medium,False,False
90160D,76,529.2199873924255,24,3.1666666666666665,2.792329036713862,2009-12-06,2011-11-17,30.791666666666668,0.7775502830302301,C,Y,lumpy,slow,False,False
90161A,70,349.95999574661255,41,1.7073170731707317,1.6769600835891176,2009-12-06,2011-12-08,18.024390243902438,0.9647551020408166,C,Y,lumpy,medium,False,False
90161B,147,734.1599869728088,70,2.1,1.9197674979999042,2009-12-02,2011-12-08,10.557142857142857,0.8357159288836308,C,Y,lumpy,medium,False,False
90161C,169,843.909984588623,93,1.8172043010752688,1.7873117812680475,2009-12-02,2011-12-08,7.946236559139785,0.9673711339421498,C,Y,lumpy,medium,False,False
90161D,138,687.5199913978577,72,1.9166666666666667,1.642310293029776,2009-12-06,2011-12-09,10.26388888888889,0.7342048510343723,C,Y,lumpy,medium,False,False
90162A,186,88.50000143051147,10,18.6,48.321147889235135,2010-01-24,2011-11-07,73.9,6.749142482753303,C,Z,lumpy,slow,False,True
90162B,55,162.25000262260437,18,3.0555555555555554,2.0996420485468814,2010-03-01,2011-11-09,41.05555555555556,0.4721827904715607,C,Y,intermittent,slow,False,True
90162C,42,123.90000200271606,16,2.625,1.7841898254763515,2010-03-01,2011-10-30,46.1875,0.4619803476946335,C,Y,intermittent,slow,False,False
90162D,29,85.55000138282776,14,2.0714285714285716,1.3847680013570567,2010-01-24,2011-10-30,52.785714285714285,0.4469038690203968,C,Y,intermittent,slow,False,True
90163A,37,280.7099976539612,24,1.5416666666666667,1.1787674722451362,2009-12-04,2011-12-09,30.791666666666668,0.5846222250452565,C,Y,lumpy,slow,False,True
90163B,13,98.44999933242798,9,1.4444444444444444,0.5270462766947299,2009-12-09,2011-12-05,82.11111111111111,0.13313609467455625,C,X,intermittent,slow,False,False
90164A,40,230.38999915122986,25,1.6,1.3844373104863459,2009-12-04,2011-12-02,29.56,0.7486979166666666,C,Y,lumpy,slow,False,True
90164B,67,362.93999767303467,34,1.9705882352941178,1.6046389968340005,2009-12-02,2011-12-05,21.735294117647058,0.6630753964235806,C,Y,lumpy,medium,False,True
90165A,42,106.48999857902527,26,1.6153846153846154,1.5251733823253821,2009-12-07,2011-11-16,28.423076923076923,0.8914285714285715,C,Y,lumpy,slow,False,False
90165B,52,131.64999842643738,34,1.5294117647058822,1.3758808554312565,2009-12-04,2011-12-09,21.735294117647058,0.809306078536848,C,Y,lumpy,medium,False,False
90166,40,168.93999862670898,29,1.3793103448275863,0.6768515929047769,2009-12-08,2011-12-08,25.482758620689655,0.2408035714285713,C,X,intermittent,slow,False,False
90167,2207,1801.1700543165207,89,24.797752808988765,55.65522514375302,2009-12-01,2010-12-06,8.303370786516854,5.037177269021553,B,Z,lumpy,medium,False,False
90168,42,123.76000213623047,23,1.826086956521739,1.6963108075265056,2009-12-01,2011-12-09,32.130434782608695,0.8629148629148632,C,Y,lumpy,slow,False,True
90169,39,98.86999869346619,21,1.8571428571428572,1.82443729093971,2009-12-09,2011-12-09,35.19047619047619,0.9650887573964495,C,Y,lumpy,slow,False,True
90170,150,249.57999992370605,64,2.34375,2.761519882871036,2009-12-07,2011-12-09,11.546875,1.3882694885361546,C,Z,lumpy,medium,False,False
90171,47,59.649999141693115,21,2.238095238095238,1.5134319246256802,2009-12-01,2010-03-12,35.19047619047619,0.45726573110004526,C,Y,intermittent,slow,False,True
90173,81,306.6399989128113,44,1.8409090909090908,1.598592139588032,2009-12-09,2011-10-12,16.795454545454547,0.754068261006724,C,Y,lumpy,medium,False,True
90174,50,126.11999893188477,32,1.5625,1.2684127749837335,2009-12-04,2011-12-09,23.09375,0.6589935483870967,C,Y,lumpy,medium,False,False
90175A,107,964.4499845504761,57,1.8771929824561404,2.155310513248916,2009-12-01,2011-12-09,12.964912280701755,1.3182623560385813,C,Z,lumpy,medium,False,False
90175B,36,322.84999656677246,25,1.44,1.1930353445448856,2009-12-09,2011-11-09,29.56,0.6864068930041155,C,Y,lumpy,slow,False,True
90175C,37,332.94999408721924,19,1.9473684210526316,1.5802139169719436,2009-12-01,2011-11-17,38.89473684210526,0.6584692800909017,C,Y,lumpy,slow,False,False
90175D,58,527.8199892044067,40,1.45,1.01147265068163,2009-12-02,2011-12-09,18.475,0.48660020122564707,C,Y,intermittent,medium,False,True
90176A,10,75.87999963760376,7,1.4285714285714286,0.5345224838248488,2009-12-03,2011-11-03,105.57142857142857,0.14,C,X,intermittent,slow,False,False
90176B,5,37.61999988555908,4,1.25,0.5,2010-11-05,2011-11-16,184.75,0.16000000000000003,C,X,intermittent,slow,False,True
90176C,10,77.0,6,1.6666666666666667,0.816496580927726,2009-12-14,2011-08-22,123.16666666666667,0.24,C,X,intermittent,slow,False,True
90176D,11,82.80999994277954,7,1.5714285714285714,0.5345224838248488,2009-12-15,2011-11-03,105.57142857142857,0.115702479338843,C,X,intermittent,slow,False,True
90176E,4,29.980000019073486,3,1.3333333333333333,0.5773502691896257,2011-08-22,2011-12-02,246.33333333333334,0.18749999999999997,C,X,intermittent,slow,False,True
90177A,19,55.690001249313354,14,1.3571428571428572,1.3363062095621219,2009-12-10,2011-12-09,52.785714285714285,0.969529085872576,C,Y,lumpy,slow,False,True
90177B,31,91.38000154495239,18,1.7222222222222223,1.6016739609309327,2009-12-10,2011-12-08,41.05555555555556,0.8649078778233458,C,Y,lumpy,slow,False,False
90177C,37,109.0300018787384,23,1.608695652173913,1.4690482520320491,2009-12-10,2011-12-09,32.130434782608695,0.8339199150009962,C,Y,lumpy,slow,False,False
90177D,46,135.76000213623047,24,1.9166666666666667,1.998187584584692,2009-12-10,2011-12-02,30.791666666666668,1.0868743322100762,C,Z,lumpy,slow,False,True
90177E,28,82.71000123023987,21,1.3333333333333333,1.1105554165971787,2009-12-10,2011-11-21,35.19047619047619,0.6937499999999999,C,Y,lumpy,slow,False,False
90178A,27,322.4099941253662,21,1.2857142857142858,0.7171371656006361,2009-12-01,2011-10-20,35.19047619047619,0.31111111111111106,C,Y,intermittent,slow,False,True
90178B,16,191.40999698638916,11,1.4545454545454546,0.6875516509523286,2009-12-14,2010-12-17,67.18181818181819,0.22343749999999998,C,X,intermittent,slow,False,True
90179A,12,70.99999904632568,9,1.3333333333333333,0.7071067811865476,2010-01-26,2011-12-08,82.11111111111111,0.28125000000000006,C,Y,intermittent,slow,False,True
90179B,11,65.30999898910522,9,1.2222222222222223,0.44095855184409843,2009-12-02,2011-12-05,82.11111111111111,0.1301652892561983,C,X,intermittent,slow,False,True
90179C,19,112.7799973487854,14,1.3571428571428572,0.6333236937766509,2010-06-15,2011-12-01,52.785714285714285,0.21777114851907092,C,X,intermittent,slow,False,True
90180A,44,396.63999223709106,26,1.6923076923076923,1.5942203302989402,2009-12-02,2011-11-29,28.423076923076923,0.8874380165289257,C,Y,lumpy,slow,False,True
90180B,18,179.87999629974365,14,1.2857142857142858,0.4688072309384954,2009-12-03,2011-12-06,52.785714285714285,0.13295346628679958,C,X,intermittent,slow,False,True
90181A,14,128.63999843597412,14,1.0,0.0,2010-01-26,2011-11-30,52.785714285714285,0.0,C,X,intermittent,slow,False,True
90181B,25,231.2699966430664,24,1.0416666666666667,0.2041241452319315,2009-12-02,2011-12-09,30.791666666666668,0.03839999999999999,C,X,intermittent,slow,False,True
90181C,5,46.93000030517578,5,1.0,0.0,2009-12-02,2011-04-18,147.8,0.0,C,X,intermittent,slow,False,True
90182A,9,26.160000801086426,8,1.125,0.3535533905932738,2010-11-29,2011-12-06,92.375,0.09876543209876545,C,X,intermittent,slow,False,True
90182B,6,17.53000044822693,6,1.0,0.0,2009-12-16,2011-12-08,123.16666666666667,0.0,C,X,intermittent,slow,False,True
90182C,19,55.74000120162964,13,1.4615384615384615,1.3913653136029502,2009-12-13,2011-12-09,56.84615384615385,0.9062788550323179,C,Y,lumpy,slow,False,True
90183A,53,155.65000319480896,30,1.7666666666666666,1.8134237638032753,2010-01-19,2011-12-09,24.633333333333333,1.0536330268472034,C,Z,lumpy,medium,False,True
90183B,28,81.93000197410583,24,1.1666666666666667,0.637022057270606,2009-12-22,2011-12-05,30.791666666666668,0.29813664596273276,C,Y,intermittent,slow,False,False
90183C,13,38.1200008392334,13,1.0,0.0,2009-12-02,2011-12-09,56.84615384615385,0.0,C,X,intermittent,slow,False,True
90183c,1,2.9000000953674316,1,1.0,0.0,2011-10-31,2011-10-31,739.0,0.0,C,X,intermittent,slow,True,True
90184A,42,380.81999492645264,24,1.75,1.224744871391589,2009-12-06,2011-11-10,30.791666666666668,0.4897959183673468,C,Y,intermittent,slow,False,True
90184B,69,625.4799890518188,44,1.5681818181818181,1.0432000693912997,2009-12-01,2011-12-05,16.795454545454547,0.44252966203113475,C,Y,intermittent,medium,False,True
90184C,72,651.8899898529053,45,1.6,1.1159993483217387,2009-12-06,2011-12-09,16.42222222222222,0.48650568181818177,C,Y,intermittent,medium,False,True
90184c,1,9.149999618530273,1,1.0,0.0,2011-10-31,2011-10-31,739.0,0.0,C,X,intermittent,slow,True,True
90185A,55,233.28999853134155,25,2.2,2.0207259421636903,2009-12-08,2011-11-16,29.56,0.8436639118457301,C,Y,lumpy,slow,False,True
90185B,67,284.42999792099,30,2.2333333333333334,2.112088904433212,2009-12-01,2011-12-09,24.633333333333333,0.8943701461810863,C,Y,lumpy,medium,False,True
90185C,64,271.95999908447266,28,2.2857142857142856,2.0158105227158782,2009-12-01,2011-10-31,26.392857142857142,0.7777777777777776,C,Y,lumpy,slow,False,True
90185D,69,293.32999658584595,30,2.3,1.8597367258983655,2009-12-03,2011-06-02,24.633333333333333,0.6538035330161007,C,Y,lumpy,medium,False,True
90186A,69,203.73000311851501,32,2.15625,2.001763335565147,2009-12-03,2011-11-29,23.09375,0.8618411691769825,C,Y,lumpy,medium,False,True
90186B,57,168.26000261306763,29,1.9655172413793103,1.880022010142618,2009-12-10,2011-11-29,25.482758620689655,0.9148968913511851,C,Y,lumpy,slow,False,False
90187A,8,27.040000200271606,7,1.1428571428571428,0.3779644730092272,2009-12-07,2011-02-28,105.57142857142857,0.10937500000000001,C,X,intermittent,slow,False,True
90187B,21,70.59999966621399,15,1.4,0.828078671210825,2009-12-03,2011-12-08,49.266666666666666,0.34985422740524785,C,Y,intermittent,slow,False,True
90188,23,58.499999046325684,18,1.2777777777777777,0.5745131499601416,2009-12-01,2011-12-09,41.05555555555556,0.20215723340375846,C,X,intermittent,slow,False,True
90189A,11,82.6399998664856,8,1.375,0.5175491695067657,2010-01-18,2011-11-18,92.375,0.14167650531286896,C,X,intermittent,slow,False,True
90189B,3,22.5,2,1.5,0.7071067811865476,2010-02-16,2010-04-29,369.5,0.22222222222222227,C,X,intermittent,slow,False,True
90190A,44,129.5900022983551,27,1.6296296296296295,1.1485157025867427,2009-12-02,2011-11-24,27.37037037037037,0.49670216147488894,C,Y,lumpy,slow,False,True
90190B,45,132.58000230789185,15,3.0,3.401680257083045,2009-12-03,2011-11-22,49.266666666666666,1.2857142857142858,C,Z,lumpy,slow,False,True
90190C,55,161.82000303268433,32,1.71875,1.8002575980550224,2009-12-08,2011-11-29,23.09375,1.0970941082378034,C,Z,lumpy,medium,False,True
90191,40,342.5999987125397,21,1.9047619047619047,1.7292993351285921,2009-12-17,2011-12-09,35.19047619047619,0.8242500000000001,C,Y,lumpy,slow,False,True
90192,94,469.1799907684326,50,1.88,1.4234192808092743,2009-12-01,2011-12-09,14.78,0.573257822821297,C,Y,lumpy,medium,False,True
90194,32,135.83999872207642,20,1.6,0.9403246919632544,2009-12-10,2011-10-19,36.95,0.34539473684210514,C,Y,intermittent,slow,False,True
90195A,70,585.1999931335449,37,1.8918918918918919,1.409960278868872,2009-12-02,2011-12-06,19.972972972972972,0.5554195011337868,C,Y,lumpy,medium,False,True
90195B,52,460.6899902820587,23,2.260869565217391,2.240482726077084,2009-12-01,2011-11-09,32.130434782608695,0.9820467993544916,C,Y,lumpy,slow,False,True
90196A,19,242.25,11,1.7272727272727273,1.1037127426019047,2009-12-06,2011-11-29,67.18181818181819,0.4083102493074793,C,Y,intermittent,slow,False,True
90196B,19,241.97999954223633,13,1.4615384615384615,0.9674179220468453,2009-12-06,2011-11-09,56.84615384615385,0.43813481071098814,C,Y,intermittent,slow,False,True
90197B,64,322.5200004577637,47,1.3617021276595744,0.640160710626759,2009-12-02,2011-12-06,15.72340425531915,0.2210109544836956,C,X,intermittent,medium,False,False
90197D,10,44.54999828338623,5,2.0,1.4142135623730951,2010-02-02,2010-04-21,147.8,0.5000000000000001,C,Y,lumpy,slow,False,True
90198A,144,609.429995059967,76,1.894736842105263,1.5282141854109417,2009-12-14,2011-12-09,9.723684210526315,0.6505349794238683,C,Y,lumpy,medium,False,False
90198B,104,441.89999866485596,45,2.311111111111111,1.9979787766438342,2009-12-07,2011-12-04,16.42222222222222,0.7473776223776225,C,Y,lumpy,medium,False,False
90199A,22,139.49999809265137,15,1.4666666666666666,0.8338093878327919,2009-12-16,2011-11-03,49.266666666666666,0.3231995277449823,C,Y,intermittent,slow,False,False
90199B,36,228.60999727249146,29,1.2413793103448276,0.6355634403421168,2009-12-01,2011-12-02,25.482758620689655,0.26212522045855374,C,Y,intermittent,slow,False,False
90199C,99,585.2899842262268,30,3.3,8.890715808426611,2009-12-01,2011-11-29,24.633333333333333,7.258478198917067,C,Z,lumpy,medium,False,True
90199D,22,139.27999830245972,16,1.375,1.2583057392117916,2009-12-17,2011-11-29,46.1875,0.8374655647382919,C,Y,lumpy,slow,False,True
90200A,177,749.6899976730347,88,2.0113636363636362,2.0085696756923226,2009-12-01,2011-12-09,8.397727272727273,0.997223753982117,C,Y,lumpy,medium,False,True
90200B,183,775.4499988555908,82,2.231707317073171,1.9199973025174264,2009-12-01,2011-12-08,9.012195121951219,0.7401619621552532,C,Y,lumpy,medium,False,False
90200C,210,874.629988193512,83,2.5301204819277108,2.2917527076698216,2009-12-01,2011-03-22,8.903614457831326,0.8204518555389634,C,Y,lumpy,medium,False,False
90200D,327,1372.2599940299988,122,2.680327868852459,3.0131019502645415,2009-12-01,2011-12-08,6.057377049180328,1.2637227652951768,B,Z,lumpy,fast,False,False
90200E,209,873.9699988365173,79,2.6455696202531644,3.1298315457395254,2009-12-01,2011-12-08,9.354430379746836,1.3995987224393174,C,Z,lumpy,medium,False,False
90201A,130,382.8400068283081,50,2.6,3.0033994345183768,2009-12-13,2011-12-09,14.78,1.334379905808477,C,Z,lumpy,medium,False,False
90201B,154,454.3100073337555,53,2.9056603773584904,3.15779956824488,2009-12-02,2011-12-09,13.943396226415095,1.1810802833530112,C,Z,lumpy,medium,False,False
90201C,119,350.94000577926636,44,2.7045454545454546,2.6552234212002737,2009-12-23,2011-12-09,16.795454545454547,0.9638591414678046,C,Y,lumpy,medium,False,False
90201D,133,391.37000727653503,54,2.462962962962963,2.9184705413091234,2009-12-18,2011-12-09,13.685185185185185,1.4040897391727296,C,Z,lumpy,medium,False,False
90202A,31,90.90000200271606,21,1.4761904761904763,1.123345344008138,2010-02-10,2011-12-08,35.19047619047619,0.5790842872008324,C,Y,lumpy,slow,False,False
90202B,24,70.49000144004822,16,1.5,1.2649110640673518,2009-12-02,2011-12-08,46.1875,0.7111111111111111,C,Y,lumpy,slow,False,True
90202C,31,91.46000146865845,24,1.2916666666666667,1.0417028979206266,2009-12-09,2011-12-09,30.791666666666668,0.6504094466814457,C,Y,lumpy,slow,False,True
90202D,48,141.49000239372253,24,2.0,2.5537695922762462,2009-12-15,2011-12-09,30.791666666666668,1.6304347826086962,C,Z,lumpy,slow,False,True
90203,72,534.2699990272522,31,2.3225806451612905,1.7773969126073772,2009-12-02,2010-11-02,23.838709677419356,0.5856352880658435,C,Y,lumpy,medium,False,False
90204,50,168.45999908447266,34,1.4705882352941178,0.9919461775980271,2009-12-07,2011-12-01,21.735294117647058,0.45498181818181804,C,Y,intermittent,medium,False,True
90205A,38,63.46000027656555,22,1.7272727272727273,1.0771133460194244,2009-12-09,2011-11-24,33.59090909090909,0.38886690410236113,C,Y,intermittent,slow,False,False
90205C,78,122.31000208854675,23,3.391304347826087,8.144932224924686,2009-12-09,2011-11-28,32.130434782608695,5.768214691291614,C,Z,lumpy,slow,False,True
90206A,16,79.5999984741211,11,1.4545454545454546,0.6875516509523286,2009-12-17,2011-12-08,67.18181818181819,0.22343749999999998,C,X,intermittent,slow,False,True
90206C,80,402.60999870300293,51,1.5686274509803921,0.943502028843273,2009-12-01,2011-12-09,14.490196078431373,0.36178124999999994,C,Y,intermittent,medium,False,False
90208,159,386.82999300956726,62,2.564516129032258,4.970803173357417,2009-12-01,2011-12-09,11.919354838709678,3.757009248830034,C,Z,lumpy,medium,False,False
90209A,173,325.49999380111694,10,17.3,17.062304129929878,2009-12-01,2011-11-04,73.9,0.9727094865255175,C,Y,lumpy,slow,False,True
90209B,381,730.6599855422974,82,4.646341463414634,10.64740384657625,2009-12-09,2011-10-06,9.012195121951219,5.251280379103968,C,Z,lumpy,medium,False,True
90209C,403,754.4599871635437,62,6.5,17.929506772768573,2009-12-01,2011-10-31,11.919354838709678,7.608691434668737,C,Z,lumpy,medium,False,True
90210A,88,207.34000086784363,20,4.4,7.111147660724785,2009-12-04,2011-12-09,36.95,2.612005219660722,C,Z,lumpy,slow,False,True
90210B,102,232.04000091552734,24,4.25,5.391216689329446,2009-12-10,2011-12-08,30.791666666666668,1.609146983601625,C,Z,lumpy,slow,False,True
90210C,118,186.56000137329102,13,9.076923076923077,15.924098815221008,2009-12-04,2011-12-08,56.84615384615385,3.07774346452169,C,Z,lumpy,slow,False,True
90210D,142,235.73000144958496,20,7.1,13.364918728955255,2009-12-04,2011-11-10,36.95,3.543365455893255,C,Z,lumpy,slow,False,True
90211A,28,166.57000017166138,20,1.4,0.5982430416161187,2009-12-14,2011-12-05,36.95,0.18259935553168632,C,X,intermittent,slow,False,True
90211B,35,208.2099986076355,26,1.3461538461538463,0.5615911461059686,2009-12-02,2011-11-03,28.423076923076923,0.17404081632653057,C,X,intermittent,slow,False,True
90212B,37,140.06999969482422,27,1.3703703703703705,0.8388704928078611,2009-12-02,2011-05-06,27.37037037037037,0.3747260774287801,C,Y,intermittent,slow,False,False
90212C,25,56.25,8,3.125,2.9001231500945415,2009-12-13,2011-09-06,92.375,0.8612571428571429,C,Y,lumpy,slow,False,True
90214A,213,213.64999961853027,90,2.3666666666666667,2.7942557450132095,2009-12-02,2011-12-08,8.21111111111111,1.3939850529032716,C,Z,lumpy,medium,False,True
90214B,75,72.32999980449677,37,2.027027027027027,2.5979317252863385,2009-12-09,2011-12-05,19.972972972972972,1.6426172839506177,C,Z,lumpy,medium,False,True
90214C,165,162.53000009059906,60,2.75,3.181647585125072,2009-12-03,2011-12-08,12.316666666666666,1.338562823924919,C,Z,lumpy,medium,False,True
90214D,100,90.81999963521957,49,2.0408163265306123,2.7985054320228193,2009-12-03,2011-12-08,15.081632653061224,1.8803750000000004,C,Z,lumpy,medium,False,True
90214E,142,139.2800000011921,58,2.4482758620689653,2.8480366508649944,2009-12-10,2011-12-08,12.741379310344827,1.353226350939837,C,Z,lumpy,medium,False,True
90214F,44,36.279999762773514,26,1.6923076923076923,2.258658553553073,2009-12-10,2011-12-07,28.423076923076923,1.7813223140495864,C,Z,lumpy,slow,False,True
90214G,100,93.17999961972237,42,2.380952380952381,3.999709629414158,2009-12-13,2011-12-07,17.595238095238095,2.821990243902439,C,Z,lumpy,medium,False,True
90214H,83,77.70999994874,47,1.7659574468085106,1.8440593921097341,2009-12-01,2011-12-07,15.72340425531915,1.09040878022304,C,Z,lumpy,medium,False,True
90214I,62,60.99999979138374,27,2.2962962962962963,3.20834027083277,2009-12-09,2011-12-08,27.37037037037037,1.9521131833826941,C,Z,lumpy,slow,False,True
90214J,157,161.469999730587,73,2.1506849315068495,2.3313755648443086,2009-12-02,2011-12-06,10.123287671232877,1.1750893658070414,C,Z,lumpy,medium,False,False
90214K,154,158.39999976754189,75,2.0533333333333332,2.4926558794453224,2009-12-07,2011-12-08,9.853333333333333,1.4736886490133243,C,Z,lumpy,medium,False,True
90214L,176,166.05999940633774,64,2.75,3.9076644264625986,2009-12-06,2011-12-08,11.546875,2.0191525646071105,C,Z,lumpy,medium,False,True
90214M,138,139.81999987363815,57,2.4210526315789473,2.718635217091293,2009-12-06,2011-12-05,12.964912280701755,1.2609370780448281,C,Z,lumpy,medium,False,False
90214N,78,76.39999982714653,41,1.9024390243902438,2.547595710162628,2009-12-06,2011-12-08,18.024390243902438,1.7932445759368842,C,Z,lumpy,medium,False,True
90214O,36,31.41999989748001,17,2.1176470588235294,2.6898502035702765,2009-12-09,2011-12-06,43.470588235294116,1.6134259259259254,C,Z,lumpy,slow,False,True
90214P,77,66.58999994397163,32,2.40625,3.39695665502653,2009-12-07,2011-12-08,23.09375,1.9929597005424406,C,Z,lumpy,medium,False,True
90214R,91,93.72999981045723,47,1.9361702127659575,2.3993138087808514,2009-12-06,2011-12-08,15.72340425531915,1.5356315924877797,C,Z,lumpy,medium,False,True
90214S,184,181.33999952673912,72,2.5555555555555554,3.0851250979675924,2009-12-02,2011-12-08,10.26388888888889,1.4573870443835035,C,Z,lumpy,medium,False,True
90214T,57,55.56999975442886,22,2.590909090909091,3.3189081811872287,2009-12-06,2011-12-05,33.59090909090909,1.640915153380528,C,Z,lumpy,slow,False,True
90214U,13,4.729999899864197,2,6.5,7.7781745930520225,2010-11-03,2011-12-05,369.5,1.4319526627218935,C,Z,lumpy,slow,False,True
90214V,38,28.979999899864197,24,1.5833333333333333,2.2441550490235675,2010-02-03,2011-12-05,30.791666666666668,2.008912441286282,C,Z,lumpy,slow,False,True
90214W,19,10.169999897480011,8,2.375,3.8890872965260113,2010-06-07,2011-12-05,92.375,2.6814404432132966,C,Z,lumpy,slow,False,True
90214Y,68,25.339999496936798,10,6.8,14.883249346534216,2010-11-03,2011-12-06,73.9,4.79046520569012,C,Z,lumpy,slow,False,True
90214Z,31,21.4899999499321,18,1.7222222222222223,2.5851511630749395,2009-12-10,2011-12-05,41.05555555555556,2.2531676562404352,C,Z,lumpy,slow,False,True
ADJUST,36,8897.929779529572,1,36.0,0.0,2010-01-26,2010-01-26,739.0,0.0,A,X,intermittent,slow,False,True
ADJUST2,3,731.0500030517578,1,3.0,0.0,2010-06-25,2010-06-25,739.0,0.0,C,X,intermittent,slow,False,True
AMAZONFEE,3,20467.800033569336,3,1.0,0.0,2010-11-08,2011-03-28,246.33333333333334,0.0,A,X,intermittent,slow,False,True
B,1,11062.0595703125,1,1.0,0.0,2011-08-12,2011-08-12,739.0,0.0,A,X,intermittent,slow,False,True
BANK CHARGES,34,519.2410016785143,29,1.1724137931034482,0.3844258722192448,2009-12-08,2011-12-07,25.482758620689655,0.10751359367276325,C,X,intermittent,slow,False,False
C2,718,13426.0,197,3.6446700507614214,19.076260343463506,2009-12-03,2011-12-05,3.751269035532995,27.39492056744641,A,Z,lumpy,fast,False,True
D,196,397.88999938964844,5,39.2,85.41779674049197,2010-04-15,2010-11-30,147.8,4.748151811745105,C,Z,lumpy,slow,False,True
DCGS0003,13,32.58999991416931,13,1.0,0.0,2009-12-09,2011-05-05,56.84615384615385,0.0,C,X,intermittent,slow,False,False
DCGS0004,4,67.93999862670898,4,1.0,0.0,2009-12-03,2011-04-27,184.75,0.0,C,X,intermittent,slow,False,True
DCGS0037,1,12.720000267028809,1,1.0,0.0,2010-06-14,2010-06-14,739.0,0.0,C,X,intermittent,slow,False,True
DCGS0041,1,5.059999942779541,1,1.0,0.0,2010-06-04,2010-06-04,739.0,0.0,C,X,intermittent,slow,False,True
DCGS0044,1,2.569999933242798,1,1.0,0.0,2009-12-15,2009-12-15,739.0,0.0,C,X,intermittent,slow,False,True
DCGS0058,43,34.8199999332428,27,1.5925925925925926,1.1522305878752428,2009-12-01,2010-10-25,27.37037037037037,0.5234430253359403,C,Y,lumpy,slow,False,True
DCGS0062,1,2.509999990463257,1,1.0,0.0,2010-10-25,2010-10-25,739.0,0.0,C,X,intermittent,slow,False,True
DCGS0066N,4,17.299999237060547,1,4.0,0.0,2009-12-22,2009-12-22,739.0,0.0,C,X,intermittent,slow,False,True
DCGS0068,2,17.119999885559082,2,1.0,0.0,2009-12-01,2010-01-19,369.5,0.0,C,X,intermittent,slow,False,True
DCGS0069,5,80.30999660491943,5,1.0,0.0,2010-03-15,2011-01-28,147.8,0.0,C,X,intermittent,slow,False,True
DCGS0070,2,25.440000534057617,2,1.0,0.0,2010-04-01,2010-12-21,369.5,0.0,C,X,intermittent,slow,False,True
DCGS0072,4,20.68000030517578,3,1.3333333333333333,0.5773502691896257,2009-12-14,2009-12-18,246.33333333333334,0.18749999999999997,C,X,intermittent,slow,False,True
DCGS0075,1,12.720000267028809,1,1.0,0.0,2010-04-01,2010-04-01,739.0,0.0,C,X,intermittent,slow,False,True
DCGS0076,17,275.95998764038086,13,1.3076923076923077,0.48038446141526137,2009-12-03,2010-12-20,56.84615384615385,0.13494809688581313,C,X,intermittent,slow,False,True
DCGSSBOY,177,251.349995136261,21,8.428571428571429,21.409277027894774,2010-06-17,2011-12-01,35.19047619047619,6.452025280091927,C,Z,lumpy,slow,False,True
DCGSSGIRL,192,295.6299936771393,22,8.727272727272727,20.85592714241438,2010-06-17,2011-11-16,33.59090909090909,5.710865162037037,C,Z,lumpy,slow,False,True
DOT,2920,309854.1104335487,441,6.621315192743764,53.23835253831218,2009-12-01,2011-12-09,1.6757369614512472,64.6488332803784,A,Z,lumpy,fast,False,True
M,9636,339226.23840991035,380,25.357894736842105,125.8713516534248,2009-12-01,2011-12-08,1.944736842105263,24.639245356672824,A,Z,lumpy,fast,False,True
PADS,18,0.017000000807456672,17,1.0588235294117647,0.24253562503633297,2010-01-19,2011-09-25,43.470588235294116,0.05246913580246914,C,X,intermittent,slow,False,True
POST,10313,125682.42000478506,514,20.06420233463035,89.59713690821832,2009-12-01,2011-12-09,1.4377431906614786,19.940886719341783,A,Z,lumpy,fast,False,False
S,3,136.85000228881836,3,1.0,0.0,2010-04-30,2011-10-26,246.33333333333334,0.0,C,X,intermittent,slow,False,True
SP1002,5,14.750000238418579,1,5.0,0.0,2010-10-07,2010-10-07,739.0,0.0,C,X,intermittent,slow,False,True
TEST001,60,225.0,7,8.571428571428571,5.563486402641868,2009-12-14,2010-04-12,105.57142857142857,0.4212962962962963,C,Y,intermittent,slow,False,True
TEST002,2,1.0,2,1.0,0.0,2009-12-18,2009-12-22,369.5,0.0,C,X,intermittent,slow,False,True
gift_0001_10,55,126.21000003814697,14,3.9285714285714284,8.147338269589698,2009-12-18,2011-12-08,52.785714285714285,4.3009281627463425,C,Z,lumpy,slow,False,True
gift_0001_20,53,471.06000423431396,28,1.8928571428571428,2.424249188302252,2009-12-14,2011-10-31,26.392857142857142,1.640283216644912,C,Z,lumpy,slow,False,True
gift_0001_30,77,610.0900115966797,26,2.9615384615384617,6.102332467054015,2009-12-23,2011-09-02,28.423076923076923,4.245775004216562,C,Z,lumpy,slow,False,True
gift_0001_40,18,166.0900058746338,7,2.5714285714285716,3.359421718944242,2010-01-29,2011-07-27,105.57142857142857,1.7067901234567902,C,Z,lumpy,slow,False,True
gift_0001_50,19,253.58999252319336,8,2.375,3.1594529363709247,2009-12-18,2011-06-30,92.375,1.769687376335576,C,Z,lumpy,slow,False,True
gift_0001_60,13,0.0,2,6.5,4.949747468305833,2010-01-29,2010-08-09,369.5,0.5798816568047337,C,Y,lumpy,slow,False,True
gift_0001_70,13,59.56999969482422,3,4.333333333333333,4.932882862316247,2010-01-29,2010-08-09,246.33333333333334,1.2958579881656804,C,Z,lumpy,slow,False,True
gift_0001_80,13,69.55999755859375,2,6.5,4.949747468305833,2009-12-14,2010-08-09,369.5,0.5798816568047337,C,Y,lumpy,slow,False,True
gift_0001_90,12,0.0,2,6.0,5.656854249492381,2010-01-29,2010-08-09,369.5,0.8888888888888891,C,Y,lumpy,slow,False,True
m,5,15.049999952316284,4,1.25,0.5,2010-02-19,2010-12-21,184.75,0.16000000000000003,C,X,intermittent,slow,False,True
