Customer_ID,Recency,Frequency,Monetary,CLV,Avg_CSAT,Txn_Count,Avg_Disc,Ret_Rate,Cluster,Segment
CUST-BD-00001,11,4.0,2635.06,32130.97,3.85,14,7.857142857142857,0.0,1,High-Value
CUST-BD-00002,92,1.8,216.60000000000002,2163.74,3.95,2,0.0,0.0,0,Moderate-Spender
CUST-BD-00003,48,2.41,1507.1,14000.67,4.05,6,7.5,0.16666666666666666,1,High-Value
CUST-BD-00004,7,3.4,1329.53,3324.95,4.014285714285714,7,5.714285714285714,0.14285714285714285,1,High-Value
CUST-BD-00005,104,3.03,956.54,13364.39,4.575,4,0.0,0.25,0,Moderate-Spender
CUST-BD-00006,2,4.13,8139.5,73775.13,3.9962962962962965,27,5.7407407407407405,0.037037037037037035,2,VIP-Platinum
CUST-BD-00007,16,1.2099999999999997,2887.79,17806.02,4.171428571428572,7,2.142857142857143,0.0,1,High-Value
CUST-BD-00008,392,0.55,1167.9,1831.65,3.8,1,0.0,0.0,0,Moderate-Spender
CUST-BD-00009,268,0.41,406.33,4208.4,4.1,2,7.5,0.5,3,Low-Engagement
CUST-BD-00010,44,8.45,2472.83,14138.64,4.3,4,7.5,0.0,1,High-Value
CUST-BD-00011,22,1.64,2519.88,11118.0,3.925,8,4.375,0.0,1,High-Value
CUST-BD-00012,5,4.12,6844.96,19535.82,4.157142857142857,21,6.190476190476191,0.047619047619047616,2,VIP-Platinum
CUST-BD-00013,78,0.77,1279.0700000000002,8207.33,3.775,4,5.0,0.25,0,Moderate-Spender
CUST-BD-00014,33,9.41,1833.76,485864.05,4.6,5,6.0,0.0,2,VIP-Platinum
CUST-BD-00015,20,1.28,1436.53,6222.39,4.228571428571429,7,7.857142857142857,0.0,1,High-Value
CUST-BD-00016,15,12.0,588.64,75968.57,3.957142857142857,7,4.285714285714286,0.0,1,High-Value
CUST-BD-00017,4,2.19,5966.92,17621.21,4.177272727272728,22,6.363636363636363,0.09090909090909091,1,High-Value
CUST-BD-00018,23,6.66,3853.2599999999998,29112.01,3.8333333333333335,12,4.166666666666667,0.0,1,High-Value
CUST-BD-00019,3,10.07,1718.83,86825.5,4.12,10,5.0,0.0,2,VIP-Platinum
CUST-BD-00020,99,1.24,2893.81,7079.14,4.257142857142857,7,2.857142857142857,0.0,1,High-Value
CUST-BD-00021,18,3.4900000000000007,1582.02,28324.15,3.78,5,5.0,0.0,1,High-Value
CUST-BD-00022,18,3.01,2428.08,21998.99,4.175,8,6.875,0.0,1,High-Value
CUST-BD-00023,10,4.19,2083.41,19831.33,4.116666666666666,6,6.666666666666667,0.0,1,High-Value
CUST-BD-00024,8,1.85,2063.57,57132.48,4.24,10,1.5,0.1,1,High-Value
CUST-BD-00025,17,4.97,4185.52,26240.25,4.138461538461538,13,7.3076923076923075,0.0,1,High-Value
CUST-BD-00026,50,1.66,1086.0,5260.93,4.3,3,5.0,0.0,1,High-Value
CUST-BD-00027,0,3.29,5296.71,22751.6,4.0,19,5.7894736842105265,0.05263157894736842,1,High-Value
CUST-BD-00028,13,3.3299999999999996,1364.83,16473.76,3.81,10,6.5,0.1,1,High-Value
CUST-BD-00029,64,1.57,3376.3,19348.37,3.8125,8,8.125,0.0,1,High-Value
CUST-BD-00030,128,0.99,607.64,6501.67,4.1,1,0.0,0.0,0,Moderate-Spender
CUST-BD-00031,8,1.39,2838.82,75809.82,3.8428571428571425,14,6.071428571428571,0.0,1,High-Value
CUST-BD-00032,1,1.24,1213.4,38086.94,3.65,4,1.25,0.0,1,High-Value
CUST-BD-00033,11,1.89,3573.33,8634.36,4.416666666666667,6,5.833333333333333,0.16666666666666666,1,High-Value
CUST-BD-00034,38,0.42,2304.67,8138.75,4.285714285714286,7,4.285714285714286,0.0,1,High-Value
CUST-BD-00035,1,2.39,2626.2599999999998,31484.04,4.125,8,7.5,0.0,1,High-Value
CUST-BD-00036,292,2.11,182.32999999999998,11068.23,4.15,2,0.0,0.0,0,Moderate-Spender
CUST-BD-00037,192,0.59,423.36,1847.23,4.8,1,10.0,0.0,3,Low-Engagement
CUST-BD-00038,77,1.23,792.51,4171.83,4.1,2,5.0,0.0,0,Moderate-Spender
CUST-BD-00039,37,2.77,611.52,49733.41,4.066666666666666,3,11.666666666666666,0.0,3,Low-Engagement
CUST-BD-00040,5,7.55,6371.599999999999,52510.93,4.041666666666667,24,5.625,0.041666666666666664,2,VIP-Platinum
CUST-BD-00041,5,0.54,3054.03,11034.68,4.1000000000000005,11,2.727272727272727,0.0,1,High-Value
CUST-BD-00042,0,0.93,1592.08,11824.02,4.208333333333333,12,5.0,0.0,1,High-Value
CUST-BD-00043,0,1.41,1664.0,10781.42,3.8000000000000003,3,3.3333333333333335,0.0,1,High-Value
CUST-BD-00044,124,0.88,89.1,3018.66,4.5,1,10.0,0.0,3,Low-Engagement
CUST-BD-00045,83,2.7,2392.19,14391.16,4.275,4,3.75,0.0,1,High-Value
CUST-BD-00048,1,9.25,6146.14,110201.83,4.0052631578947375,19,6.842105263157895,0.15789473684210525,2,VIP-Platinum
CUST-BD-00049,69,1.49,788.49,23293.75,3.9333333333333336,3,3.3333333333333335,0.3333333333333333,0,Moderate-Spender
CUST-BD-00051,46,0.86,1563.3500000000001,7869.79,4.314285714285714,7,6.428571428571429,0.14285714285714285,1,High-Value
CUST-BD-00052,72,0.64,4516.83,19688.4,4.5,9,5.0,0.0,1,High-Value
CUST-BD-00053,30,1.19,945.66,11885.86,4.185714285714286,7,5.714285714285714,0.0,1,High-Value
CUST-BD-00054,138,1.07,1084.62,2783.01,4.533333333333333,3,1.6666666666666667,0.0,0,Moderate-Spender
CUST-BD-00055,219,0.47,787.11,4034.65,4.1000000000000005,3,3.3333333333333335,0.0,0,Moderate-Spender
CUST-BD-00056,131,2.29,649.04,10382.41,4.199999999999999,2,0.0,0.0,0,Moderate-Spender
CUST-BD-00057,41,0.91,297.67999999999995,6282.95,4.35,2,7.5,0.0,3,Low-Engagement
CUST-BD-00058,6,2.32,4873.93,31899.71,4.044444444444444,18,5.833333333333333,0.05555555555555555,1,High-Value
CUST-BD-00060,3,2.22,3691.5200000000004,108956.88,4.266666666666667,12,8.75,0.0,1,High-Value
CUST-BD-00061,0,4.56,10514.82,45724.52,4.1625,32,4.84375,0.03125,2,VIP-Platinum
CUST-BD-00062,148,0.20000000000000004,1221.77,6676.81,4.466666666666667,3,8.333333333333334,0.3333333333333333,3,Low-Engagement
CUST-BD-00064,85,1.5,183.94,11135.85,3.75,2,10.0,0.5,3,Low-Engagement
CUST-BD-00065,1,1.9,6937.6,97054.21,4.115,20,3.5,0.1,2,VIP-Platinum
CUST-BD-00066,155,1.92,126.2,1955.15,4.2,1,0.0,0.0,0,Moderate-Spender
CUST-BD-00068,23,1.2,572.17,7479.92,4.279999999999999,5,6.0,0.4,1,High-Value
CUST-BD-00069,0,1.8900000000000001,3519.33,35804.44,4.092307692307693,13,5.384615384615385,0.0,1,High-Value
CUST-BD-00070,285,1.28,169.12,3014.24,4.0,1,0.0,0.0,0,Moderate-Spender
CUST-BD-00072,268,1.46,375.21000000000004,5968.57,3.7,2,7.5,0.0,3,Low-Engagement
CUST-BD-00073,6,12.0,6210.53,60671.88,4.26,25,5.8,0.0,2,VIP-Platinum
CUST-BD-00074,13,1.15,2219.81,14834.17,3.5199999999999996,5,6.0,0.0,1,High-Value
CUST-BD-00075,100,4.01,212.4,11176.6,4.2,1,0.0,0.0,0,Moderate-Spender
CUST-BD-00076,23,2.87,3985.74,73816.44,4.033333333333333,15,5.333333333333333,0.0,1,High-Value
CUST-BD-00077,270,0.68,437.6,6790.58,3.85,2,7.5,0.0,3,Low-Engagement
CUST-BD-00078,10,2.53,2054.94,49346.55,3.6999999999999997,7,7.857142857142857,0.0,1,High-Value
CUST-BD-00079,321,0.84,675.65,10686.05,4.9,1,15.0,0.0,3,Low-Engagement
CUST-BD-00081,29,1.73,1118.77,6407.98,3.8285714285714283,7,5.0,0.0,1,High-Value
CUST-BD-00082,55,0.9399999999999998,1553.9299999999998,8729.21,3.96,5,1.0,0.0,0,Moderate-Spender
CUST-BD-00083,10,4.01,6297.07,32292.94,3.9812499999999997,16,2.5,0.125,1,High-Value
CUST-BD-00084,56,2.29,901.78,11775.85,4.0200000000000005,5,3.0,0.0,1,High-Value
CUST-BD-00085,229,0.63,1061.24,2048.14,3.95,2,0.0,0.0,0,Moderate-Spender
CUST-BD-00086,12,2.15,2248.51,94429.95,3.8200000000000003,10,6.5,0.0,1,High-Value
CUST-BD-00088,313,1.5200000000000002,351.8,23106.53,4.1,3,0.0,0.0,0,Moderate-Spender
CUST-BD-00089,292,0.52,950.13,1030.23,4.7,1,0.0,0.0,0,Moderate-Spender
CUST-BD-00090,16,5.62,1121.72,37103.36,4.366666666666667,3,8.333333333333334,0.0,1,High-Value
CUST-BD-00091,50,0.51,1286.05,5729.98,3.675,4,7.5,0.0,3,Low-Engagement
CUST-BD-00092,1,1.39,2858.98,32415.8,4.0125,8,1.875,0.125,1,High-Value
CUST-BD-00093,7,4.24,2810.05,22799.92,3.8600000000000003,10,6.0,0.1,1,High-Value
CUST-BD-00094,29,0.65,2008.8000000000002,6915.2,4.2625,8,6.25,0.0,1,High-Value
CUST-BD-00095,203,0.63,201.87,1432.95,3.8499999999999996,2,12.5,0.0,3,Low-Engagement
CUST-BD-00096,7,1.01,1675.62,6370.77,4.1,5,2.0,0.0,1,High-Value
CUST-BD-00097,150,0.43,86.33,1428.44,3.1,1,10.0,0.0,3,Low-Engagement
CUST-BD-00098,2,6.29,5333.3099999999995,109376.25,4.086666666666667,15,1.6666666666666667,0.06666666666666667,2,VIP-Platinum
CUST-BD-00099,345,0.71,572.0,1707.02,4.3,1,0.0,0.0,0,Moderate-Spender
CUST-BD-00100,331,0.95,253.32,505.19,5.0,1,0.0,0.0,0,Moderate-Spender
CUST-BD-00101,50,0.87,1930.1999999999998,10756.6,3.9,7,4.285714285714286,0.14285714285714285,1,High-Value
CUST-BD-00102,312,0.98,646.49,17245.41,4.5,2,2.5,0.0,0,Moderate-Spender
CUST-BD-00103,116,2.97,2040.33,9305.51,4.15,4,2.5,0.0,0,Moderate-Spender
CUST-BD-00104,3,2.83,2450.07,16426.14,3.972727272727273,11,7.2727272727272725,0.18181818181818182,1,High-Value
CUST-BD-00105,5,3.91,3265.23,54727.58,4.133333333333334,12,6.25,0.08333333333333333,1,High-Value
CUST-BD-00106,34,2.43,4224.6,15360.85,4.177777777777778,9,6.111111111111111,0.1111111111111111,1,High-Value
CUST-BD-00107,33,2.06,2350.36,9071.97,4.2,6,10.0,0.0,1,High-Value
CUST-BD-00108,137,0.41,550.9,10856.67,5.0,1,0.0,0.0,0,Moderate-Spender
CUST-BD-00109,54,6.03,2136.88,66876.17,4.1,7,3.5714285714285716,0.14285714285714285,1,High-Value
CUST-BD-00110,333,0.54,374.4,3535.77,3.3,1,0.0,0.0,0,Moderate-Spender
CUST-BD-00111,275,0.35,552.24,2884.5,3.9,1,0.0,0.0,0,Moderate-Spender
CUST-BD-00112,173,0.39,327.07,4369.5,4.4,1,5.0,0.0,0,Moderate-Spender
CUST-BD-00113,70,1.3800000000000001,2206.77,5490.91,4.057142857142857,7,3.5714285714285716,0.0,1,High-Value
CUST-BD-00115,109,0.7600000000000001,544.98,397.43,4.0,3,1.6666666666666667,0.0,0,Moderate-Spender
CUST-BD-00116,227,0.36000000000000004,359.22,5888.21,3.766666666666667,3,11.666666666666666,0.0,3,Low-Engagement
CUST-BD-00117,224,1.13,548.86,1509.14,4.3,3,5.0,0.0,0,Moderate-Spender
CUST-BD-00118,112,1.2,566.89,13818.42,4.6,1,0.0,0.0,0,Moderate-Spender
CUST-BD-00119,61,0.51,165.68,5961.78,3.25,2,7.5,0.0,3,Low-Engagement
CUST-BD-00120,1,2.83,3889.91,49004.63,3.9266666666666667,15,4.0,0.2,1,High-Value
CUST-BD-00121,0,8.64,6541.78,118786.54,4.205,20,4.75,0.05,2,VIP-Platinum
CUST-BD-00122,13,3.14,2729.67,58858.99,4.1,8,3.75,0.0,1,High-Value
CUST-BD-00123,2,2.37,2296.02,14402.25,3.8714285714285714,14,3.9285714285714284,0.07142857142857142,1,High-Value
CUST-BD-00124,1,5.02,10212.24,42773.09,3.986206896551724,29,5.0,0.10344827586206896,2,VIP-Platinum
CUST-BD-00125,109,3.1300000000000003,1133.36,12945.0,4.166666666666667,3,8.333333333333334,0.0,3,Low-Engagement
CUST-BD-00126,162,2.86,1540.06,9770.14,3.875,4,7.5,0.0,3,Low-Engagement
CUST-BD-00127,2,3.9100000000000006,3769.07,29010.62,4.180000000000001,15,3.0,0.06666666666666667,1,High-Value
CUST-BD-00128,10,1.74,890.66,23122.71,4.199999999999999,4,8.75,0.0,1,High-Value
CUST-BD-00129,10,5.71,2547.73,21950.37,3.6142857142857143,7,5.0,0.0,1,High-Value
CUST-BD-00130,58,0.9,980.3199999999999,1438.86,3.85,2,0.0,0.0,0,Moderate-Spender
CUST-BD-00131,14,1.77,2390.04,14344.22,4.0125,8,3.75,0.0,1,High-Value
CUST-BD-00132,5,2.86,5039.110000000001,13691.23,4.076923076923077,13,3.4615384615384617,0.0,1,High-Value
CUST-BD-00133,180,1.95,362.6,4241.3,3.25,2,7.5,0.0,3,Low-Engagement
CUST-BD-00134,34,0.3,2705.55,6437.8,3.7222222222222223,9,6.111111111111111,0.1111111111111111,1,High-Value
CUST-BD-00135,45,2.82,2207.88,10655.89,3.6571428571428575,7,2.857142857142857,0.0,1,High-Value
CUST-BD-00136,7,1.59,4214.3,23653.55,4.081818181818182,11,2.727272727272727,0.0,1,High-Value
CUST-BD-00137,10,2.16,4578.71,45882.19,4.435714285714286,14,4.642857142857143,0.07142857142857142,1,High-Value
CUST-BD-00138,40,0.74,428.77,10899.27,3.4000000000000004,2,7.5,0.0,3,Low-Engagement
CUST-BD-00140,134,0.58,116.48,3468.33,5.0,1,10.0,0.0,3,Low-Engagement
CUST-BD-00141,34,5.22,1464.12,18769.44,4.1875,8,8.125,0.0,1,High-Value
CUST-BD-00142,271,1.42,415.28,4291.63,4.1,1,0.0,0.0,0,Moderate-Spender
CUST-BD-00143,56,9.31,3370.84,20867.14,3.9200000000000004,10,8.5,0.0,1,High-Value
CUST-BD-00144,58,0.74,53.17,3200.07,3.7,1,0.0,0.0,0,Moderate-Spender
CUST-BD-00145,1,5.32,2239.35,70704.12,3.7714285714285714,7,7.142857142857143,0.0,1,High-Value
CUST-BD-00146,15,2.46,984.42,24345.41,4.16,5,5.0,0.4,1,High-Value
CUST-BD-00147,3,1.0,3201.65,17057.78,4.511111111111111,9,2.2222222222222223,0.0,1,High-Value
CUST-BD-00149,17,2.61,3890.82,27763.99,4.177777777777778,9,4.444444444444445,0.0,1,High-Value
CUST-BD-00150,4,3.14,2326.71,248871.34,4.3,6,3.3333333333333335,0.0,2,VIP-Platinum
CUST-BD-00151,212,0.22,622.8,1173.18,4.4,1,10.0,0.0,3,Low-Engagement
CUST-BD-00153,358,0.8,377.64,1671.43,4.5,1,10.0,1.0,3,Low-Engagement
CUST-BD-00154,305,2.48,848.24,5487.85,3.4,3,11.666666666666666,0.0,3,Low-Engagement
CUST-BD-00155,214,0.67,287.8,5844.98,3.8,2,2.5,0.0,0,Moderate-Spender
CUST-BD-00157,14,2.16,3840.84,46584.5,4.25625,16,3.125,0.0,1,High-Value
CUST-BD-00158,201,0.63,904.9300000000001,961.18,4.2,2,10.0,0.0,3,Low-Engagement
CUST-BD-00159,219,0.69,959.08,1850.45,3.7,1,15.0,0.0,3,Low-Engagement
CUST-BD-00160,195,1.13,686.9,1543.26,4.0,2,5.0,0.0,0,Moderate-Spender
CUST-BD-00161,19,1.6900000000000002,972.62,5449.94,4.433333333333334,3,6.666666666666667,0.0,1,High-Value
CUST-BD-00162,14,0.47,1848.2300000000002,4543.8,3.875,4,3.75,0.0,1,High-Value
CUST-BD-00163,22,10.66,2721.9,22116.84,3.988888888888889,9,5.0,0.0,1,High-Value
CUST-BD-00164,9,1.38,402.41999999999996,4835.38,3.8,2,0.0,0.0,0,Moderate-Spender
CUST-BD-00167,3,3.36,5231.71,40364.14,4.213333333333334,15,5.333333333333333,0.0,1,High-Value
CUST-BD-00168,25,4.68,3651.41,19902.36,3.8428571428571425,14,6.071428571428571,0.0,1,High-Value
CUST-BD-00169,17,0.85,2699.17,9311.94,4.0,5,5.0,0.0,1,High-Value
CUST-BD-00170,243,0.99,82.67,1687.54,3.9,1,5.0,0.0,0,Moderate-Spender
CUST-BD-00171,119,0.73,1588.12,2427.0,4.0,2,0.0,0.0,0,Moderate-Spender
CUST-BD-00172,147,0.6,513.37,16902.16,4.7,2,5.0,0.0,0,Moderate-Spender
CUST-BD-00174,81,1.38,1125.08,10976.74,4.075,4,1.25,0.0,0,Moderate-Spender
CUST-BD-00175,91,0.38,350.76,1837.56,3.8499999999999996,2,7.5,0.0,3,Low-Engagement
CUST-BD-00176,0,5.42,3792.47,52157.46,4.15,16,6.5625,0.0625,1,High-Value
CUST-BD-00177,58,2.68,859.55,13720.17,4.316666666666666,6,5.0,0.16666666666666666,1,High-Value
CUST-BD-00178,50,0.85,1899.6299999999999,3650.93,4.3428571428571425,7,6.428571428571429,0.0,1,High-Value
CUST-BD-00179,1,7.05,8803.89,32621.96,4.003571428571428,28,5.357142857142857,0.0,2,VIP-Platinum
CUST-BD-00180,57,1.79,1335.1399999999999,9015.16,3.8666666666666667,6,5.833333333333333,0.0,1,High-Value
CUST-BD-00181,343,0.67,74.39,4475.84,5.0,1,10.0,0.0,3,Low-Engagement
CUST-BD-00182,91,1.2,321.19,22151.03,3.8333333333333335,3,6.666666666666667,0.0,3,Low-Engagement
CUST-BD-00183,7,1.47,2472.92,17385.99,4.05,10,3.0,0.0,1,High-Value
CUST-BD-00184,7,5.36,4121.11,31974.78,4.069230769230769,13,4.615384615384615,0.0,1,High-Value
CUST-BD-00185,23,4.01,3149.42,84292.19,4.4875,8,1.25,0.0,1,High-Value
CUST-BD-00186,72,0.55,948.71,7130.62,3.8,4,5.0,0.0,0,Moderate-Spender
CUST-BD-00187,3,1.85,5464.2,77421.42,3.715,20,4.0,0.05,1,High-Value
CUST-BD-00188,76,0.25,159.47,1065.81,3.8,1,5.0,0.0,0,Moderate-Spender
CUST-BD-00189,241,0.33,29.04,2032.14,4.0,1,0.0,0.0,0,Moderate-Spender
CUST-BD-00190,352,0.46,169.0,1490.72,4.1,1,5.0,0.0,0,Moderate-Spender
CUST-BD-00191,20,1.25,1005.82,27677.44,4.3,6,5.0,0.0,1,High-Value
CUST-BD-00193,339,0.69,426.67,2596.74,3.4,2,0.0,0.5,0,Moderate-Spender
CUST-BD-00194,2,5.84,9057.119999999999,125718.37,4.033333333333333,27,3.888888888888889,0.037037037037037035,2,VIP-Platinum
CUST-BD-00195,173,1.31,117.21,1739.8,3.5999999999999996,2,2.5,0.0,0,Moderate-Spender
CUST-BD-00196,40,0.28,130.5,545.69,3.4,1,0.0,0.0,0,Moderate-Spender
CUST-BD-00197,265,0.84,1102.4,1582.19,4.025,4,0.0,0.0,0,Moderate-Spender
CUST-BD-00198,313,0.84,86.63,3915.99,4.0,1,15.0,0.0,3,Low-Engagement
CUST-BD-00199,91,0.35,49.4,3251.72,3.7,1,5.0,0.0,0,Moderate-Spender
CUST-BD-00200,199,0.94,27.0,1975.95,3.9,1,10.0,0.0,3,Low-Engagement
CUST-BD-00201,95,0.86,55.56,3896.16,4.2,1,0.0,0.0,0,Moderate-Spender
CUST-BD-00202,7,3.1199999999999997,4797.95,26386.48,4.041666666666667,12,5.0,0.0,1,High-Value
CUST-BD-00203,46,0.42,2451.1,5545.17,4.171428571428572,7,2.142857142857143,0.0,1,High-Value
CUST-BD-00204,67,2.72,1565.3,17144.04,4.275,4,6.25,0.0,1,High-Value
CUST-BD-00205,21,1.8099999999999998,409.5,7620.2,3.8666666666666667,3,5.0,0.0,1,High-Value
CUST-BD-00206,3,4.0,3174.63,64800.63,4.0600000000000005,10,7.0,0.0,1,High-Value
CUST-BD-00207,1,0.5,2398.41,10556.57,4.209090909090909,11,5.0,0.09090909090909091,1,High-Value
CUST-BD-00210,381,1.43,304.72,3362.25,3.8,1,15.0,0.0,3,Low-Engagement
CUST-BD-00211,41,0.38,400.05999999999995,2189.35,4.0,2,10.0,0.0,3,Low-Engagement
CUST-BD-00212,37,7.22,3806.39,41585.06,4.116666666666666,12,9.166666666666666,0.0,1,High-Value
CUST-BD-00213,276,2.7,1165.5,11965.06,4.2,1,0.0,0.0,0,Moderate-Spender
CUST-BD-00214,169,0.79,350.59,1023.13,4.0,2,0.0,0.0,0,Moderate-Spender
CUST-BD-00215,348,1.31,605.28,2009.97,3.4,1,5.0,0.0,0,Moderate-Spender
CUST-BD-00216,13,1.9,2451.5899999999997,40116.3,4.064285714285714,14,3.2142857142857144,0.0,1,High-Value
CUST-BD-00217,76,1.05,735.3199999999999,14903.95,3.725,4,3.75,0.0,0,Moderate-Spender
CUST-BD-00218,158,1.16,145.2,2404.2,4.7,1,15.0,0.0,3,Low-Engagement
CUST-BD-00219,1,1.91,4369.47,25132.75,3.975,16,6.875,0.0625,1,High-Value
CUST-BD-00220,54,0.77,503.43,4939.17,4.0600000000000005,5,11.0,0.4,3,Low-Engagement
CUST-BD-00221,25,1.34,1028.0,17280.24,4.183333333333334,6,5.0,0.0,1,High-Value
CUST-BD-00222,224,0.98,275.0,16177.22,3.0,2,10.0,0.0,3,Low-Engagement
CUST-BD-00223,3,4.46,889.57,19890.37,4.3500000000000005,6,5.0,0.0,1,High-Value
CUST-BD-00224,206,1.07,971.22,1309.01,4.449999999999999,2,7.5,0.5,3,Low-Engagement
CUST-BD-00225,4,4.37,9401.57,102215.59,4.053125,32,4.21875,0.03125,2,VIP-Platinum
CUST-BD-00226,5,1.84,2550.27,23103.6,4.214285714285714,7,2.857142857142857,0.14285714285714285,1,High-Value
CUST-BD-00227,77,1.93,2405.56,11310.87,4.125,4,5.0,0.0,1,High-Value
CUST-BD-00228,3,3.07,1007.69,62921.79,3.875,4,6.25,0.0,1,High-Value
CUST-BD-00229,2,7.04,7817.51,163377.68,4.156666666666667,30,4.666666666666667,0.0,2,VIP-Platinum
CUST-BD-00230,212,0.41,41.94,1588.69,4.5,1,0.0,0.0,0,Moderate-Spender
CUST-BD-00231,283,0.32,347.76,2148.38,3.9,2,5.0,0.0,0,Moderate-Spender
CUST-BD-00232,78,2.6,999.9699999999999,28165.54,3.7,5,5.0,0.2,1,High-Value
CUST-BD-00233,171,0.83,1507.5900000000001,2692.95,4.05,2,2.5,0.0,0,Moderate-Spender
CUST-BD-00234,45,1.24,651.14,4408.47,4.025,4,6.25,0.0,1,High-Value
CUST-BD-00235,291,2.78,377.82000000000005,13358.01,3.3,2,7.5,0.5,3,Low-Engagement
CUST-BD-00238,65,4.23,2304.59,116320.91,4.2,7,6.428571428571429,0.0,1,High-Value
CUST-BD-00239,125,0.33,94.38,2013.42,3.5,1,0.0,0.0,0,Moderate-Spender
CUST-BD-00240,369,0.53,135.15,5882.83,3.0,1,15.0,0.0,3,Low-Engagement
CUST-BD-00241,44,0.9,1172.1499999999999,6765.24,3.6999999999999997,3,11.666666666666666,0.0,3,Low-Engagement
CUST-BD-00243,247,0.91,455.65999999999997,5856.12,3.6,2,5.0,0.0,0,Moderate-Spender
CUST-BD-00244,2,6.28,7194.6,476599.59,4.136,25,5.8,0.04,2,VIP-Platinum
CUST-BD-00245,227,1.46,1086.8600000000001,4718.48,4.05,2,2.5,0.0,0,Moderate-Spender
CUST-BD-00246,54,2.23,1073.91,31937.7,4.466666666666667,3,11.666666666666666,0.0,3,Low-Engagement
CUST-BD-00247,317,0.36,202.51,3075.35,3.6,1,0.0,0.0,0,Moderate-Spender
CUST-BD-00248,1,7.69,10053.86,102082.16,3.975,32,3.4375,0.0625,2,VIP-Platinum
CUST-BD-00249,61,1.78,1641.3000000000002,22335.78,4.185714285714285,7,3.5714285714285716,0.0,1,High-Value
CUST-BD-00250,2,1.88,3610.2200000000003,20381.35,4.061538461538461,13,3.8461538461538463,0.07692307692307693,1,High-Value
CUST-BD-00251,373,0.65,1644.24,3506.95,3.5,2,7.5,0.0,3,Low-Engagement
CUST-BD-00252,122,1.35,1101.11,5517.12,4.0,5,3.0,0.0,0,Moderate-Spender
CUST-BD-00253,210,0.44,642.9,2812.48,4.1,2,0.0,0.0,0,Moderate-Spender
CUST-BD-00255,333,0.42,1113.02,1936.61,4.05,2,12.5,0.0,3,Low-Engagement
CUST-BD-00256,24,2.59,2683.82,128920.88,4.07,10,4.5,0.0,1,High-Value
CUST-BD-00257,140,1.96,221.53,2884.76,4.9,1,10.0,0.0,3,Low-Engagement
CUST-BD-00258,51,0.87,250.45,8467.3,3.9,2,2.5,0.0,0,Moderate-Spender
CUST-BD-00259,8,2.11,3952.18,19613.67,4.066666666666666,12,3.3333333333333335,0.0,1,High-Value
CUST-BD-00260,0,5.549999999999999,10059.96,92468.72,4.042307692307692,26,4.038461538461538,0.038461538461538464,2,VIP-Platinum
CUST-BD-00261,48,1.6599999999999997,1361.93,4754.96,4.6,5,6.0,0.2,1,High-Value
CUST-BD-00263,5,2.82,1599.1599999999999,47750.53,4.279999999999999,5,2.0,0.0,1,High-Value
CUST-BD-00264,2,4.8,6597.7,52836.89,3.970833333333333,24,3.125,0.125,2,VIP-Platinum
CUST-BD-00265,15,2.35,1006.98,8624.43,4.14,5,4.0,0.0,1,High-Value
CUST-BD-00266,8,1.2,2051.7,6505.85,4.2125,8,3.75,0.125,1,High-Value
CUST-BD-00267,48,2.59,1117.38,10449.76,3.725,4,1.25,0.25,0,Moderate-Spender
CUST-BD-00268,22,5.74,4465.42,31259.02,3.784615384615385,13,6.923076923076923,0.0,1,High-Value
CUST-BD-00270,190,1.41,411.91999999999996,16075.61,4.2,3,5.0,0.0,0,Moderate-Spender
CUST-BD-00271,62,1.4799999999999998,1308.5,18471.78,3.6666666666666665,3,6.666666666666667,0.0,1,High-Value
CUST-BD-00272,87,1.41,1328.82,3029.45,4.2,4,6.25,0.0,1,High-Value
CUST-BD-00273,238,0.48,582.37,1774.2,4.666666666666667,3,3.3333333333333335,0.0,0,Moderate-Spender
CUST-BD-00274,14,2.08,2930.4800000000005,127331.0,3.9125,8,9.375,0.0,1,High-Value
CUST-BD-00275,188,1.4,71.06,14936.89,3.8,1,10.0,0.0,3,Low-Engagement
CUST-BD-00276,10,0.91,622.23,1504.63,4.233333333333333,3,5.0,0.0,1,High-Value
CUST-BD-00277,187,0.5,222.12,3265.17,4.15,2,0.0,0.0,0,Moderate-Spender
CUST-BD-00279,6,3.54,10426.94,119875.38,3.9620689655172416,29,4.482758620689655,0.1724137931034483,2,VIP-Platinum
CUST-BD-00281,0,4.33,5121.84,39309.1,4.047058823529412,17,3.5294117647058822,0.058823529411764705,1,High-Value
CUST-BD-00282,40,0.94,1085.3400000000001,11825.1,4.55,4,3.75,0.0,0,Moderate-Spender
CUST-BD-00283,4,6.5,2424.71,85391.72,3.966666666666667,9,2.7777777777777777,0.1111111111111111,1,High-Value
CUST-BD-00284,2,5.26,7104.860000000001,131325.28,4.103846153846154,26,5.1923076923076925,0.038461538461538464,2,VIP-Platinum
CUST-BD-00285,1,12.0,5302.110000000001,106780.99,4.172727272727273,11,4.545454545454546,0.09090909090909091,2,VIP-Platinum
CUST-BD-00286,5,3.7,2739.11,35897.82,4.386666666666667,15,7.666666666666667,0.0,1,High-Value
CUST-BD-00287,35,2.18,2473.64,7833.08,3.9142857142857146,7,7.142857142857143,0.0,1,High-Value
CUST-BD-00288,320,1.11,284.76,1184.08,3.8,1,0.0,0.0,0,Moderate-Spender
CUST-BD-00289,233,1.59,36.59,3737.92,4.5,1,5.0,0.0,0,Moderate-Spender
CUST-BD-00290,48,1.26,486.59999999999997,23661.47,4.333333333333333,3,8.333333333333334,0.0,3,Low-Engagement
CUST-BD-00291,36,1.51,559.3199999999999,3231.64,3.733333333333333,3,8.333333333333334,0.0,3,Low-Engagement
CUST-BD-00292,58,1.14,447.68,15447.63,4.1,1,0.0,0.0,0,Moderate-Spender
CUST-BD-00293,263,0.57,335.92,1468.19,4.4,1,10.0,0.0,3,Low-Engagement
CUST-BD-00294,5,3.22,4364.72,24474.49,4.073333333333333,15,1.3333333333333333,0.06666666666666667,1,High-Value
CUST-BD-00296,226,0.58,1055.75,2152.39,4.1,2,7.5,0.0,3,Low-Engagement
CUST-BD-00297,6,3.97,3041.55,19842.34,4.5625,8,1.875,0.0,1,High-Value
CUST-BD-00298,19,3.32,1185.14,7238.68,4.75,2,0.0,0.0,0,Moderate-Spender
CUST-BD-00299,5,3.27,2213.19,33466.69,4.118181818181818,11,3.1818181818181817,0.0,1,High-Value
CUST-BD-00300,23,0.94,1487.1499999999999,16766.24,4.044444444444444,9,4.444444444444445,0.0,1,High-Value
CUST-BD-00301,6,5.55,5543.98,72256.5,4.110526315789474,19,4.7368421052631575,0.05263157894736842,2,VIP-Platinum
CUST-BD-00302,386,0.22,64.46,930.6,4.1,1,15.0,0.0,3,Low-Engagement
CUST-BD-00303,91,1.05,1508.58,1878.13,4.633333333333334,3,1.6666666666666667,0.0,0,Moderate-Spender
CUST-BD-00304,47,1.02,2747.9,7063.41,4.233333333333333,6,7.5,0.0,1,High-Value
CUST-BD-00305,38,1.3999999999999997,1239.26,1477.38,3.733333333333333,6,5.0,0.0,1,High-Value
CUST-BD-00306,70,1.49,354.02,27814.9,4.166666666666667,3,1.6666666666666667,0.0,0,Moderate-Spender
CUST-BD-00307,6,4.17,8620.84,29529.42,4.246153846153846,26,7.115384615384615,0.038461538461538464,2,VIP-Platinum
CUST-BD-00308,123,0.89,59.43,2005.17,4.4,1,15.0,0.0,3,Low-Engagement
CUST-BD-00309,5,4.46,3855.89,35743.0,4.18,15,6.666666666666667,0.13333333333333333,1,High-Value
CUST-BD-00310,7,1.13,2548.22,5882.69,4.066666666666666,6,6.666666666666667,0.16666666666666666,1,High-Value
CUST-BD-00311,334,0.58,1653.78,1872.48,4.333333333333333,3,11.666666666666666,0.0,3,Low-Engagement
CUST-BD-00312,38,2.7,2815.3599999999997,11129.84,4.220000000000001,5,8.0,0.0,1,High-Value
CUST-BD-00313,6,2.78,5155.5599999999995,11819.92,4.142857142857143,14,6.071428571428571,0.0,1,High-Value
CUST-BD-00314,8,4.94,7717.799999999999,35631.3,4.227777777777778,18,3.611111111111111,0.0,2,VIP-Platinum
CUST-BD-00315,146,0.5,788.83,3805.49,4.3,1,10.0,0.0,3,Low-Engagement
CUST-BD-00316,62,0.75,1398.18,16987.51,4.12,5,3.0,0.2,0,Moderate-Spender
CUST-BD-00317,141,0.8000000000000002,304.22,1601.32,4.066666666666666,3,1.6666666666666667,0.3333333333333333,0,Moderate-Spender
CUST-BD-00318,226,1.09,546.63,6841.86,4.4,1,5.0,0.0,0,Moderate-Spender
CUST-BD-00319,7,1.74,1862.16,14460.1,4.383333333333334,6,5.0,0.0,1,High-Value
CUST-BD-00320,3,1.92,2722.14,42186.99,3.66,10,5.0,0.0,1,High-Value
CUST-BD-00321,20,4.27,1225.79,16572.32,4.1,4,3.75,0.25,1,High-Value
CUST-BD-00322,0,1.89,11757.54,51115.1,4.113333333333333,30,5.5,0.06666666666666667,2,VIP-Platinum
CUST-BD-00323,56,1.13,933.8399999999999,2022.29,4.3,3,6.666666666666667,0.0,3,Low-Engagement
CUST-BD-00324,55,1.8,2418.66,15934.01,4.142857142857143,7,2.142857142857143,0.14285714285714285,1,High-Value
CUST-BD-00325,120,0.91,443.54999999999995,1549.02,4.15,2,0.0,0.0,0,Moderate-Spender
CUST-BD-00326,4,2.08,2137.92,28328.93,3.988888888888889,9,8.88888888888889,0.0,1,High-Value
CUST-BD-00327,199,0.64,504.28,3585.52,3.9,2,12.5,0.0,3,Low-Engagement
CUST-BD-00328,203,0.82,1342.88,3010.79,3.4333333333333336,3,8.333333333333334,0.0,3,Low-Engagement
CUST-BD-00329,2,3.05,5682.67,35442.31,4.275,16,2.5,0.0,1,High-Value
CUST-BD-00330,189,0.26,234.58999999999997,2595.64,4.3,2,7.5,0.0,3,Low-Engagement
CUST-BD-00331,37,4.1,1743.8899999999999,9904.24,4.075,8,3.75,0.125,1,High-Value
CUST-BD-00332,1,8.58,15190.82,158466.34,3.960526315789474,38,4.605263157894737,0.07894736842105263,2,VIP-Platinum
CUST-BD-00333,64,1.6299999999999997,1845.1200000000001,38549.12,4.0600000000000005,5,8.0,0.0,1,High-Value
CUST-BD-00334,102,1.69,1024.5,13111.61,3.925,4,6.25,0.0,3,Low-Engagement
CUST-BD-00335,5,12.0,8983.4,205016.68,3.986206896551724,29,2.0689655172413794,0.0,2,VIP-Platinum
CUST-BD-00336,97,1.06,1635.58,8464.42,4.1,5,8.0,0.0,3,Low-Engagement
CUST-BD-00337,163,0.41,321.32,1660.88,4.1,2,0.0,0.0,0,Moderate-Spender
CUST-BD-00338,14,5.11,3771.33,21811.42,4.22,15,3.3333333333333335,0.0,1,High-Value
CUST-BD-00339,12,2.06,1374.06,6340.06,4.12,5,6.0,0.2,1,High-Value
CUST-BD-00340,105,1.84,440.58,29348.07,3.8249999999999997,4,6.25,0.0,3,Low-Engagement
CUST-BD-00341,36,2.91,2092.26,18719.4,3.9555555555555557,9,1.6666666666666667,0.0,1,High-Value
CUST-BD-00342,248,0.82,990.03,4563.33,3.8,2,0.0,0.0,0,Moderate-Spender
CUST-BD-00343,12,1.95,3044.46,25778.91,3.8600000000000003,10,4.5,0.1,1,High-Value
CUST-BD-00344,37,0.92,298.19,2058.42,3.8666666666666667,3,5.0,0.0,0,Moderate-Spender
CUST-BD-00345,0,3.86,4992.35,34957.09,4.1,14,3.9285714285714284,0.0,1,High-Value
CUST-BD-00346,10,3.05,3557.15,40277.98,4.279999999999999,10,4.5,0.0,1,High-Value
CUST-BD-00347,5,7.410000000000001,7297.9,135084.73,4.347619047619047,21,5.0,0.09523809523809523,2,VIP-Platinum
CUST-BD-00348,35,0.99,1919.92,1967.58,4.34,5,4.0,0.2,1,High-Value
CUST-BD-00349,20,2.65,1767.46,9753.65,4.316666666666666,6,10.0,0.0,1,High-Value
CUST-BD-00350,31,0.74,1255.92,5635.59,3.95,4,3.75,0.0,1,High-Value
CUST-BD-00352,367,0.8,201.31,1770.96,4.7,1,15.0,0.0,3,Low-Engagement
CUST-BD-00353,6,3.08,978.39,10449.72,3.8333333333333335,3,6.666666666666667,0.0,1,High-Value
CUST-BD-00354,91,2.26,70.55,11528.07,3.8,1,0.0,0.0,0,Moderate-Spender
CUST-BD-00355,4,5.01,9721.81,37688.29,4.075,32,3.90625,0.03125,2,VIP-Platinum
CUST-BD-00356,39,0.72,2483.2,1915.7,3.88,5,1.0,0.0,0,Moderate-Spender
CUST-BD-00357,205,4.0,598.17,14152.26,3.9,2,5.0,0.0,0,Moderate-Spender
CUST-BD-00358,62,2.42,881.46,36620.0,3.9,4,3.75,0.0,1,High-Value
CUST-BD-00359,135,0.76,308.34,1820.22,3.3,1,0.0,0.0,0,Moderate-Spender
CUST-BD-00360,0,3.0,974.74,17406.14,4.34,5,4.0,0.0,1,High-Value
CUST-BD-00361,80,1.19,692.22,12248.69,4.3,3,8.333333333333334,0.3333333333333333,3,Low-Engagement
CUST-BD-00362,2,1.9200000000000002,1853.77,22063.01,3.6666666666666665,9,2.2222222222222223,0.1111111111111111,1,High-Value
CUST-BD-00363,99,4.49,1586.56,7588.13,4.033333333333333,3,6.666666666666667,0.0,1,High-Value
CUST-BD-00364,10,4.58,2462.72,67847.35,3.6333333333333337,9,5.0,0.1111111111111111,1,High-Value
CUST-BD-00365,1,12.0,8578.470000000001,220328.66,4.204000000000001,25,6.2,0.0,2,VIP-Platinum
CUST-BD-00366,273,0.67,524.69,5948.01,4.45,2,7.5,0.0,3,Low-Engagement
CUST-BD-00367,64,1.23,1787.7,25902.51,4.5200000000000005,5,3.0,0.0,1,High-Value
CUST-BD-00368,14,6.06,3839.93,39246.75,3.8000000000000003,12,5.416666666666667,0.0,1,High-Value
CUST-BD-00370,185,1.77,258.3,8551.86,3.9,1,10.0,0.0,3,Low-Engagement
CUST-BD-00371,165,2.82,189.68,2898.34,2.7,1,10.0,0.0,3,Low-Engagement
CUST-BD-00373,0,0.5,2443.62,9987.14,3.8375,8,6.875,0.125,1,High-Value
CUST-BD-00374,1,1.5300000000000002,3575.3300000000004,62376.35,3.963636363636364,11,5.0,0.0,1,High-Value
CUST-BD-00375,34,0.66,1046.1,4193.25,3.65,2,0.0,0.0,0,Moderate-Spender
CUST-BD-00377,2,4.25,3988.34,142428.75,3.892857142857143,14,3.2142857142857144,0.07142857142857142,2,VIP-Platinum
CUST-BD-00378,16,3.19,3537.8599999999997,44178.08,4.0625,16,7.8125,0.0625,1,High-Value
CUST-BD-00379,122,2.39,759.8,5090.59,4.1,2,0.0,0.0,0,Moderate-Spender
CUST-BD-00380,59,2.03,1756.46,5536.82,4.085714285714286,7,4.285714285714286,0.0,1,High-Value
CUST-BD-00382,6,4.3,3415.04,55342.19,3.9799999999999995,10,7.0,0.0,1,High-Value
CUST-BD-00383,43,0.49,2787.92,1822.43,4.133333333333334,6,3.3333333333333335,0.16666666666666666,1,High-Value
CUST-BD-00384,42,4.54,4011.93,21138.93,4.11,10,7.5,0.0,1,High-Value
CUST-BD-00385,66,2.01,3648.3,23782.91,4.111111111111111,9,0.0,0.0,1,High-Value
CUST-BD-00386,103,0.92,442.8,2087.41,4.8,1,10.0,0.0,3,Low-Engagement
CUST-BD-00387,38,2.06,1295.73,15538.01,4.0,3,5.0,0.0,1,High-Value
CUST-BD-00388,46,2.71,3579.5899999999997,13048.46,3.9,8,10.0,0.0,1,High-Value
CUST-BD-00389,4,4.54,3510.36,18420.57,4.091666666666667,12,5.416666666666667,0.0,1,High-Value
CUST-BD-00391,89,0.4,998.47,1750.4,4.1,2,5.0,0.0,0,Moderate-Spender
CUST-BD-00392,81,2.7,2173.09,15599.92,3.675,4,5.0,0.0,1,High-Value
CUST-BD-00393,24,2.91,1090.39,8161.41,4.316666666666666,6,3.3333333333333335,0.0,1,High-Value
CUST-BD-00394,19,1.43,2898.57,28297.77,4.1625,8,2.5,0.125,1,High-Value
CUST-BD-00395,314,1.09,1015.83,2833.44,4.0,2,7.5,0.0,3,Low-Engagement
CUST-BD-00396,2,2.78,3628.75,73047.35,4.066666666666666,15,7.0,0.0,1,High-Value
CUST-BD-00397,97,3.19,472.09,15007.54,4.133333333333334,3,3.3333333333333335,0.3333333333333333,0,Moderate-Spender
CUST-BD-00399,171,1.55,131.66,1591.76,5.0,2,5.0,0.5,0,Moderate-Spender
CUST-BD-00400,360,0.38,98.4,5036.54,3.5,1,0.0,1.0,0,Moderate-Spender
CUST-BD-00401,117,1.68,2056.74,12520.3,4.15,4,0.0,0.0,0,Moderate-Spender
CUST-BD-00402,246,0.45,293.16,1410.6,4.4,1,0.0,0.0,0,Moderate-Spender
CUST-BD-00403,5,3.6399999999999997,1153.03,3101.55,3.88,5,3.0,0.0,1,High-Value
CUST-BD-00404,193,0.62,858.48,2718.97,4.1,2,5.0,0.0,0,Moderate-Spender
CUST-BD-00405,329,0.52,29.53,6178.12,3.3,1,5.0,0.0,0,Moderate-Spender
CUST-BD-00406,83,1.3,241.66000000000003,1450.64,3.25,2,7.5,0.0,3,Low-Engagement
CUST-BD-00408,236,1.33,1126.7800000000002,9098.77,3.3666666666666667,3,8.333333333333334,0.0,3,Low-Engagement
CUST-BD-00409,21,0.93,3142.03,21298.52,4.125,8,7.5,0.125,1,High-Value
CUST-BD-00410,3,0.86,1769.27,3654.0,4.14,5,7.0,0.0,1,High-Value
CUST-BD-00411,82,3.23,668.7,7446.82,3.783333333333333,6,4.166666666666667,0.0,1,High-Value
CUST-BD-00412,96,2.01,559.5400000000001,6016.1,3.8,2,2.5,0.0,0,Moderate-Spender
CUST-BD-00413,136,0.77,666.0899999999999,3502.76,4.266666666666667,3,5.0,0.0,0,Moderate-Spender
CUST-BD-00415,186,0.24,138.75,2030.62,5.0,1,10.0,0.0,3,Low-Engagement
CUST-BD-00416,124,1.34,1694.72,9873.43,4.033333333333333,3,1.6666666666666667,0.0,0,Moderate-Spender
CUST-BD-00417,228,1.36,890.53,17615.69,3.8000000000000003,3,5.0,0.0,0,Moderate-Spender
CUST-BD-00418,8,5.49,1443.01,68601.16,4.422222222222222,9,3.3333333333333335,0.0,1,High-Value
CUST-BD-00419,150,0.71,246.60999999999999,20341.7,4.233333333333333,3,11.666666666666666,0.0,3,Low-Engagement
CUST-BD-00420,206,1.25,313.5,3530.84,4.4,1,0.0,0.0,0,Moderate-Spender
CUST-BD-00421,254,1.88,571.2,5735.26,4.5,1,0.0,0.0,0,Moderate-Spender
CUST-BD-00422,2,2.33,2152.16,54320.87,4.1499999999999995,12,7.916666666666667,0.08333333333333333,1,High-Value
CUST-BD-00423,288,0.71,1087.83,3154.72,4.2,1,15.0,0.0,3,Low-Engagement
CUST-BD-00424,105,0.92,105.3,10231.22,3.9,1,15.0,0.0,3,Low-Engagement
CUST-BD-00425,317,1.13,271.73,830.48,4.05,2,5.0,0.0,0,Moderate-Spender
CUST-BD-00426,2,1.82,6007.49,68946.95,3.954166666666667,24,5.833333333333333,0.0,2,VIP-Platinum
CUST-BD-00427,25,3.85,2166.59,18799.73,4.071428571428571,7,2.857142857142857,0.0,1,High-Value
CUST-BD-00428,14,0.62,819.77,2972.85,3.9,3,3.3333333333333335,0.0,0,Moderate-Spender
CUST-BD-00429,69,0.6,1609.17,5923.87,4.5,4,1.25,0.0,0,Moderate-Spender
CUST-BD-00430,4,9.99,3714.9900000000002,48320.32,3.8636363636363638,11,6.818181818181818,0.09090909090909091,2,VIP-Platinum
CUST-BD-00431,66,0.62,960.33,2194.38,3.633333333333333,3,6.666666666666667,0.0,3,Low-Engagement
CUST-BD-00432,367,0.9,533.05,3468.42,4.35,2,2.5,0.0,0,Moderate-Spender
CUST-BD-00433,12,1.5,2481.79,9244.83,4.014285714285714,7,2.142857142857143,0.0,1,High-Value
CUST-BD-00434,11,1.83,1727.77,12360.43,4.085714285714286,7,7.142857142857143,0.0,1,High-Value
CUST-BD-00435,286,0.95,617.04,3623.56,3.65,2,2.5,0.0,0,Moderate-Spender
CUST-BD-00436,89,2.62,1976.82,31487.44,4.1499999999999995,6,5.0,0.16666666666666666,1,High-Value
CUST-BD-00437,29,1.04,2129.65,14404.72,3.8333333333333335,6,4.166666666666667,0.0,1,High-Value
CUST-BD-00438,7,1.74,3201.37,12534.85,4.55,8,6.875,0.125,1,High-Value
CUST-BD-00439,305,0.78,415.01,8478.49,4.3,1,15.0,0.0,3,Low-Engagement
CUST-BD-00440,208,0.28,64.26,773.14,4.3,1,15.0,0.0,3,Low-Engagement
CUST-BD-00441,19,1.8899999999999997,3324.12,33120.04,4.122222222222223,9,7.777777777777778,0.1111111111111111,1,High-Value
CUST-BD-00442,313,1.14,1045.76,1602.43,3.5,1,0.0,0.0,0,Moderate-Spender
CUST-BD-00443,96,0.54,1664.0900000000001,2166.79,4.425,4,7.5,0.0,3,Low-Engagement
CUST-BD-00444,139,2.94,1080.9099999999999,3591.88,4.199999999999999,2,5.0,0.5,0,Moderate-Spender
CUST-BD-00445,203,1.19,607.37,4502.75,4.25,2,2.5,0.0,0,Moderate-Spender
CUST-BD-00446,59,2.05,1089.74,8049.86,4.025,4,3.75,0.0,1,High-Value
CUST-BD-00447,33,1.61,844.59,3735.08,3.733333333333333,3,10.0,0.0,3,Low-Engagement
CUST-BD-00448,6,2.45,1313.8000000000002,6419.3,3.9666666666666663,6,3.3333333333333335,0.0,1,High-Value
CUST-BD-00449,262,0.77,462.12,1159.51,2.966666666666667,3,6.666666666666667,0.0,3,Low-Engagement
CUST-BD-00450,9,1.4699999999999998,3089.53,36520.08,4.172727272727273,11,4.090909090909091,0.0,1,High-Value
CUST-BD-00451,47,2.31,719.9,9648.2,4.2,5,6.0,0.0,1,High-Value
CUST-BD-00452,38,1.51,583.45,6114.18,4.55,2,5.0,0.5,0,Moderate-Spender
CUST-BD-00453,3,2.31,4772.97,125514.15,3.96,10,7.0,0.0,1,High-Value
CUST-BD-00454,0,2.2,8950.07,65940.11,4.077419354838709,31,4.838709677419355,0.06451612903225806,2,VIP-Platinum
CUST-BD-00455,322,0.39,787.02,843.14,3.9,2,0.0,0.0,0,Moderate-Spender
CUST-BD-00457,38,1.67,523.3,6662.38,4.4,4,2.5,0.0,0,Moderate-Spender
CUST-BD-00458,123,3.57,1004.02,12456.95,4.15,2,15.0,0.0,3,Low-Engagement
CUST-BD-00462,34,0.57,388.72,3721.05,3.8249999999999997,4,0.0,0.0,0,Moderate-Spender
CUST-BD-00464,10,4.12,2066.76,11878.06,4.118181818181818,11,3.1818181818181817,0.09090909090909091,1,High-Value
CUST-BD-00465,282,0.6,524.1800000000001,5365.01,3.8,2,7.5,0.0,3,Low-Engagement
CUST-BD-00466,88,1.07,998.4,2286.16,4.3,1,0.0,0.0,0,Moderate-Spender
CUST-BD-00468,21,2.09,292.6,11161.75,3.533333333333333,3,10.0,0.0,3,Low-Engagement
CUST-BD-00469,2,2.28,3269.6499999999996,23003.59,4.144444444444444,9,5.0,0.1111111111111111,1,High-Value
CUST-BD-00470,20,1.28,2600.7799999999997,32122.32,4.314285714285714,7,3.5714285714285716,0.14285714285714285,1,High-Value
CUST-BD-00471,278,1.01,521.4499999999999,19409.23,3.733333333333333,3,6.666666666666667,0.3333333333333333,3,Low-Engagement
CUST-BD-00472,200,0.46,118.97,769.88,4.4,2,7.5,0.0,3,Low-Engagement
CUST-BD-00473,44,0.82,1091.09,6139.1,3.9,3,6.666666666666667,0.3333333333333333,1,High-Value
CUST-BD-00474,0,3.83,7233.46,120218.56,4.190909090909091,22,5.0,0.045454545454545456,2,VIP-Platinum
CUST-BD-00475,53,0.31,516.4200000000001,2340.02,4.233333333333333,3,5.0,0.0,0,Moderate-Spender
CUST-BD-00476,49,0.36999999999999994,1791.0400000000002,4382.67,4.133333333333334,3,3.3333333333333335,0.0,0,Moderate-Spender
CUST-BD-00477,25,1.98,2294.79,13683.41,4.0600000000000005,5,5.0,0.0,1,High-Value
CUST-BD-00480,3,4.809999999999999,9024.52,233599.21,4.007407407407407,27,5.185185185185185,0.037037037037037035,2,VIP-Platinum
CUST-BD-00481,302,0.98,126.0,1029.3,3.3,1,10.0,0.0,3,Low-Engagement
CUST-BD-00482,34,0.77,1769.2600000000002,2221.42,4.466666666666667,3,6.666666666666667,0.3333333333333333,1,High-Value
CUST-BD-00483,354,1.34,32.13,1072.55,3.2,1,15.0,0.0,3,Low-Engagement
CUST-BD-00485,2,3.8,3746.28,89626.35,3.9411764705882355,17,5.588235294117647,0.11764705882352941,1,High-Value
CUST-BD-00486,16,2.91,750.95,5197.53,4.366666666666667,3,0.0,0.0,0,Moderate-Spender
CUST-BD-00487,2,2.7000000000000006,4871.75,20779.13,4.116666666666666,12,4.166666666666667,0.08333333333333333,1,High-Value
CUST-BD-00488,64,2.07,2648.59,35945.1,4.357142857142857,7,4.285714285714286,0.14285714285714285,1,High-Value
CUST-BD-00489,233,2.61,548.04,13051.99,4.1,2,2.5,0.5,0,Moderate-Spender
CUST-BD-00490,343,3.5499999999999994,959.45,3440.42,3.766666666666667,3,15.0,0.0,3,Low-Engagement
CUST-BD-00491,3,1.77,1034.84,7204.03,4.279999999999999,5,5.0,0.2,1,High-Value
CUST-BD-00492,32,0.9200000000000002,756.85,12111.64,4.0,5,6.0,0.0,1,High-Value
CUST-BD-00493,110,3.72,849.7900000000001,22732.37,3.8,4,8.75,0.0,3,Low-Engagement
CUST-BD-00494,89,1.97,1221.28,18200.55,4.2,5,3.0,0.0,0,Moderate-Spender
CUST-BD-00495,29,1.81,715.89,8372.22,4.35,4,6.25,0.0,1,High-Value
CUST-BD-00496,48,1.28,633.02,20032.41,3.5200000000000005,5,7.0,0.2,1,High-Value
CUST-BD-00497,197,1.3,924.01,2069.38,3.7,2,7.5,0.0,3,Low-Engagement
CUST-BD-00498,61,0.87,755.13,1689.55,3.9,3,5.0,0.3333333333333333,0,Moderate-Spender
CUST-BD-00499,22,0.83,2447.31,26112.67,4.216666666666667,6,2.5,0.0,1,High-Value
CUST-BD-00500,74,4.54,2030.29,14475.94,4.05,6,0.0,0.0,1,High-Value
CUST-BD-00501,16,1.0,2758.7,12313.89,3.7874999999999996,8,2.5,0.0,1,High-Value
CUST-BD-00502,7,5.42,5262.3099999999995,35173.14,4.141176470588236,17,5.588235294117647,0.0,1,High-Value
CUST-BD-00503,14,6.83,4491.1,41970.96,4.2153846153846155,13,3.4615384615384617,0.07692307692307693,1,High-Value
CUST-BD-00504,45,0.79,740.12,2510.98,4.6,1,10.0,0.0,3,Low-Engagement
CUST-BD-00505,200,0.43,60.57,2101.86,3.3,1,10.0,0.0,3,Low-Engagement
CUST-BD-00509,7,2.12,5033.93,17634.64,3.914285714285714,14,5.357142857142857,0.0,1,High-Value
CUST-BD-00510,2,3.7900000000000005,5388.05,41150.18,4.0588235294117645,17,6.176470588235294,0.0,1,High-Value
CUST-BD-00511,57,0.33,1465.03,4500.95,4.6,4,7.5,0.0,3,Low-Engagement
CUST-BD-00512,7,1.87,5426.32,21706.92,3.9733333333333336,15,4.333333333333333,0.0,1,High-Value
CUST-BD-00513,346,0.61,186.66,1721.06,2.8,1,0.0,0.0,0,Moderate-Spender
CUST-BD-00514,17,3.31,3386.1,12652.25,4.191666666666666,12,4.583333333333333,0.08333333333333333,1,High-Value
CUST-BD-00515,4,0.83,3212.49,4993.77,4.116666666666666,12,4.583333333333333,0.0,1,High-Value
CUST-BD-00517,95,0.93,638.28,4485.5,3.6,2,0.0,0.0,0,Moderate-Spender
CUST-BD-00519,375,0.21,512.0600000000001,3292.99,3.6999999999999997,3,6.666666666666667,0.0,3,Low-Engagement
CUST-BD-00520,12,1.6900000000000002,733.94,9381.81,4.266666666666667,3,5.0,0.3333333333333333,1,High-Value
CUST-BD-00521,6,8.68,3491.81,50326.39,4.3100000000000005,10,5.0,0.0,1,High-Value
CUST-BD-00522,63,2.06,1352.17,22144.88,4.85,4,3.75,0.25,1,High-Value
CUST-BD-00523,25,3.23,3891.6,34376.88,3.9,11,5.909090909090909,0.09090909090909091,1,High-Value
CUST-BD-00524,342,0.57,407.11,4935.88,3.9499999999999997,2,2.5,0.5,0,Moderate-Spender
CUST-BD-00525,41,4.4,2852.55,88700.09,4.1875,8,4.375,0.0,1,High-Value
CUST-BD-00526,50,3.5900000000000003,4246.429999999999,78504.47,4.077777777777778,9,7.222222222222222,0.1111111111111111,1,High-Value
CUST-BD-00527,61,2.36,1129.22,7349.14,4.35,4,2.5,0.0,0,Moderate-Spender
CUST-BD-00528,121,0.88,270.69,3374.45,4.3,4,3.75,0.25,0,Moderate-Spender
CUST-BD-00530,266,0.54,104.72,2782.43,3.5,1,0.0,1.0,0,Moderate-Spender
CUST-BD-00532,55,0.55,1112.0900000000001,11410.64,4.6,2,7.5,0.0,3,Low-Engagement
CUST-BD-00533,5,2.58,3592.68,7476.05,4.388888888888889,9,3.3333333333333335,0.1111111111111111,1,High-Value
CUST-BD-00535,4,4.71,6027.36,46609.31,4.266666666666667,12,4.583333333333333,0.0,1,High-Value
CUST-BD-00536,8,3.15,4705.5,21425.21,4.0,17,4.411764705882353,0.0,1,High-Value
CUST-BD-00538,5,8.54,7752.16,110386.4,3.825925925925926,27,5.7407407407407405,0.1111111111111111,2,VIP-Platinum
CUST-BD-00539,1,7.65,2391.74,46763.21,4.084615384615384,13,2.6923076923076925,0.0,1,High-Value
CUST-BD-00541,0,4.75,6742.89,167480.62,4.114285714285715,21,1.6666666666666667,0.09523809523809523,2,VIP-Platinum
CUST-BD-00542,100,2.49,802.01,5140.67,3.8000000000000003,3,5.0,0.0,0,Moderate-Spender
CUST-BD-00543,373,1.11,79.64,2313.56,4.4,2,2.5,0.0,0,Moderate-Spender
CUST-BD-00544,157,1.28,1549.99,7303.01,4.475,4,5.0,0.0,0,Moderate-Spender
CUST-BD-00545,67,2.8,2700.13,8907.11,4.275,4,1.25,0.0,1,High-Value
CUST-BD-00546,4,2.58,4577.37,109805.32,4.053333333333333,15,3.6666666666666665,0.13333333333333333,1,High-Value
CUST-BD-00547,392,1.23,32.62,6054.17,4.6,1,0.0,0.0,0,Moderate-Spender
CUST-BD-00548,177,2.26,526.86,40125.53,3.5999999999999996,2,2.5,0.0,0,Moderate-Spender
CUST-BD-00550,27,3.91,3850.15,16446.62,4.0,10,3.0,0.1,1,High-Value
CUST-BD-00552,25,1.26,744.03,5777.45,4.55,4,6.25,0.0,1,High-Value
CUST-BD-00553,5,1.4,1983.4,16579.62,3.84,5,7.0,0.0,1,High-Value
CUST-BD-00554,46,0.38,346.45,4637.96,4.75,2,0.0,0.0,0,Moderate-Spender
CUST-BD-00555,0,4.03,12328.41,320500.54,4.044444444444444,36,5.694444444444445,0.027777777777777776,2,VIP-Platinum
CUST-BD-00556,1,5.78,13016.68,108655.56,4.068421052631579,38,4.605263157894737,0.02631578947368421,2,VIP-Platinum
CUST-BD-00557,18,1.5599999999999998,2374.36,11327.15,4.3,6,5.833333333333333,0.3333333333333333,1,High-Value
CUST-BD-00558,44,2.19,788.34,3260.08,4.075,4,1.25,0.0,0,Moderate-Spender
CUST-BD-00559,12,2.74,4158.6900000000005,26611.56,4.13,10,2.0,0.1,1,High-Value
CUST-BD-00560,34,1.76,584.28,1628.62,4.8,1,5.0,0.0,0,Moderate-Spender
CUST-BD-00561,184,1.38,106.69,2243.05,3.4,2,7.5,0.0,3,Low-Engagement
CUST-BD-00563,70,1.78,946.2,17630.32,4.442857142857143,7,5.714285714285714,0.14285714285714285,1,High-Value
CUST-BD-00564,316,3.12,113.8,7862.92,4.8,1,0.0,0.0,0,Moderate-Spender
CUST-BD-00565,17,1.12,1469.1599999999999,14632.05,4.05,6,6.666666666666667,0.0,1,High-Value
CUST-BD-00566,22,1.06,1682.8400000000001,10263.33,4.1,4,2.5,0.0,1,High-Value
CUST-BD-00568,180,1.02,493.86,1629.28,4.1,1,5.0,0.0,0,Moderate-Spender
CUST-BD-00569,99,1.26,1038.55,2875.09,4.04,5,5.0,0.0,0,Moderate-Spender
CUST-BD-00570,179,1.8999999999999997,718.67,25036.48,4.066666666666666,3,8.333333333333334,0.3333333333333333,3,Low-Engagement
CUST-BD-00571,0,2.78,3604.87,22575.04,4.191666666666666,12,3.75,0.25,1,High-Value
CUST-BD-00572,1,1.53,4102.98,36012.69,4.1,18,6.111111111111111,0.1111111111111111,1,High-Value
CUST-BD-00573,181,1.7299999999999998,940.29,14705.16,4.566666666666666,3,3.3333333333333335,0.3333333333333333,0,Moderate-Spender
CUST-BD-00574,50,3.15,326.15,10870.0,4.3,2,12.5,0.0,3,Low-Engagement
CUST-BD-00576,57,2.88,2446.87,14662.77,4.014285714285714,7,11.428571428571429,0.2857142857142857,3,Low-Engagement
CUST-BD-00577,7,9.25,3015.49,38475.95,3.8666666666666663,18,6.666666666666667,0.1111111111111111,2,VIP-Platinum
CUST-BD-00578,296,2.36,754.21,1020.96,4.15,2,0.0,0.0,0,Moderate-Spender
CUST-BD-00579,2,1.36,2100.88,15999.03,3.9777777777777774,9,1.6666666666666667,0.1111111111111111,1,High-Value
CUST-BD-00580,183,0.79,294.4,2268.71,4.0,2,5.0,0.0,0,Moderate-Spender
CUST-BD-00581,295,0.42,316.64,1402.31,4.65,2,0.0,0.0,0,Moderate-Spender
CUST-BD-00582,46,3.7600000000000002,1634.96,4648.9,4.0,7,3.5714285714285716,0.0,1,High-Value
CUST-BD-00583,4,2.36,3956.38,43962.52,4.253333333333333,15,3.6666666666666665,0.13333333333333333,1,High-Value
CUST-BD-00584,174,2.7900000000000005,1724.38,10823.53,4.266666666666667,3,8.333333333333334,0.0,3,Low-Engagement
CUST-BD-00585,10,2.5,3644.5,55143.71,4.092307692307693,13,3.8461538461538463,0.0,1,High-Value
CUST-BD-00586,27,4.03,2211.69,22593.06,4.0,8,5.0,0.0,1,High-Value
CUST-BD-00587,50,1.51,1775.8700000000001,10588.32,4.04,5,3.0,0.0,1,High-Value
CUST-BD-00588,174,0.69,1128.8,4040.98,3.3,1,0.0,0.0,0,Moderate-Spender
CUST-BD-00589,259,0.84,257.65999999999997,1136.86,4.449999999999999,2,5.0,0.0,0,Moderate-Spender
CUST-BD-00590,45,2.65,1078.59,7396.02,4.533333333333333,3,15.0,0.0,3,Low-Engagement
CUST-BD-00591,386,1.51,262.8,19956.79,4.2,1,0.0,0.0,0,Moderate-Spender
CUST-BD-00592,12,1.14,1348.79,2529.51,4.166666666666667,3,13.333333333333334,0.0,3,Low-Engagement
CUST-BD-00593,157,1.24,275.36,2284.06,3.1,1,0.0,0.0,0,Moderate-Spender
CUST-BD-00594,50,0.56,276.88,2442.78,4.35,2,2.5,0.0,0,Moderate-Spender
CUST-BD-00596,85,2.41,1029.03,10842.28,4.15,4,10.0,0.0,3,Low-Engagement
CUST-BD-00597,10,2.52,2712.49,35970.03,4.300000000000001,9,2.2222222222222223,0.1111111111111111,1,High-Value
CUST-BD-00598,4,4.49,1621.93,34650.13,3.625,4,0.0,0.25,1,High-Value
CUST-BD-00599,2,10.62,8875.11,36028.81,4.212903225806452,31,5.32258064516129,0.0,2,VIP-Platinum
CUST-BD-00600,33,2.21,2537.39,14871.76,3.8666666666666663,9,2.7777777777777777,0.0,1,High-Value
CUST-BD-00601,89,0.7799999999999999,370.28,1527.45,4.133333333333334,3,6.666666666666667,0.0,3,Low-Engagement
CUST-BD-00602,7,0.24000000000000002,2444.59,5158.11,4.6,9,5.555555555555555,0.1111111111111111,1,High-Value
CUST-BD-00603,1,1.88,4160.61,12273.9,4.276923076923077,13,8.461538461538462,0.15384615384615385,1,High-Value
CUST-BD-00604,10,2.32,2217.45,4369.44,3.8444444444444446,9,2.7777777777777777,0.1111111111111111,1,High-Value
CUST-BD-00605,70,0.93,1462.65,2818.75,4.325,4,5.0,0.0,0,Moderate-Spender
CUST-BD-00606,6,2.12,3269.12,5946.8,4.416666666666667,6,0.0,0.0,1,High-Value
CUST-BD-00608,218,0.66,479.42,4725.84,3.75,2,0.0,0.0,0,Moderate-Spender
CUST-BD-00609,126,0.27,1068.4,2592.76,3.8666666666666667,3,0.0,0.3333333333333333,0,Moderate-Spender
CUST-BD-00610,13,1.07,449.4,12807.02,3.65,6,8.333333333333334,0.16666666666666666,1,High-Value
CUST-BD-00611,1,4.66,5279.13,75412.98,4.2631578947368425,19,4.2105263157894735,0.15789473684210525,2,VIP-Platinum
CUST-BD-00612,211,1.3999999999999997,1661.19,451.83,3.8333333333333335,3,0.0,0.3333333333333333,0,Moderate-Spender
CUST-BD-00614,77,3.35,642.3299999999999,42278.92,3.95,2,0.0,0.0,0,Moderate-Spender
CUST-BD-00615,3,1.43,4205.85,57370.9,3.9538461538461536,13,5.384615384615385,0.0,1,High-Value
CUST-BD-00616,3,1.68,4684.610000000001,3743.87,4.014285714285714,7,3.5714285714285716,0.0,1,High-Value
CUST-BD-00617,44,0.64,1376.58,1771.6,4.1,4,8.75,0.0,3,Low-Engagement
CUST-BD-00618,121,5.86,1500.75,6292.16,4.033333333333333,6,6.666666666666667,0.0,1,High-Value
CUST-BD-00619,11,1.19,2981.63,5079.23,4.1,7,5.0,0.0,1,High-Value
CUST-BD-00620,152,5.7,2028.21,140181.33,4.216666666666666,6,3.3333333333333335,0.0,1,High-Value
CUST-BD-00621,175,1.22,1285.47,1780.08,3.6999999999999997,3,6.666666666666667,0.0,3,Low-Engagement
CUST-BD-00622,8,2.87,4352.94,61049.63,4.1866666666666665,15,5.0,0.0,1,High-Value
CUST-BD-00623,48,1.71,540.53,16798.9,4.225,4,6.25,0.0,1,High-Value
CUST-BD-00624,11,1.6,2633.89,4635.64,4.25,10,4.5,0.0,1,High-Value
CUST-BD-00625,306,0.46,25.41,1824.32,4.3,1,15.0,0.0,3,Low-Engagement
CUST-BD-00626,18,2.03,1213.42,36288.87,3.7600000000000002,5,4.0,0.2,1,High-Value
CUST-BD-00627,5,1.28,1104.19,13945.76,3.971428571428571,7,5.714285714285714,0.14285714285714285,1,High-Value
CUST-BD-00629,119,0.53,600.6,7157.6,4.9,1,0.0,0.0,0,Moderate-Spender
CUST-BD-00630,315,0.63,1220.69,4316.88,3.3,2,10.0,0.5,3,Low-Engagement
CUST-BD-00633,392,0.63,129.78,5629.17,4.8,1,10.0,0.0,3,Low-Engagement
CUST-BD-00634,16,1.05,1855.1000000000001,7569.17,4.5125,8,5.0,0.125,1,High-Value
CUST-BD-00635,31,2.02,2714.32,4263.87,4.133333333333334,9,4.444444444444445,0.1111111111111111,1,High-Value
CUST-BD-00636,1,2.47,1457.5900000000001,7643.93,4.333333333333333,6,8.333333333333334,0.16666666666666666,1,High-Value
CUST-BD-00637,90,1.22,2053.42,4824.54,4.166666666666667,6,8.333333333333334,0.16666666666666666,3,Low-Engagement
CUST-BD-00639,348,1.25,51.13,11678.87,4.0,1,10.0,0.0,3,Low-Engagement
CUST-BD-00641,59,3.0,2733.81,16228.02,4.016666666666667,6,6.666666666666667,0.0,1,High-Value
CUST-BD-00643,1,3.19,4778.95,43562.45,4.086666666666667,15,3.6666666666666665,0.0,1,High-Value
CUST-BD-00644,1,9.1,3908.2200000000003,16385.11,4.408333333333333,12,4.166666666666667,0.08333333333333333,1,High-Value
CUST-BD-00645,18,3.14,4473.02,20672.26,3.8,11,7.7272727272727275,0.0,1,High-Value
CUST-BD-00646,59,3.4799999999999995,1981.23,3497.02,4.0200000000000005,5,5.0,0.0,1,High-Value
CUST-BD-00647,79,3.13,2736.0699999999997,15467.15,4.35,4,0.0,0.25,0,Moderate-Spender
CUST-BD-00648,8,11.3,6145.24,301017.58,3.959090909090909,22,5.454545454545454,0.18181818181818182,2,VIP-Platinum
CUST-BD-00649,25,3.8199999999999994,3698.15,38963.7,3.7777777777777777,9,0.5555555555555556,0.1111111111111111,1,High-Value
CUST-BD-00650,18,3.41,1936.73,41098.23,4.057142857142857,7,5.714285714285714,0.14285714285714285,1,High-Value
CUST-BD-00651,240,3.21,548.32,25441.76,4.1,1,0.0,0.0,0,Moderate-Spender
CUST-BD-00652,2,5.11,1037.9,30735.22,3.94,5,7.0,0.0,1,High-Value
CUST-BD-00653,155,1.04,1451.1,23634.06,4.233333333333333,3,8.333333333333334,0.0,3,Low-Engagement
CUST-BD-00654,164,0.61,321.3,2639.9,4.2,1,0.0,0.0,0,Moderate-Spender
CUST-BD-00655,108,4.0,1106.7099999999998,16142.83,3.9,3,10.0,0.3333333333333333,3,Low-Engagement
CUST-BD-00657,11,5.41,1960.78,67735.95,3.933333333333333,9,7.777777777777778,0.1111111111111111,1,High-Value
CUST-BD-00658,11,0.82,986.96,11215.48,3.875,4,5.0,0.0,1,High-Value
CUST-BD-00659,142,1.26,1136.44,11721.11,3.9,3,1.6666666666666667,0.0,0,Moderate-Spender
CUST-BD-00660,1,7.21,9012.3,75345.5,4.125,28,8.571428571428571,0.03571428571428571,2,VIP-Platinum
CUST-BD-00661,42,1.56,3580.74,14838.89,3.9777777777777774,9,3.3333333333333335,0.0,1,High-Value
CUST-BD-00663,138,2.43,846.44,13571.36,4.166666666666667,3,1.6666666666666667,0.3333333333333333,0,Moderate-Spender
CUST-BD-00664,104,1.27,334.65,4661.16,4.9,1,0.0,0.0,0,Moderate-Spender
CUST-BD-00665,311,0.6,532.63,909.03,4.55,2,2.5,0.0,0,Moderate-Spender
CUST-BD-00666,10,2.48,3026.8900000000003,3608.92,4.066666666666666,9,9.444444444444445,0.1111111111111111,1,High-Value
CUST-BD-00667,10,12.0,6866.43,92488.21,4.036363636363636,22,5.681818181818182,0.0,2,VIP-Platinum
CUST-BD-00668,205,1.62,657.4300000000001,3734.44,4.633333333333334,3,3.3333333333333335,0.3333333333333333,0,Moderate-Spender
CUST-BD-00669,97,0.61,66.36,2969.58,4.25,2,0.0,0.0,0,Moderate-Spender
CUST-BD-00670,265,0.87,255.44,5319.33,4.65,2,2.5,0.0,0,Moderate-Spender
CUST-BD-00671,47,1.82,1553.96,18872.78,3.733333333333333,3,13.333333333333334,0.0,3,Low-Engagement
CUST-BD-00672,25,2.55,858.66,7855.9,4.3,3,3.3333333333333335,0.3333333333333333,1,High-Value
CUST-BD-00673,5,3.34,2522.76,6531.82,3.75,6,2.5,0.0,1,High-Value
CUST-BD-00674,85,1.59,685.59,7119.82,4.05,4,2.5,0.0,0,Moderate-Spender
CUST-BD-00675,7,12.0,8028.13,96471.78,4.071428571428571,28,6.607142857142857,0.03571428571428571,2,VIP-Platinum
CUST-BD-00676,207,1.33,671.01,2318.31,3.0999999999999996,2,0.0,0.0,0,Moderate-Spender
CUST-BD-00677,5,0.56,2228.2799999999997,22640.54,4.133333333333334,9,5.0,0.0,1,High-Value
CUST-BD-00678,27,5.74,2455.8,41492.07,4.371428571428572,7,5.714285714285714,0.14285714285714285,1,High-Value
CUST-BD-00679,195,0.75,76.46,2098.73,3.4,1,10.0,0.0,3,Low-Engagement
CUST-BD-00680,0,1.9899999999999998,6981.75,24570.15,4.09,20,6.0,0.0,1,High-Value
CUST-BD-00681,126,0.74,145.5,999.75,4.3,1,5.0,0.0,0,Moderate-Spender
CUST-BD-00682,273,0.88,235.03,5685.93,4.0,1,0.0,0.0,0,Moderate-Spender
CUST-BD-00683,308,0.45,147.4,3643.26,3.8,1,0.0,0.0,0,Moderate-Spender
CUST-BD-00684,56,0.66,500.97,2367.89,4.233333333333333,3,1.6666666666666667,0.0,0,Moderate-Spender
CUST-BD-00685,3,2.67,4286.78,37359.61,3.8999999999999995,13,7.3076923076923075,0.15384615384615385,1,High-Value
CUST-BD-00686,15,2.48,936.6,10311.89,4.266666666666667,3,6.666666666666667,0.0,1,High-Value
CUST-BD-00687,2,2.71,5130.56,12134.13,3.9846153846153842,13,5.0,0.0,1,High-Value
CUST-BD-00688,3,1.26,2848.7200000000003,14918.66,4.175,12,8.75,0.08333333333333333,1,High-Value
CUST-BD-00690,1,3.57,8288.16,83192.92,4.120833333333334,24,4.375,0.041666666666666664,2,VIP-Platinum
CUST-BD-00691,23,1.57,867.15,34746.3,3.96,5,3.0,0.0,1,High-Value
CUST-BD-00692,79,1.34,790.86,6922.78,4.133333333333334,3,0.0,0.0,0,Moderate-Spender
CUST-BD-00693,21,4.9799999999999995,1918.63,29475.06,4.157142857142857,7,5.0,0.0,1,High-Value
CUST-BD-00694,28,1.88,3811.24,22146.82,3.744444444444445,9,5.555555555555555,0.1111111111111111,1,High-Value
CUST-BD-00695,45,0.8,1928.5500000000002,11355.48,4.128571428571428,7,7.857142857142857,0.0,1,High-Value
CUST-BD-00696,145,0.66,1845.49,1081.32,4.15,2,7.5,0.0,3,Low-Engagement
CUST-BD-00697,42,0.34,1117.66,2744.59,4.55,2,15.0,0.0,3,Low-Engagement
CUST-BD-00698,4,5.25,6382.12,61496.61,4.063157894736842,19,5.7894736842105265,0.05263157894736842,2,VIP-Platinum
CUST-BD-00699,5,1.6599999999999997,1812.2,12590.31,4.54,5,3.0,0.0,1,High-Value
CUST-BD-00700,2,3.78,6251.36,31412.24,4.01,20,2.75,0.05,1,High-Value
CUST-BD-00701,3,3.86,3113.5,32151.26,4.175,8,5.0,0.125,1,High-Value
CUST-BD-00702,171,0.46,322.22,3640.77,4.7,1,15.0,0.0,3,Low-Engagement
CUST-BD-00703,7,6.24,6807.09,147600.54,3.9692307692307693,26,4.423076923076923,0.0,2,VIP-Platinum
CUST-BD-00704,77,3.24,244.01,37254.65,4.433333333333334,3,5.0,0.0,1,High-Value
CUST-BD-00705,40,0.5,1530.3600000000001,16684.5,3.9,4,3.75,0.0,1,High-Value
CUST-BD-00706,148,0.84,509.63,2158.27,4.5,2,7.5,0.0,3,Low-Engagement
CUST-BD-00707,209,0.37,552.33,1710.38,4.0,1,0.0,0.0,0,Moderate-Spender
CUST-BD-00708,300,1.52,115.09,3078.39,3.8,1,0.0,0.0,0,Moderate-Spender
CUST-BD-00709,184,1.1,602.52,6008.37,3.3499999999999996,2,2.5,0.0,0,Moderate-Spender
CUST-BD-00710,69,1.08,555.16,4178.97,3.7,1,5.0,0.0,0,Moderate-Spender
CUST-BD-00711,186,0.44,80.71,1630.54,4.4,1,5.0,0.0,0,Moderate-Spender
CUST-BD-00712,6,1.85,968.9399999999999,14432.01,4.3375,8,7.5,0.0,1,High-Value
CUST-BD-00713,7,3.93,1947.44,39987.08,4.0636363636363635,11,6.363636363636363,0.0,1,High-Value
CUST-BD-00715,71,0.76,347.61,2995.57,4.2,2,7.5,0.0,3,Low-Engagement
CUST-BD-00716,129,2.24,136.55,12888.14,3.9,1,15.0,0.0,3,Low-Engagement
CUST-BD-00717,38,0.74,1086.23,5414.83,3.8,2,7.5,0.0,3,Low-Engagement
CUST-BD-00718,20,2.23,1253.43,17692.31,4.166666666666667,6,0.8333333333333334,0.0,1,High-Value
CUST-BD-00719,2,6.34,8328.21,41244.61,4.020689655172413,29,5.172413793103448,0.0,2,VIP-Platinum
CUST-BD-00720,269,1.5,43.04,2638.07,3.4,1,5.0,0.0,0,Moderate-Spender
CUST-BD-00721,67,1.27,1420.37,7904.5,4.18,5,5.0,0.0,1,High-Value
CUST-BD-00722,3,3.5300000000000002,3907.35,24276.02,4.015384615384615,13,7.6923076923076925,0.07692307692307693,1,High-Value
CUST-BD-00723,10,1.9300000000000002,2261.29,15602.82,4.34,5,7.0,0.0,1,High-Value
CUST-BD-00724,34,0.34,1883.61,10978.75,3.6799999999999997,5,4.0,0.0,1,High-Value
CUST-BD-00725,4,4.94,6124.71,22597.17,3.733333333333333,24,5.625,0.125,2,VIP-Platinum
CUST-BD-00726,49,0.73,948.62,2220.17,4.133333333333334,3,1.6666666666666667,0.0,0,Moderate-Spender
CUST-BD-00727,49,0.2,582.36,1980.39,3.8,2,2.5,0.0,0,Moderate-Spender
CUST-BD-00728,52,1.01,45.68,5316.15,4.3,1,10.0,0.0,3,Low-Engagement
CUST-BD-00729,17,3.35,3099.35,16608.39,4.009090909090909,11,5.909090909090909,0.0,1,High-Value
CUST-BD-00730,17,3.34,392.89,110554.05,4.366666666666666,3,10.0,0.0,1,High-Value
CUST-BD-00731,47,1.04,1054.23,4180.05,4.116666666666666,6,5.833333333333333,0.0,1,High-Value
CUST-BD-00732,17,1.28,1730.93,9309.89,3.9500000000000006,6,7.5,0.16666666666666666,1,High-Value
CUST-BD-00733,259,1.64,380.9,8555.5,3.3666666666666667,3,10.0,0.6666666666666666,3,Low-Engagement
CUST-BD-00735,9,3.3,1716.41,42392.31,4.014285714285714,7,8.571428571428571,0.0,1,High-Value
CUST-BD-00736,63,0.58,1643.43,6856.39,4.314285714285714,7,5.0,0.2857142857142857,1,High-Value
CUST-BD-00737,22,3.29,3265.32,32620.64,4.029999999999999,10,5.0,0.0,1,High-Value
CUST-BD-00738,1,3.31,1740.49,18235.83,4.0625,8,6.875,0.0,1,High-Value
CUST-BD-00739,30,1.15,780.81,3834.16,3.5666666666666664,3,8.333333333333334,0.0,3,Low-Engagement
CUST-BD-00740,144,1.32,724.89,12177.37,4.1,5,7.0,0.0,3,Low-Engagement
CUST-BD-00741,265,0.93,1264.6200000000001,8307.1,4.075,4,5.0,0.0,0,Moderate-Spender
CUST-BD-00744,8,3.75,4862.67,42238.17,3.677777777777778,18,5.833333333333333,0.1111111111111111,1,High-Value
CUST-BD-00745,28,3.44,2095.35,5180.27,4.3999999999999995,6,3.3333333333333335,0.3333333333333333,1,High-Value
CUST-BD-00746,144,3.72,1766.88,18898.21,3.3666666666666667,3,0.0,0.3333333333333333,0,Moderate-Spender
CUST-BD-00747,313,0.47,613.2,2773.94,4.05,2,0.0,0.0,0,Moderate-Spender
CUST-BD-00748,191,1.02,929.43,8403.99,4.0,3,0.0,0.0,0,Moderate-Spender
CUST-BD-00749,3,1.49,4539.92,15650.63,3.872727272727272,11,5.909090909090909,0.0,1,High-Value
CUST-BD-00751,113,0.32,560.07,1334.98,4.4,1,0.0,0.0,0,Moderate-Spender
CUST-BD-00752,88,2.05,684.4,24102.57,3.9666666666666663,3,5.0,0.3333333333333333,0,Moderate-Spender
CUST-BD-00753,240,2.0,1182.03,2459.51,4.566666666666666,3,6.666666666666667,0.0,3,Low-Engagement
CUST-BD-00754,163,0.38,513.1,4806.72,4.05,2,0.0,0.0,0,Moderate-Spender
CUST-BD-00755,4,1.76,5264.0199999999995,31736.29,4.1866666666666665,15,2.6666666666666665,0.06666666666666667,1,High-Value
CUST-BD-00756,22,0.89,794.43,4529.54,3.75,2,10.0,0.0,3,Low-Engagement
CUST-BD-00757,100,10.01,1890.15,83063.04,4.05,4,11.25,0.0,1,High-Value
CUST-BD-00758,59,0.6,387.89,1934.43,4.0,2,7.5,0.0,3,Low-Engagement
CUST-BD-00759,41,1.92,1747.8799999999999,8754.93,4.166666666666667,6,3.3333333333333335,0.16666666666666666,1,High-Value
CUST-BD-00760,7,1.15,2373.6800000000003,13285.5,3.885714285714286,7,7.142857142857143,0.0,1,High-Value
CUST-BD-00761,24,1.82,2892.48,5571.76,3.8125,8,1.875,0.0,1,High-Value
CUST-BD-00762,5,4.25,6582.02,77856.68,4.110526315789474,19,4.473684210526316,0.05263157894736842,2,VIP-Platinum
CUST-BD-00763,374,0.61,218.48,1947.1,5.0,1,15.0,0.0,3,Low-Engagement
CUST-BD-00764,195,2.69,410.3,1227.03,3.3000000000000003,3,0.0,0.0,0,Moderate-Spender
CUST-BD-00765,150,0.74,670.65,1886.65,4.05,2,0.0,0.0,0,Moderate-Spender
CUST-BD-00766,3,0.68,2274.95,17282.99,3.75,8,1.875,0.125,1,High-Value
CUST-BD-00767,14,4.56,3682.2200000000003,52660.85,4.1,13,6.153846153846154,0.0,1,High-Value
CUST-BD-00768,206,1.3,322.03,2247.83,4.95,2,0.0,0.0,0,Moderate-Spender
CUST-BD-00769,9,4.64,5653.17,36334.69,3.716666666666667,12,5.416666666666667,0.0,1,High-Value
CUST-BD-00770,27,1.45,1522.1100000000001,9164.87,4.15,8,6.25,0.0,1,High-Value
CUST-BD-00771,3,3.62,7714.33,33018.14,3.890322580645161,31,6.290322580645161,0.03225806451612903,2,VIP-Platinum
CUST-BD-00772,275,0.43,57.7,1358.35,4.3,1,0.0,0.0,0,Moderate-Spender
CUST-BD-00773,2,5.41,10182.98,168893.92,3.952,25,3.2,0.04,2,VIP-Platinum
CUST-BD-00774,11,1.31,1300.32,22561.27,3.925,8,3.125,0.0,1,High-Value
CUST-BD-00775,29,4.41,2605.57,56762.75,3.733333333333333,6,5.833333333333333,0.0,1,High-Value
CUST-BD-00776,15,3.12,3218.98,21527.86,4.277777777777778,9,7.777777777777778,0.1111111111111111,1,High-Value
CUST-BD-00778,61,6.42,569.94,25663.35,3.5,2,0.0,0.0,1,High-Value
CUST-BD-00779,285,1.04,416.33,10243.17,4.4,1,5.0,0.0,0,Moderate-Spender
CUST-BD-00780,315,0.42,243.56,2122.06,4.6,2,0.0,0.0,0,Moderate-Spender
CUST-BD-00782,1,4.02,4417.85,37765.33,3.9214285714285713,14,4.642857142857143,0.0,1,High-Value
CUST-BD-00783,3,1.6599999999999997,3770.6,17527.44,3.9899999999999998,10,6.0,0.1,1,High-Value
CUST-BD-00785,2,7.65,4886.57,37753.55,3.7764705882352945,17,4.411764705882353,0.0,2,VIP-Platinum
CUST-BD-00786,21,1.42,2705.39,19625.79,4.516666666666667,6,5.0,0.0,1,High-Value
CUST-BD-00787,125,1.09,88.95,1951.6,4.7,1,0.0,0.0,0,Moderate-Spender
CUST-BD-00789,368,0.74,56.52,1500.5,4.2,1,0.0,0.0,0,Moderate-Spender
CUST-BD-00790,24,2.43,1544.88,36529.05,4.025,4,3.75,0.0,1,High-Value
CUST-BD-00791,245,0.46,518.66,6123.95,4.5,2,2.5,0.5,0,Moderate-Spender
CUST-BD-00792,76,0.41,93.57,2094.6,4.3,1,15.0,0.0,3,Low-Engagement
CUST-BD-00793,114,0.89,1185.27,5075.67,4.233333333333333,3,1.6666666666666667,0.0,0,Moderate-Spender
CUST-BD-00794,16,1.3000000000000003,4249.65,25525.76,3.9846153846153842,13,1.5384615384615385,0.0,1,High-Value
CUST-BD-00795,72,2.12,2637.62,10019.47,4.033333333333333,9,3.888888888888889,0.0,1,High-Value
CUST-BD-00796,71,0.86,1571.35,5823.63,4.116666666666666,6,1.6666666666666667,0.0,0,Moderate-Spender
CUST-BD-00797,162,3.69,706.73,3640.16,4.2,2,15.0,0.0,3,Low-Engagement
CUST-BD-00798,68,0.56,81.13,1765.06,3.7,1,5.0,0.0,0,Moderate-Spender
CUST-BD-00799,3,7.12,4733.8,27121.8,3.838461538461538,13,5.384615384615385,0.0,1,High-Value
CUST-BD-00800,140,0.62,119.76,3229.21,4.7,1,15.0,0.0,3,Low-Engagement
CUST-BD-00801,2,0.61,915.5600000000001,3703.41,4.133333333333334,3,0.0,0.0,0,Moderate-Spender
CUST-BD-00802,235,1.13,414.43,2322.56,3.75,2,0.0,0.0,0,Moderate-Spender
CUST-BD-00803,140,0.82,318.76,1379.34,4.05,2,7.5,0.5,3,Low-Engagement
CUST-BD-00804,191,0.67,431.20000000000005,1684.59,3.9000000000000004,2,0.0,0.0,0,Moderate-Spender
CUST-BD-00805,150,1.28,855.04,28575.69,4.16,5,3.0,0.2,0,Moderate-Spender
CUST-BD-00806,227,1.29,217.84,16044.77,4.1,1,0.0,0.0,0,Moderate-Spender
CUST-BD-00808,26,0.64,2117.9,31946.88,4.3,5,0.0,0.0,0,Moderate-Spender
CUST-BD-00809,50,0.83,3528.4300000000003,7414.33,3.8000000000000003,6,5.833333333333333,0.0,1,High-Value
CUST-BD-00810,14,6.11,4972.62,57251.49,4.07,10,3.5,0.1,1,High-Value
CUST-BD-00811,146,1.28,2273.46,1454.96,4.233333333333333,3,1.6666666666666667,0.0,0,Moderate-Spender
CUST-BD-00812,8,1.9300000000000002,5006.57,65061.31,4.155555555555555,18,3.3333333333333335,0.0,1,High-Value
CUST-BD-00813,37,0.61,973.5799999999999,18076.15,3.466666666666667,3,3.3333333333333335,0.0,0,Moderate-Spender
CUST-BD-00814,15,3.22,2419.13,3093.96,4.142857142857143,7,0.7142857142857143,0.0,1,High-Value
CUST-BD-00815,385,0.39,313.56,3183.41,4.3,2,7.5,0.0,3,Low-Engagement
CUST-BD-00816,62,1.22,621.4200000000001,6579.46,4.0,3,0.0,0.0,0,Moderate-Spender
CUST-BD-00817,323,0.74,508.34,2038.16,3.6,1,5.0,1.0,0,Moderate-Spender
CUST-BD-00818,133,0.89,1583.73,7404.43,3.725,4,1.25,0.0,0,Moderate-Spender
CUST-BD-00819,19,2.66,1380.06,18966.27,3.5250000000000004,4,5.0,0.0,1,High-Value
CUST-BD-00820,13,0.71,414.73,1658.96,3.9333333333333336,3,13.333333333333334,0.3333333333333333,3,Low-Engagement
CUST-BD-00822,270,2.07,1557.62,21559.35,4.166666666666667,3,10.0,0.0,3,Low-Engagement
CUST-BD-00823,13,3.27,2568.98,9671.5,3.942857142857143,7,4.285714285714286,0.14285714285714285,1,High-Value
CUST-BD-00824,74,1.37,810.29,14069.9,4.1,3,6.666666666666667,0.0,3,Low-Engagement
CUST-BD-00825,3,8.41,3287.11,194687.85,4.11875,16,5.3125,0.1875,2,VIP-Platinum
CUST-BD-00827,20,0.61,2841.6,15614.05,4.41,10,6.0,0.1,1,High-Value
CUST-BD-00828,3,4.83,3287.57,54513.15,3.9071428571428575,14,4.285714285714286,0.14285714285714285,1,High-Value
CUST-BD-00829,203,1.26,90.61,4082.46,3.95,2,7.5,0.0,3,Low-Engagement
CUST-BD-00830,381,1.93,594.69,4647.48,4.2,2,7.5,0.0,3,Low-Engagement
CUST-BD-00831,9,1.13,3013.08,157338.36,4.066666666666666,12,4.583333333333333,0.0,1,High-Value
CUST-BD-00832,319,0.2,656.99,4042.29,4.05,2,2.5,0.0,0,Moderate-Spender
CUST-BD-00833,160,0.99,700.04,2968.91,4.15,2,7.5,0.0,3,Low-Engagement
CUST-BD-00834,100,1.15,1900.77,8320.87,3.72,5,3.0,0.0,0,Moderate-Spender
CUST-BD-00835,66,1.46,955.1400000000001,42153.34,4.033333333333333,6,9.166666666666666,0.0,3,Low-Engagement
CUST-BD-00836,55,1.7,1105.19,21981.94,4.540000000000001,5,2.0,0.0,0,Moderate-Spender
CUST-BD-00837,235,0.55,590.76,1203.61,5.0,1,10.0,0.0,3,Low-Engagement
CUST-BD-00839,163,1.53,920.6099999999999,8515.18,3.8,4,5.0,0.0,0,Moderate-Spender
CUST-BD-00840,3,2.18,2478.94,9571.01,4.283333333333333,6,2.5,0.16666666666666666,1,High-Value
CUST-BD-00841,2,3.5200000000000005,3057.6899999999996,47866.71,4.17,10,3.0,0.1,1,High-Value
CUST-BD-00842,46,0.77,1745.26,1822.61,3.3,4,0.0,0.0,0,Moderate-Spender
CUST-BD-00843,6,2.04,2506.8,14486.01,3.657142857142857,7,8.571428571428571,0.0,1,High-Value
CUST-BD-00844,13,0.63,2935.19,5510.19,4.183333333333334,6,8.333333333333334,0.16666666666666666,1,High-Value
CUST-BD-00845,18,3.11,1974.56,59200.17,4.0,9,5.555555555555555,0.0,1,High-Value
CUST-BD-00846,32,1.83,1680.0500000000002,12372.54,4.3999999999999995,3,8.333333333333334,0.0,1,High-Value
CUST-BD-00847,320,0.57,1133.88,2494.5,3.8333333333333335,3,6.666666666666667,0.0,3,Low-Engagement
CUST-BD-00848,67,1.01,330.0,12970.96,3.65,2,7.5,0.0,3,Low-Engagement
CUST-BD-00849,80,1.06,90.3,10867.82,3.3,1,0.0,0.0,0,Moderate-Spender
CUST-BD-00850,117,1.36,2390.37,14336.79,4.24,5,7.0,0.0,3,Low-Engagement
CUST-BD-00851,98,1.16,155.46,2207.65,2.9,1,15.0,0.0,3,Low-Engagement
CUST-BD-00852,250,1.62,75.79,2099.66,4.1,1,0.0,0.0,0,Moderate-Spender
CUST-BD-00853,0,1.45,747.28,865.47,4.366666666666666,3,3.3333333333333335,0.3333333333333333,1,High-Value
CUST-BD-00855,174,0.42,373.52,1244.18,3.45,2,5.0,0.0,0,Moderate-Spender
CUST-BD-00856,300,1.0,585.0999999999999,6590.07,4.45,2,2.5,0.0,0,Moderate-Spender
CUST-BD-00857,307,1.43,918.68,2161.69,4.8,1,15.0,0.0,3,Low-Engagement
CUST-BD-00858,356,0.41,311.67,5190.37,3.8,2,10.0,0.0,3,Low-Engagement
CUST-BD-00859,8,6.64,1320.8200000000002,177543.0,4.316666666666666,6,9.166666666666666,0.0,2,VIP-Platinum
CUST-BD-00860,25,0.86,2750.98,19594.18,4.111111111111111,9,2.7777777777777777,0.0,1,High-Value
CUST-BD-00861,178,0.81,67.25,2570.63,3.85,2,10.0,0.0,3,Low-Engagement
CUST-BD-00862,24,1.12,2176.55,5371.48,3.9857142857142853,7,3.5714285714285716,0.0,1,High-Value
CUST-BD-00863,15,1.77,2287.97,9861.92,4.171428571428572,7,0.7142857142857143,0.0,1,High-Value
CUST-BD-00864,69,0.36000000000000004,2002.68,2070.11,4.2,3,3.3333333333333335,0.0,0,Moderate-Spender
CUST-BD-00865,119,0.65,2408.6,10345.94,3.975,4,3.75,0.0,0,Moderate-Spender
CUST-BD-00866,306,3.85,288.09,1196.83,4.3,1,10.0,0.0,3,Low-Engagement
CUST-BD-00867,24,1.66,952.3399999999999,9263.89,4.25,4,7.5,0.0,1,High-Value
CUST-BD-00868,74,2.26,607.9100000000001,432.88,4.266666666666667,3,10.0,0.0,3,Low-Engagement
CUST-BD-00869,93,3.67,1514.41,9186.29,3.8666666666666667,6,6.666666666666667,0.0,1,High-Value
CUST-BD-00870,98,0.28,736.8699999999999,2696.0,3.766666666666667,3,1.6666666666666667,0.0,0,Moderate-Spender
CUST-BD-00871,165,0.85,217.26,1563.84,4.3,1,15.0,0.0,3,Low-Engagement
CUST-BD-00872,205,0.79,818.33,9354.03,4.25,2,7.5,0.0,3,Low-Engagement
CUST-BD-00874,75,0.57,1180.63,20197.94,3.7599999999999993,5,5.0,0.0,1,High-Value
CUST-BD-00875,314,0.29,1285.85,4707.09,3.1,2,5.0,0.0,0,Moderate-Spender
CUST-BD-00876,89,1.0,2491.12,13212.01,4.316666666666666,6,12.5,0.16666666666666666,3,Low-Engagement
CUST-BD-00877,51,1.19,1212.0,10807.74,3.7600000000000002,5,1.0,0.0,0,Moderate-Spender
CUST-BD-00878,1,3.27,4608.41,43313.0,4.207692307692308,13,5.769230769230769,0.0,1,High-Value
CUST-BD-00880,1,6.509999999999999,10473.13,128350.78,4.111111111111111,27,3.1481481481481484,0.0,2,VIP-Platinum
CUST-BD-00881,69,1.31,430.72,2923.17,4.4,2,0.0,0.0,0,Moderate-Spender
CUST-BD-00882,80,1.86,1217.8899999999999,20939.31,3.4,3,6.666666666666667,0.0,1,High-Value
CUST-BD-00883,69,1.54,766.7700000000001,11321.7,3.9,4,7.5,0.0,3,Low-Engagement
CUST-BD-00885,9,0.73,2179.07,14489.03,3.85,10,3.5,0.1,1,High-Value
CUST-BD-00886,0,10.13,2661.06,105222.97,3.9,8,3.125,0.125,2,VIP-Platinum
CUST-BD-00887,7,1.66,3912.71,30697.75,4.233333333333333,12,5.833333333333333,0.08333333333333333,1,High-Value
CUST-BD-00888,38,1.64,135.12,3464.37,4.15,2,5.0,0.0,0,Moderate-Spender
CUST-BD-00889,90,2.44,1075.03,3707.53,3.8600000000000003,5,2.0,0.0,0,Moderate-Spender
CUST-BD-00891,50,2.23,1941.8799999999999,6492.72,4.442857142857143,7,0.0,0.0,1,High-Value
CUST-BD-00892,102,1.6,1935.64,6910.1,4.3,5,6.0,0.0,1,High-Value
CUST-BD-00893,202,0.45,302.26,2279.38,4.050000000000001,2,5.0,0.0,0,Moderate-Spender
CUST-BD-00895,8,8.38,3539.09,95729.58,4.359999999999999,5,6.0,0.2,1,High-Value
CUST-BD-00896,7,0.74,534.29,3278.19,4.75,2,2.5,0.0,0,Moderate-Spender
CUST-BD-00897,84,0.38,170.66,1552.19,3.8,1,10.0,0.0,3,Low-Engagement
CUST-BD-00899,31,1.93,979.54,7751.06,4.1,8,3.75,0.0,1,High-Value
CUST-BD-00900,212,0.58,1162.07,2051.28,3.8499999999999996,2,0.0,0.0,0,Moderate-Spender
CUST-BD-00901,127,0.98,1456.13,7515.18,4.2,4,7.5,0.0,3,Low-Engagement
CUST-BD-00903,39,1.18,373.89,926.6,4.1,2,12.5,0.0,3,Low-Engagement
CUST-BD-00906,60,1.04,1074.42,9472.72,3.5,5,6.0,0.0,1,High-Value
CUST-BD-00907,70,0.91,256.09,780.87,3.75,2,10.0,0.0,3,Low-Engagement
CUST-BD-00908,17,1.13,1144.26,10721.29,3.975,4,5.0,0.0,1,High-Value
CUST-BD-00909,57,0.79,2665.5299999999997,12257.5,3.9333333333333336,6,5.0,0.0,1,High-Value
CUST-BD-00910,54,1.3,1580.15,3827.1,4.08,5,5.0,0.0,1,High-Value
CUST-BD-00912,38,0.56,720.84,22847.59,4.3,4,3.75,0.0,0,Moderate-Spender
CUST-BD-00913,36,1.4400000000000002,1368.6100000000001,732.39,4.166666666666667,3,6.666666666666667,0.3333333333333333,1,High-Value
CUST-BD-00914,36,0.61,1840.92,9553.54,4.25,6,1.6666666666666667,0.0,0,Moderate-Spender
CUST-BD-00915,3,2.58,2884.0299999999997,157283.79,4.0,9,6.111111111111111,0.0,1,High-Value
CUST-BD-00916,217,0.38000000000000006,491.66999999999996,4722.54,3.9333333333333336,3,3.3333333333333335,0.0,0,Moderate-Spender
CUST-BD-00918,115,5.44,785.35,11597.36,3.6999999999999997,3,6.666666666666667,0.0,1,High-Value
CUST-BD-00919,304,0.66,84.96000000000001,1333.55,4.4,2,0.0,0.0,0,Moderate-Spender
CUST-BD-00920,8,1.95,1122.57,8490.71,3.46,5,7.0,0.0,1,High-Value
CUST-BD-00921,31,2.47,1771.8700000000001,36513.84,4.185714285714286,7,10.714285714285714,0.0,1,High-Value
CUST-BD-00922,7,1.12,871.26,19550.32,3.5500000000000003,6,6.666666666666667,0.0,1,High-Value
CUST-BD-00923,79,2.89,1988.6499999999999,4419.06,4.25,4,3.75,0.0,1,High-Value
CUST-BD-00924,204,0.86,486.99,1579.58,5.0,1,15.0,0.0,3,Low-Engagement
CUST-BD-00926,2,2.15,4709.5599999999995,29866.86,4.184615384615385,13,6.153846153846154,0.07692307692307693,1,High-Value
CUST-BD-00927,10,2.04,2885.2999999999997,13274.33,3.8714285714285714,7,11.428571428571429,0.0,1,High-Value
CUST-BD-00928,44,1.59,891.36,6912.13,4.142857142857143,7,1.4285714285714286,0.0,0,Moderate-Spender
CUST-BD-00929,8,2.98,1059.0900000000001,8830.06,4.3,5,7.0,0.0,1,High-Value
CUST-BD-00930,28,1.19,1873.38,6864.03,4.25,8,1.25,0.0,1,High-Value
CUST-BD-00931,161,2.14,1434.97,2005.15,4.1000000000000005,3,5.0,0.0,0,Moderate-Spender
CUST-BD-00932,161,1.93,1231.78,16780.83,3.8000000000000003,3,0.0,0.0,0,Moderate-Spender
CUST-BD-00933,161,1.49,1673.7,13143.68,4.4799999999999995,5,7.0,0.0,3,Low-Engagement
CUST-BD-00934,213,0.61,50.17,1641.33,4.5,1,10.0,0.0,3,Low-Engagement
CUST-BD-00935,93,0.7,123.17,4931.64,4.4,1,10.0,0.0,3,Low-Engagement
CUST-BD-00936,161,0.5,29.39,4732.87,5.0,1,5.0,0.0,0,Moderate-Spender
CUST-BD-00937,145,2.31,817.0799999999999,10992.64,4.4,4,3.75,0.5,0,Moderate-Spender
CUST-BD-00938,353,0.7,672.8,2141.38,4.15,2,0.0,0.0,0,Moderate-Spender
CUST-BD-00939,13,9.32,4218.31,100773.11,4.05,16,5.0,0.0625,2,VIP-Platinum
CUST-BD-00940,0,4.73,8078.58,249143.33,4.046666666666667,30,4.666666666666667,0.03333333333333333,2,VIP-Platinum
CUST-BD-00941,2,5.61,8381.43,38278.94,4.1080000000000005,25,7.0,0.0,2,VIP-Platinum
CUST-BD-00942,295,0.55,153.41,5118.53,4.1,2,2.5,0.0,0,Moderate-Spender
CUST-BD-00943,105,4.47,355.18,30943.68,4.3,2,0.0,0.0,0,Moderate-Spender
CUST-BD-00944,4,1.44,4472.73,51900.69,4.16875,16,5.0,0.0625,1,High-Value
CUST-BD-00945,25,1.68,1754.0,8312.35,3.925,8,5.625,0.0,1,High-Value
CUST-BD-00946,390,0.83,676.04,2031.71,3.9,1,10.0,0.0,3,Low-Engagement
CUST-BD-00947,9,1.72,2070.32,97682.08,4.0,9,4.444444444444445,0.0,1,High-Value
CUST-BD-00948,19,6.85,1143.04,18158.72,4.257142857142857,7,5.0,0.0,1,High-Value
CUST-BD-00949,176,0.96,419.08,15275.45,4.6,4,5.0,0.0,0,Moderate-Spender
CUST-BD-00950,11,6.11,4932.91,385116.44,3.9166666666666665,12,5.833333333333333,0.0,2,VIP-Platinum
CUST-BD-00951,1,12.0,6198.28,51896.55,4.224,25,4.6,0.08,2,VIP-Platinum
CUST-BD-00952,21,1.3,237.55,10417.07,3.65,2,5.0,0.0,1,High-Value
CUST-BD-00953,76,0.76,1190.71,2801.88,3.875,4,3.75,0.25,0,Moderate-Spender
CUST-BD-00954,151,1.32,317.15999999999997,9688.53,4.05,2,5.0,0.0,0,Moderate-Spender
CUST-BD-00955,46,1.55,1895.77,3646.17,3.5833333333333335,6,4.166666666666667,0.16666666666666666,1,High-Value
CUST-BD-00956,196,2.9,2090.11,20089.91,4.933333333333334,3,5.0,0.0,0,Moderate-Spender
CUST-BD-00957,58,1.27,339.04,7008.81,4.6,1,0.0,0.0,0,Moderate-Spender
CUST-BD-00958,13,0.37,3604.12,6933.85,4.2375,8,6.875,0.0,1,High-Value
CUST-BD-00959,52,1.57,89.24,8868.14,3.1,1,10.0,0.0,3,Low-Engagement
CUST-BD-00960,2,6.21,5646.48,82742.99,4.086363636363637,22,5.0,0.045454545454545456,2,VIP-Platinum
CUST-BD-00961,4,3.56,3208.44,32539.18,4.077777777777778,9,7.777777777777778,0.0,1,High-Value
CUST-BD-00962,129,0.63,212.0,4457.18,4.35,2,2.5,0.0,0,Moderate-Spender
CUST-BD-00963,88,1.0,326.5,22180.27,4.4,2,7.5,0.0,3,Low-Engagement
CUST-BD-00964,14,1.4,951.23,9414.87,4.4,4,2.5,0.0,1,High-Value
CUST-BD-00965,7,4.22,2854.0,7683.0,3.8818181818181823,11,6.818181818181818,0.09090909090909091,1,High-Value
CUST-BD-00966,153,0.68,1629.44,2314.62,4.7,2,12.5,0.5,3,Low-Engagement
CUST-BD-00968,1,0.91,1406.73,10814.39,3.6999999999999997,4,8.75,0.0,1,High-Value
CUST-BD-00969,136,1.36,786.01,6235.26,4.366666666666667,3,5.0,0.0,0,Moderate-Spender
CUST-BD-00970,3,1.85,3892.71,125421.63,3.5125,8,5.0,0.0,1,High-Value
CUST-BD-00971,2,12.0,5988.1,102578.36,4.032,25,7.4,0.0,2,VIP-Platinum
CUST-BD-00972,2,1.3599999999999999,3765.1099999999997,25346.76,4.13076923076923,13,4.615384615384615,0.07692307692307693,1,High-Value
CUST-BD-00973,3,3.9300000000000006,3104.85,53456.33,3.9799999999999995,10,3.5,0.2,1,High-Value
CUST-BD-00974,6,1.93,3590.51,5252.27,4.081818181818182,11,3.1818181818181817,0.09090909090909091,1,High-Value
CUST-BD-00975,10,3.72,3328.04,22837.68,4.263636363636364,11,5.0,0.18181818181818182,1,High-Value
CUST-BD-00976,1,1.65,13514.02,122504.98,4.032432432432432,37,4.72972972972973,0.0,2,VIP-Platinum
CUST-BD-00977,112,0.53,565.49,11930.79,4.6,2,7.5,0.0,3,Low-Engagement
CUST-BD-00978,308,0.75,79.42,4690.53,4.7,1,0.0,0.0,0,Moderate-Spender
CUST-BD-00979,397,0.42,127.84,486.04,4.2,1,0.0,0.0,0,Moderate-Spender
CUST-BD-00980,23,1.12,3060.85,17971.21,4.083333333333333,6,4.166666666666667,0.0,1,High-Value
CUST-BD-00981,24,1.27,1425.82,7939.71,4.214285714285714,7,3.5714285714285716,0.0,1,High-Value
CUST-BD-00982,5,0.9,1456.98,5450.69,3.55,4,3.75,0.0,1,High-Value
CUST-BD-00983,50,1.6299999999999997,2478.52,12446.77,4.3,5,9.0,0.0,1,High-Value
CUST-BD-00984,44,3.2,2284.38,25076.83,4.3,5,4.0,0.0,1,High-Value
CUST-BD-00985,100,0.25,767.4599999999999,6490.1,4.050000000000001,4,6.25,0.25,3,Low-Engagement
CUST-BD-00987,59,1.11,1260.5,29327.21,4.3,5,12.0,0.2,3,Low-Engagement
CUST-BD-00989,0,12.0,8956.3,101285.95,4.08,30,5.166666666666667,0.06666666666666667,2,VIP-Platinum
CUST-BD-00990,27,1.86,3169.62,13568.9,4.07,10,6.0,0.0,1,High-Value
CUST-BD-00991,62,2.0,1465.99,4264.04,3.9125,8,6.875,0.125,1,High-Value
CUST-BD-00992,10,1.81,1657.77,10074.07,4.0,7,3.5714285714285716,0.0,1,High-Value
CUST-BD-00993,6,4.35,4154.36,15327.34,4.2272727272727275,11,6.363636363636363,0.0,1,High-Value
CUST-BD-00994,1,2.85,2039.95,20926.62,4.054545454545455,11,5.909090909090909,0.0,1,High-Value
CUST-BD-00995,20,3.54,1796.41,11289.32,3.7399999999999998,5,9.0,0.0,1,High-Value
CUST-BD-00996,2,8.75,8836.789999999999,203828.98,4.007407407407407,27,5.0,0.037037037037037035,2,VIP-Platinum
CUST-BD-00997,31,2.35,418.64,11065.16,4.5,3,5.0,0.3333333333333333,1,High-Value
CUST-BD-00998,384,0.32,243.1,1105.28,5.0,1,15.0,0.0,3,Low-Engagement
CUST-BD-00999,12,1.69,162.2,3687.0,4.0,2,10.0,0.0,3,Low-Engagement
CUST-BD-01000,8,2.42,5570.3,37610.88,4.138888888888889,18,5.833333333333333,0.1111111111111111,1,High-Value
CUST-BD-01001,5,3.7400000000000007,5088.32,65132.72,4.121739130434783,23,3.6956521739130435,0.0,2,VIP-Platinum
CUST-BD-01002,279,0.5,92.82,2680.45,3.2,1,0.0,0.0,0,Moderate-Spender
CUST-BD-01003,129,1.55,864.39,9731.73,3.7999999999999994,3,8.333333333333334,0.0,3,Low-Engagement
CUST-BD-01004,6,2.06,1445.29,10544.76,4.033333333333333,6,5.0,0.0,1,High-Value
CUST-BD-01005,0,5.49,5214.76,71973.28,4.176470588235294,17,4.117647058823529,0.0,2,VIP-Platinum
CUST-BD-01006,33,2.68,2050.37,20698.76,4.0600000000000005,5,5.0,0.0,1,High-Value
CUST-BD-01007,144,0.82,2366.87,3119.27,4.7,3,1.6666666666666667,0.0,0,Moderate-Spender
CUST-BD-01008,57,3.2999999999999994,1296.91,20455.12,3.733333333333333,3,5.0,0.0,1,High-Value
CUST-BD-01009,161,1.34,515.03,7902.25,2.95,2,2.5,0.0,0,Moderate-Spender
CUST-BD-01010,11,2.79,3506.39,55329.0,3.8666666666666663,9,6.111111111111111,0.1111111111111111,1,High-Value
CUST-BD-01011,22,2.08,2045.23,76415.68,3.8200000000000003,5,2.0,0.0,1,High-Value
CUST-BD-01012,368,0.55,393.49,1164.23,4.0,1,15.0,0.0,3,Low-Engagement
CUST-BD-01013,1,7.29,8637.89,237553.64,4.183333333333334,24,3.3333333333333335,0.0,2,VIP-Platinum
CUST-BD-01014,25,3.73,897.79,6889.84,3.7857142857142856,7,5.714285714285714,0.14285714285714285,1,High-Value
CUST-BD-01015,3,5.53,8447.48,141903.91,4.316666666666666,24,3.75,0.0,2,VIP-Platinum
CUST-BD-01016,270,0.45,1238.14,13422.41,3.7,2,5.0,0.0,0,Moderate-Spender
CUST-BD-01017,21,5.450000000000001,4857.88,13484.28,4.207692307692308,13,6.923076923076923,0.15384615384615385,1,High-Value
CUST-BD-01018,89,0.23,647.1,3385.2,4.433333333333334,3,3.3333333333333335,0.0,0,Moderate-Spender
CUST-BD-01019,32,1.24,1147.38,2070.77,3.9,3,10.0,0.0,3,Low-Engagement
CUST-BD-01020,1,2.73,7927.08,124240.91,4.147619047619047,21,2.619047619047619,0.047619047619047616,2,VIP-Platinum
CUST-BD-01021,128,1.0,1501.69,1724.45,4.25,4,10.0,0.0,3,Low-Engagement
CUST-BD-01022,98,0.54,1531.93,564.74,3.925,4,7.5,0.0,3,Low-Engagement
CUST-BD-01023,12,3.82,1140.4,22265.97,3.6714285714285713,7,5.0,0.14285714285714285,1,High-Value
CUST-BD-01024,97,5.03,989.44,13546.08,4.3999999999999995,3,5.0,0.0,1,High-Value
CUST-BD-01026,1,3.4599999999999995,5392.9,121170.72,3.8666666666666667,24,4.791666666666667,0.125,2,VIP-Platinum
CUST-BD-01027,7,1.67,1441.96,26616.99,4.0,4,6.25,0.0,1,High-Value
CUST-BD-01028,51,1.62,222.5,1859.35,4.2,3,5.0,0.0,0,Moderate-Spender
CUST-BD-01029,56,1.77,490.24,7791.43,4.0,1,0.0,0.0,0,Moderate-Spender
CUST-BD-01030,20,1.64,2091.25,13514.21,4.3999999999999995,3,6.666666666666667,0.0,1,High-Value
CUST-BD-01031,289,0.77,1192.64,1996.28,4.333333333333333,3,5.0,0.0,0,Moderate-Spender
CUST-BD-01032,1,0.92,2284.27,21572.04,4.0375,8,5.0,0.25,1,High-Value
CUST-BD-01033,322,0.77,343.76,1075.66,4.5,2,0.0,0.0,0,Moderate-Spender
CUST-BD-01034,114,0.56,718.62,4195.07,4.3,1,0.0,0.0,0,Moderate-Spender
CUST-BD-01036,10,4.96,2818.81,43571.4,4.0200000000000005,10,5.5,0.0,1,High-Value
CUST-BD-01038,155,0.6,245.56,1693.46,3.7,1,5.0,0.0,0,Moderate-Spender
CUST-BD-01039,9,8.02,3469.27,57686.76,4.225,16,7.1875,0.0,2,VIP-Platinum
CUST-BD-01041,0,3.31,9168.28,61592.63,4.208823529411765,34,4.117647058823529,0.029411764705882353,2,VIP-Platinum
CUST-BD-01042,4,2.48,4980.22,41915.47,4.03125,16,6.875,0.0625,1,High-Value
CUST-BD-01043,66,1.9300000000000002,803.71,13182.03,4.46,5,5.0,0.2,1,High-Value
CUST-BD-01044,230,1.24,760.63,2400.91,3.966666666666667,3,10.0,0.0,3,Low-Engagement
CUST-BD-01046,247,2.7099999999999995,361.29,3658.7,4.3,3,10.0,0.0,3,Low-Engagement
CUST-BD-01047,47,0.48,1579.9099999999999,2354.37,4.1499999999999995,6,10.0,0.0,3,Low-Engagement
CUST-BD-01048,42,2.4,417.01,8262.89,3.9,1,0.0,1.0,0,Moderate-Spender
CUST-BD-01049,392,0.38,503.12,4095.49,4.4,1,0.0,0.0,0,Moderate-Spender
CUST-BD-01050,10,7.76,4131.42,41236.05,4.030769230769231,13,4.230769230769231,0.15384615384615385,1,High-Value
CUST-BD-01051,118,1.48,128.18,3277.03,4.5,1,0.0,0.0,0,Moderate-Spender
CUST-BD-01052,167,2.37,20.8,15602.68,3.9,1,0.0,0.0,0,Moderate-Spender
CUST-BD-01053,246,0.27,75.24,2733.06,3.7,1,10.0,0.0,3,Low-Engagement
CUST-BD-01054,112,1.03,417.25,2033.53,3.6,3,10.0,0.0,3,Low-Engagement
CUST-BD-01055,4,2.04,3205.83,24173.2,4.207142857142857,14,5.714285714285714,0.0,1,High-Value
CUST-BD-01056,26,2.05,2821.9900000000002,10431.45,4.2444444444444445,9,3.3333333333333335,0.0,1,High-Value
CUST-BD-01057,114,0.72,1525.29,14686.76,4.12,5,7.0,0.0,3,Low-Engagement
CUST-BD-01058,110,1.86,1048.33,15103.73,4.083333333333333,6,4.166666666666667,0.0,0,Moderate-Spender
CUST-BD-01059,4,1.32,2551.28,11991.97,3.95,10,5.0,0.0,1,High-Value
CUST-BD-01060,2,2.09,6403.53,43235.55,4.089473684210526,19,3.9473684210526314,0.05263157894736842,1,High-Value
CUST-BD-01061,232,0.97,333.8,1288.54,4.4,1,15.0,0.0,3,Low-Engagement
CUST-BD-01062,57,1.56,2641.31,8324.87,3.9125,8,3.125,0.0,1,High-Value
CUST-BD-01063,85,0.63,109.57,3739.06,3.8,2,7.5,0.0,3,Low-Engagement
CUST-BD-01064,155,2.4,382.2,6671.37,4.533333333333333,3,5.0,0.0,0,Moderate-Spender
CUST-BD-01065,20,4.56,1471.6,11973.09,4.525,4,0.0,0.25,1,High-Value
CUST-BD-01066,52,0.8100000000000002,1955.06,2578.56,4.36,5,9.0,0.0,3,Low-Engagement
CUST-BD-01067,137,0.59,173.04,10273.57,3.25,2,2.5,0.0,0,Moderate-Spender
CUST-BD-01068,42,0.68,972.52,16529.9,4.525,4,2.5,0.0,0,Moderate-Spender
CUST-BD-01069,157,0.73,290.28,2865.1,3.4,1,0.0,0.0,0,Moderate-Spender
CUST-BD-01070,3,10.55,6404.26,46311.78,4.3307692307692305,13,5.769230769230769,0.07692307692307693,2,VIP-Platinum
CUST-BD-01071,183,0.75,1147.97,3407.52,3.6666666666666665,3,5.0,0.0,0,Moderate-Spender
CUST-BD-01072,10,4.24,2258.34,25818.27,4.122222222222223,9,5.0,0.1111111111111111,1,High-Value
CUST-BD-01073,103,1.55,1549.3899999999999,4852.85,3.5799999999999996,5,1.0,0.0,0,Moderate-Spender
CUST-BD-01074,10,1.19,445.45,3902.6,4.366666666666667,3,1.6666666666666667,0.0,0,Moderate-Spender
CUST-BD-01075,136,0.98,331.56,1227.26,3.1,1,0.0,0.0,0,Moderate-Spender
CUST-BD-01076,68,0.91,242.26,8891.42,4.266666666666667,3,3.3333333333333335,0.0,0,Moderate-Spender
CUST-BD-01077,30,4.09,5609.25,41739.55,4.153333333333333,15,3.3333333333333335,0.0,1,High-Value
CUST-BD-01078,3,0.68,2451.62,10526.68,3.8000000000000003,9,3.3333333333333335,0.1111111111111111,1,High-Value
CUST-BD-01079,124,2.05,924.61,7563.43,4.333333333333333,3,5.0,0.0,0,Moderate-Spender
CUST-BD-01080,99,0.6,361.69,1377.21,3.85,2,0.0,0.0,0,Moderate-Spender
CUST-BD-01081,2,3.5,4663.61,22182.39,4.0181818181818185,22,5.2272727272727275,0.045454545454545456,1,High-Value
CUST-BD-01082,65,3.82,2894.58,18336.33,3.9333333333333336,6,4.166666666666667,0.0,1,High-Value
CUST-BD-01083,348,0.82,429.78,2317.29,3.2,2,5.0,0.5,0,Moderate-Spender
CUST-BD-01084,15,6.980000000000001,3476.64,25232.37,4.18,10,3.0,0.0,1,High-Value
CUST-BD-01085,10,1.6299999999999997,1292.86,4809.73,3.8,5,8.0,0.2,1,High-Value
CUST-BD-01086,172,1.78,925.8499999999999,9247.6,4.1000000000000005,3,3.3333333333333335,0.0,0,Moderate-Spender
CUST-BD-01088,71,1.99,337.03999999999996,2936.31,4.7,2,2.5,0.0,0,Moderate-Spender
CUST-BD-01089,91,0.69,952.58,3106.69,3.8666666666666667,3,1.6666666666666667,0.0,0,Moderate-Spender
CUST-BD-01090,24,1.21,1027.5,24608.09,3.94,5,6.0,0.0,1,High-Value
CUST-BD-01091,0,4.65,11542.69,140126.51,4.193939393939394,33,5.454545454545454,0.030303030303030304,2,VIP-Platinum
CUST-BD-01092,5,2.05,3735.2599999999998,5725.59,4.11,10,7.0,0.0,1,High-Value
CUST-BD-01094,398,0.27,179.17,1005.06,3.8,1,10.0,0.0,3,Low-Engagement
CUST-BD-01095,36,2.97,1745.3600000000001,8136.63,3.6833333333333336,6,8.333333333333334,0.0,1,High-Value
CUST-BD-01096,319,2.51,645.19,4191.74,3.5,1,10.0,0.0,3,Low-Engagement
CUST-BD-01097,313,1.32,236.17,1727.4,5.0,1,5.0,0.0,0,Moderate-Spender
CUST-BD-01099,71,1.78,958.22,7845.88,3.9,5,2.0,0.0,0,Moderate-Spender
CUST-BD-01100,330,0.81,1318.5700000000002,2955.12,4.4,2,5.0,0.0,0,Moderate-Spender
CUST-BD-01101,272,2.78,649.2800000000001,7635.38,3.4,2,5.0,0.0,0,Moderate-Spender
CUST-BD-01102,63,0.82,766.44,6963.77,3.8,4,7.5,0.0,3,Low-Engagement
CUST-BD-01103,32,0.58,521.37,6966.38,4.3,2,2.5,0.0,0,Moderate-Spender
CUST-BD-01104,27,1.55,977.06,10784.12,4.6,2,0.0,0.0,0,Moderate-Spender
CUST-BD-01105,101,1.16,267.21,2673.8,3.75,2,7.5,0.0,3,Low-Engagement
CUST-BD-01106,36,0.52,1018.72,4148.87,4.1,2,2.5,0.0,0,Moderate-Spender
CUST-BD-01107,7,2.16,2046.0900000000001,59238.9,3.925,8,4.375,0.25,1,High-Value
CUST-BD-01108,210,1.26,816.0799999999999,8830.85,3.4333333333333336,3,3.3333333333333335,0.0,0,Moderate-Spender
CUST-BD-01109,339,0.91,643.5799999999999,4682.66,3.9499999999999997,2,2.5,0.0,0,Moderate-Spender
CUST-BD-01111,399,0.32,55.2,4599.91,3.3,1,15.0,0.0,3,Low-Engagement
CUST-BD-01112,41,1.61,874.81,16694.19,4.05,6,8.333333333333334,0.16666666666666666,1,High-Value
CUST-BD-01113,81,1.72,1279.92,9150.89,3.75,6,5.833333333333333,0.0,1,High-Value
CUST-BD-01114,29,1.76,1876.01,12571.78,3.914285714285714,7,2.142857142857143,0.0,1,High-Value
CUST-BD-01115,41,0.71,543.71,3104.23,3.9,2,2.5,0.5,0,Moderate-Spender
CUST-BD-01116,4,2.47,5102.03,21098.14,3.861111111111111,18,6.388888888888889,0.05555555555555555,1,High-Value
CUST-BD-01117,20,4.94,2111.19,13014.86,3.963636363636364,11,4.090909090909091,0.09090909090909091,1,High-Value
CUST-BD-01118,196,0.86,978.56,3295.23,4.0,3,5.0,0.6666666666666666,0,Moderate-Spender
CUST-BD-01119,34,1.92,1452.04,9716.99,3.6166666666666667,6,5.0,0.16666666666666666,1,High-Value
CUST-BD-01120,139,1.9600000000000002,1187.44,8701.06,4.040000000000001,5,5.0,0.0,0,Moderate-Spender
CUST-BD-01121,8,3.85,2469.3199999999997,29681.88,4.0125,8,2.5,0.0,1,High-Value
CUST-BD-01122,151,0.4,91.34,2096.95,4.4,2,5.0,0.0,0,Moderate-Spender
CUST-BD-01124,17,1.33,1630.98,3735.26,3.9166666666666665,6,2.5,0.0,1,High-Value
CUST-BD-01125,99,3.2,3575.05,5744.34,3.7857142857142856,7,2.142857142857143,0.14285714285714285,1,High-Value
CUST-BD-01126,4,1.3,2540.33,18604.19,3.6799999999999997,10,2.5,0.0,1,High-Value
CUST-BD-01127,7,1.03,2058.55,7118.1,4.2,8,4.375,0.125,1,High-Value
CUST-BD-01128,299,0.66,157.52,3645.15,4.4,1,0.0,0.0,0,Moderate-Spender
CUST-BD-01129,88,1.69,485.28,5065.2,4.1,1,15.0,0.0,3,Low-Engagement
CUST-BD-01130,25,6.179999999999999,1940.06,20776.66,3.7363636363636363,11,3.6363636363636362,0.0,1,High-Value
CUST-BD-01131,33,1.3,1515.57,6430.6,3.9250000000000003,8,7.5,0.0,1,High-Value
CUST-BD-01132,4,2.19,5045.49,46590.95,3.992857142857143,14,5.357142857142857,0.0,1,High-Value
CUST-BD-01133,49,0.9700000000000001,885.68,9686.66,3.9,3,11.666666666666666,0.0,3,Low-Engagement
CUST-BD-01134,12,2.65,4029.47,17974.73,3.9166666666666665,12,5.0,0.0,1,High-Value
CUST-BD-01135,8,6.55,2518.0099999999998,16887.69,4.1625,8,4.375,0.0,1,High-Value
CUST-BD-01137,1,4.45,2029.03,42931.55,4.1000000000000005,7,4.285714285714286,0.14285714285714285,1,High-Value
CUST-BD-01138,78,1.6,1144.99,13131.86,4.14,5,8.0,0.0,3,Low-Engagement
CUST-BD-01139,6,3.45,1134.1499999999999,20967.4,4.24,10,8.0,0.1,1,High-Value
CUST-BD-01140,0,2.47,1295.51,23407.19,3.783333333333333,6,1.6666666666666667,0.0,1,High-Value
CUST-BD-01141,18,2.18,1268.6699999999998,10352.96,4.3999999999999995,3,6.666666666666667,0.0,1,High-Value
CUST-BD-01143,58,0.71,348.85,3145.72,4.1000000000000005,3,0.0,0.0,0,Moderate-Spender
CUST-BD-01144,9,1.32,2709.12,6239.84,4.0,7,0.7142857142857143,0.14285714285714285,1,High-Value
CUST-BD-01145,1,7.579999999999999,6781.0,296400.54,4.259090909090909,22,4.545454545454546,0.09090909090909091,2,VIP-Platinum
CUST-BD-01146,6,3.35,3961.45,34436.21,4.258333333333334,12,1.6666666666666667,0.0,1,High-Value
CUST-BD-01147,49,5.17,983.88,11222.64,4.2,5,3.0,0.0,1,High-Value
CUST-BD-01148,196,2.85,970.47,8588.16,4.225,4,5.0,0.0,0,Moderate-Spender
CUST-BD-01150,121,0.37,513.17,5112.01,4.275,4,6.25,0.0,3,Low-Engagement
CUST-BD-01151,4,4.82,10654.51,104465.1,4.16875,32,5.3125,0.0625,2,VIP-Platinum
CUST-BD-01152,31,0.88,2959.1600000000003,4564.91,3.8499999999999996,6,5.833333333333333,0.0,1,High-Value
CUST-BD-01153,115,1.24,1065.17,9966.38,4.15,4,3.75,0.0,0,Moderate-Spender
CUST-BD-01154,1,1.88,1863.54,33661.47,4.372727272727273,11,6.818181818181818,0.0,1,High-Value
CUST-BD-01156,2,5.05,9324.15,52661.18,4.042857142857143,28,5.535714285714286,0.07142857142857142,2,VIP-Platinum
CUST-BD-01157,19,1.73,1063.52,4329.07,3.6799999999999997,5,4.0,0.0,1,High-Value
CUST-BD-01158,282,0.62,60.09,6043.46,4.5,1,10.0,0.0,3,Low-Engagement
CUST-BD-01159,22,0.97,1863.76,17164.67,4.014285714285714,7,7.857142857142857,0.14285714285714285,1,High-Value
CUST-BD-01160,382,1.37,632.07,2552.21,2.6,1,15.0,0.0,3,Low-Engagement
CUST-BD-01161,197,2.0,668.22,7448.64,4.175,4,6.25,0.25,3,Low-Engagement
CUST-BD-01162,159,0.52,134.4,3102.96,3.7,1,0.0,0.0,0,Moderate-Spender
CUST-BD-01163,296,0.43,114.91,2825.74,3.9,1,10.0,0.0,3,Low-Engagement
CUST-BD-01164,352,0.71,400.14,8646.93,5.0,1,0.0,0.0,0,Moderate-Spender
CUST-BD-01165,91,0.69,1978.86,13897.49,4.1499999999999995,4,3.75,0.0,0,Moderate-Spender
CUST-BD-01167,24,5.37,706.79,52866.07,4.319999999999999,5,4.0,0.2,1,High-Value
CUST-BD-01168,142,0.51,272.7,1467.28,3.8,1,0.0,0.0,0,Moderate-Spender
CUST-BD-01169,32,3.39,3133.52,14248.49,4.011111111111111,9,6.666666666666667,0.1111111111111111,1,High-Value
CUST-BD-01171,252,0.78,105.7,2986.53,2.5,1,0.0,0.0,0,Moderate-Spender
CUST-BD-01172,0,9.640000000000002,8342.99,357381.12,4.113333333333333,30,5.166666666666667,0.06666666666666667,2,VIP-Platinum
CUST-BD-01173,44,2.25,2592.23,9871.57,4.371428571428572,7,2.857142857142857,0.0,1,High-Value
CUST-BD-01174,64,0.7600000000000001,2726.4,891.95,3.9,3,1.6666666666666667,0.0,0,Moderate-Spender
CUST-BD-01175,158,1.4,147.69,6609.83,5.0,1,10.0,0.0,3,Low-Engagement
CUST-BD-01176,71,1.51,1455.65,7361.87,4.34,5,7.0,0.0,1,High-Value
CUST-BD-01177,380,0.29,70.58,3495.37,3.2,1,5.0,0.0,0,Moderate-Spender
CUST-BD-01178,39,0.45,1053.82,4118.09,4.375,4,3.75,0.0,0,Moderate-Spender
CUST-BD-01179,17,4.31,1742.0900000000001,11935.98,4.0285714285714285,7,5.714285714285714,0.14285714285714285,1,High-Value
CUST-BD-01180,261,1.02,1286.49,13111.01,4.449999999999999,2,5.0,0.0,0,Moderate-Spender
CUST-BD-01181,0,0.25,1236.84,7887.95,4.7,3,6.666666666666667,0.0,1,High-Value
CUST-BD-01182,101,2.63,1232.01,6680.83,4.3,3,3.3333333333333335,0.0,0,Moderate-Spender
CUST-BD-01183,62,0.8,2049.67,2393.04,4.279999999999999,5,10.0,0.0,3,Low-Engagement
CUST-BD-01184,188,0.83,2021.17,1905.68,3.5,2,5.0,0.5,0,Moderate-Spender
CUST-BD-01185,250,1.47,1793.24,5438.88,3.85,4,3.75,0.0,0,Moderate-Spender
CUST-BD-01186,74,1.16,473.53000000000003,741.81,4.0,3,8.333333333333334,0.0,3,Low-Engagement
CUST-BD-01187,114,1.62,775.94,5442.28,4.3,3,8.333333333333334,0.0,3,Low-Engagement
CUST-BD-01188,189,0.53,327.0,1580.55,3.9,1,0.0,0.0,0,Moderate-Spender
CUST-BD-01189,30,2.27,2237.6,9465.55,4.083333333333333,6,10.833333333333334,0.0,3,Low-Engagement
CUST-BD-01190,120,2.9599999999999995,1482.57,14242.78,4.5,3,5.0,0.0,0,Moderate-Spender
CUST-BD-01191,40,1.16,1695.47,5386.52,4.220000000000001,5,2.0,0.0,0,Moderate-Spender
CUST-BD-01192,17,3.6699999999999995,1832.3,6667.51,3.9,7,6.428571428571429,0.0,1,High-Value
CUST-BD-01193,306,2.95,279.72,10857.41,4.300000000000001,2,7.5,0.0,3,Low-Engagement
CUST-BD-01195,301,1.68,522.56,1162.71,4.4,1,0.0,0.0,0,Moderate-Spender
CUST-BD-01196,59,0.36,1794.9,3598.81,3.9,5,2.0,0.0,0,Moderate-Spender
CUST-BD-01197,3,2.19,4733.32,26491.05,4.118181818181818,11,3.1818181818181817,0.09090909090909091,1,High-Value
CUST-BD-01199,195,1.24,158.4,2586.87,3.5,1,0.0,0.0,0,Moderate-Spender
CUST-BD-01200,7,1.69,726.51,19681.19,4.46,5,5.0,0.2,1,High-Value
CUST-BD-01201,1,1.13,1911.07,13595.47,4.0,8,5.625,0.125,1,High-Value
CUST-BD-01202,6,2.77,1707.1299999999999,20859.08,4.199999999999999,9,6.666666666666667,0.1111111111111111,1,High-Value
CUST-BD-01203,97,0.57,825.52,5020.93,3.1,1,0.0,0.0,0,Moderate-Spender
CUST-BD-01205,78,1.28,1793.28,6750.26,4.066666666666666,6,3.3333333333333335,0.0,1,High-Value
CUST-BD-01206,32,1.12,560.72,6176.06,4.1,2,0.0,0.0,0,Moderate-Spender
CUST-BD-01207,3,2.66,5959.24,23284.17,4.338888888888889,18,5.277777777777778,0.0,1,High-Value
CUST-BD-01208,8,1.15,1353.29,7635.51,4.314285714285714,7,3.5714285714285716,0.14285714285714285,1,High-Value
CUST-BD-01209,104,1.5,1591.74,13955.73,4.233333333333333,3,1.6666666666666667,0.0,0,Moderate-Spender
CUST-BD-01210,231,0.38,205.2,1104.25,3.5,1,0.0,0.0,0,Moderate-Spender
CUST-BD-01211,2,2.3,7911.33,264816.62,4.065384615384615,26,7.115384615384615,0.11538461538461539,2,VIP-Platinum
CUST-BD-01212,11,2.74,785.54,2867.64,4.220000000000001,5,5.0,0.0,1,High-Value
CUST-BD-01213,72,0.4000000000000001,1464.0900000000001,1562.64,3.6666666666666665,3,5.0,0.0,0,Moderate-Spender
CUST-BD-01214,81,0.78,1247.2,4505.82,4.128571428571428,7,3.5714285714285716,0.14285714285714285,0,Moderate-Spender
CUST-BD-01215,26,3.79,2692.21,19081.88,4.2375,8,6.25,0.0,1,High-Value
CUST-BD-01216,12,1.12,125.39,3697.99,4.0,2,2.5,0.0,0,Moderate-Spender
CUST-BD-01217,263,2.81,1039.89,9377.11,4.233333333333333,3,6.666666666666667,0.3333333333333333,3,Low-Engagement
CUST-BD-01218,171,2.11,513.55,4687.17,4.42,5,5.0,0.0,0,Moderate-Spender
CUST-BD-01219,148,1.44,68.21,1218.0,3.6,1,10.0,0.0,3,Low-Engagement
CUST-BD-01220,0,9.75,10999.77,110373.43,4.0875,32,3.90625,0.0,2,VIP-Platinum
CUST-BD-01221,2,4.96,8680.34,63319.5,3.925,28,6.25,0.07142857142857142,2,VIP-Platinum
CUST-BD-01222,258,0.39,174.95,1784.37,4.3,1,10.0,0.0,3,Low-Engagement
CUST-BD-01223,2,0.7899999999999999,4269.66,10523.83,4.023076923076923,13,5.769230769230769,0.0,1,High-Value
CUST-BD-01224,2,2.96,1230.06,27325.01,4.12,5,6.0,0.0,1,High-Value
CUST-BD-01225,155,0.87,1244.72,3850.11,3.8000000000000003,3,8.333333333333334,0.0,3,Low-Engagement
CUST-BD-01226,1,3.87,9018.3,42748.77,4.072413793103448,29,4.482758620689655,0.06896551724137931,2,VIP-Platinum
CUST-BD-01227,241,0.64,420.93,1141.43,4.25,2,5.0,0.0,0,Moderate-Spender
CUST-BD-01228,14,3.45,1876.65,7109.07,3.875,4,7.5,0.25,1,High-Value
CUST-BD-01229,7,0.7,2768.18,11610.99,4.2444444444444445,9,5.0,0.1111111111111111,1,High-Value
CUST-BD-01230,21,0.71,1555.14,2574.45,4.666666666666667,3,3.3333333333333335,0.3333333333333333,0,Moderate-Spender
CUST-BD-01231,82,0.8,382.34000000000003,22417.74,3.8499999999999996,2,0.0,0.0,0,Moderate-Spender
CUST-BD-01232,142,0.52,1139.09,1074.74,4.0,2,12.5,0.0,3,Low-Engagement
CUST-BD-01234,120,0.44,149.2,1559.44,3.0,1,0.0,0.0,0,Moderate-Spender
CUST-BD-01235,168,0.61,142.85,8179.27,4.7,1,10.0,0.0,3,Low-Engagement
CUST-BD-01237,62,1.03,932.09,1784.84,4.066666666666666,3,11.666666666666666,0.0,3,Low-Engagement
CUST-BD-01238,88,0.52,775.28,2947.25,4.38,5,3.0,0.0,0,Moderate-Spender
CUST-BD-01239,216,1.4,356.06,2813.78,4.6,1,0.0,0.0,0,Moderate-Spender
CUST-BD-01240,9,0.55,2941.13,1990.38,4.18,5,6.0,0.0,1,High-Value
CUST-BD-01241,77,4.18,922.48,49984.28,4.1000000000000005,3,5.0,0.0,1,High-Value
CUST-BD-01242,195,0.63,394.57,6187.43,4.4,1,15.0,0.0,3,Low-Engagement
CUST-BD-01244,31,2.13,94.32,2286.34,3.8,1,5.0,0.0,1,High-Value
CUST-BD-01245,229,0.6,462.86,7259.34,3.8,2,10.0,0.0,3,Low-Engagement
CUST-BD-01246,4,1.59,2431.04,14689.89,3.642857142857143,7,1.4285714285714286,0.14285714285714285,1,High-Value
CUST-BD-01247,57,0.55,985.25,1293.9,4.2,1,10.0,0.0,3,Low-Engagement
CUST-BD-01248,25,1.16,1901.37,11368.45,4.014285714285714,7,2.857142857142857,0.14285714285714285,1,High-Value
CUST-BD-01249,17,1.09,1168.06,9658.54,3.825,4,5.0,0.0,1,High-Value
CUST-BD-01250,204,0.69,76.45,1806.61,5.0,1,0.0,0.0,0,Moderate-Spender
CUST-BD-01251,267,0.46,909.51,3018.96,3.6,1,0.0,0.0,0,Moderate-Spender
CUST-BD-01252,4,2.12,4731.03,11335.52,4.171428571428572,14,8.571428571428571,0.21428571428571427,1,High-Value
CUST-BD-01253,289,0.2,1137.78,6541.48,3.7,1,0.0,0.0,0,Moderate-Spender
CUST-BD-01254,11,6.85,2677.42,50527.14,3.8818181818181823,11,6.363636363636363,0.0,1,High-Value
CUST-BD-01255,111,3.95,440.46,3643.92,3.5999999999999996,4,8.75,0.0,3,Low-Engagement
CUST-BD-01257,160,0.43,416.04,3261.71,3.8,2,0.0,0.0,0,Moderate-Spender
CUST-BD-01258,39,0.3499999999999999,667.78,6022.3,4.033333333333334,3,3.3333333333333335,0.0,0,Moderate-Spender
CUST-BD-01259,10,0.68,2097.4700000000003,30948.36,3.4499999999999997,4,3.75,0.0,1,High-Value
CUST-BD-01260,18,8.53,1392.32,295715.3,4.385714285714285,7,5.714285714285714,0.0,2,VIP-Platinum
CUST-BD-01262,1,6.57,7633.67,131415.79,4.037931034482758,29,5.517241379310345,0.0,2,VIP-Platinum
CUST-BD-01264,384,0.89,409.22,4496.72,4.0,1,15.0,0.0,3,Low-Engagement
CUST-BD-01265,101,1.05,1842.71,3007.25,4.12,5,7.0,0.0,3,Low-Engagement
CUST-BD-01266,9,10.45,4588.28,44196.05,4.311764705882353,17,6.470588235294118,0.0,2,VIP-Platinum
CUST-BD-01267,24,2.69,2033.13,8478.82,4.175,8,5.625,0.0,1,High-Value
CUST-BD-01268,8,1.86,5129.14,33758.11,4.483333333333333,12,10.416666666666666,0.0,1,High-Value
CUST-BD-01269,46,2.4899999999999998,1588.1399999999999,12133.62,3.8428571428571425,7,7.142857142857143,0.0,1,High-Value
CUST-BD-01270,14,2.95,1933.6399999999999,75185.64,3.96,10,5.0,0.1,1,High-Value
CUST-BD-01271,5,2.77,3642.21,23695.93,3.891666666666667,12,6.666666666666667,0.0,1,High-Value
CUST-BD-01272,272,1.9799999999999998,1008.6,5066.27,4.3,3,10.0,0.0,3,Low-Engagement
CUST-BD-01274,62,2.61,464.03,7646.6,4.1000000000000005,3,3.3333333333333335,0.0,0,Moderate-Spender
CUST-BD-01275,1,3.76,7716.9,132396.74,3.973076923076923,26,6.346153846153846,0.07692307692307693,2,VIP-Platinum
CUST-BD-01276,12,2.18,1872.43,27464.55,4.1,5,0.0,0.0,1,High-Value
CUST-BD-01277,47,0.37,344.47,5913.84,4.1,1,5.0,0.0,0,Moderate-Spender
CUST-BD-01278,48,2.9,2206.43,67290.14,4.222222222222222,9,7.222222222222222,0.0,1,High-Value
CUST-BD-01279,4,1.5,2291.73,7815.93,4.057142857142857,7,2.857142857142857,0.14285714285714285,1,High-Value
CUST-BD-01280,33,2.73,3608.61,9982.67,4.0285714285714285,7,6.428571428571429,0.0,1,High-Value
CUST-BD-01281,48,1.61,1623.25,14191.77,4.5,4,5.0,0.25,1,High-Value
CUST-BD-01282,118,0.61,1354.4299999999998,1574.47,4.266666666666667,3,10.0,0.0,3,Low-Engagement
CUST-BD-01283,23,3.51,2840.42,7325.89,4.022222222222222,9,3.3333333333333335,0.0,1,High-Value
CUST-BD-01285,7,2.47,3506.68,15435.79,4.43,10,6.5,0.0,1,High-Value
CUST-BD-01286,14,0.57,2693.41,21188.49,3.9333333333333336,6,6.666666666666667,0.0,1,High-Value
CUST-BD-01287,1,2.84,5155.3,27506.82,3.9833333333333334,18,3.0555555555555554,0.1111111111111111,1,High-Value
CUST-BD-01288,370,0.42,148.04,3457.77,4.55,2,15.0,0.0,3,Low-Engagement
CUST-BD-01289,2,5.2299999999999995,2911.55,107551.05,4.114285714285715,14,6.785714285714286,0.07142857142857142,1,High-Value
CUST-BD-01290,219,0.8,405.12,5305.82,4.2,1,0.0,0.0,0,Moderate-Spender
CUST-BD-01291,333,0.39,53.48,697.25,2.8,1,5.0,0.0,0,Moderate-Spender
CUST-BD-01292,1,3.82,7354.31,202378.9,4.053571428571429,28,6.25,0.10714285714285714,2,VIP-Platinum
CUST-BD-01293,382,0.66,423.18,23121.44,3.9,1,5.0,0.0,0,Moderate-Spender
CUST-BD-01294,1,4.53,8389.69,112461.76,4.133333333333333,27,5.7407407407407405,0.037037037037037035,2,VIP-Platinum
CUST-BD-01295,28,0.95,691.71,15039.5,4.175000000000001,4,11.25,0.25,3,Low-Engagement
CUST-BD-01296,282,2.28,84.64,3575.54,3.8,1,0.0,0.0,0,Moderate-Spender
CUST-BD-01297,180,1.6,249.0,1455.92,4.550000000000001,2,0.0,0.5,0,Moderate-Spender
CUST-BD-01298,5,6.69,6486.62,36155.62,3.9833333333333334,18,6.388888888888889,0.05555555555555555,2,VIP-Platinum
CUST-BD-01299,25,0.78,2928.29,18763.35,4.26,10,1.5,0.0,1,High-Value
CUST-BD-01300,15,1.45,3212.88,3763.4,4.275,8,3.75,0.0,1,High-Value
CUST-BD-01301,90,0.36,1113.6000000000001,3316.5,3.9,4,8.75,0.25,3,Low-Engagement
CUST-BD-01302,57,1.93,760.72,2634.07,4.266666666666667,3,1.6666666666666667,0.0,0,Moderate-Spender
CUST-BD-01303,1,5.05,3743.95,50996.55,4.1000000000000005,12,5.0,0.08333333333333333,1,High-Value
CUST-BD-01304,0,3.36,10370.53,44288.59,4.117241379310345,29,5.689655172413793,0.06896551724137931,2,VIP-Platinum
CUST-BD-01305,233,0.86,310.2,1600.15,3.9,1,0.0,0.0,0,Moderate-Spender
CUST-BD-01306,73,0.31,1076.71,1081.78,4.279999999999999,5,3.0,0.0,0,Moderate-Spender
CUST-BD-01307,220,0.65,698.52,1074.83,3.8,1,15.0,0.0,3,Low-Engagement
CUST-BD-01308,317,0.64,104.35,4115.8,4.9,1,10.0,0.0,3,Low-Engagement
CUST-BD-01309,55,4.81,3209.93,24582.11,3.9799999999999995,10,5.0,0.0,1,High-Value
CUST-BD-01310,105,2.75,402.56,7392.55,4.533333333333333,3,3.3333333333333335,0.0,0,Moderate-Spender
CUST-BD-01311,393,0.71,47.96,4809.83,4.3,1,0.0,0.0,0,Moderate-Spender
CUST-BD-01312,1,2.83,2716.3,28481.52,4.04375,16,6.25,0.0625,1,High-Value
CUST-BD-01313,10,0.54,1034.1100000000001,62401.14,4.25,4,6.25,0.0,1,High-Value
CUST-BD-01314,103,1.65,37.29,1331.97,4.5,1,0.0,0.0,0,Moderate-Spender
CUST-BD-01315,47,2.23,1150.53,28434.12,3.6333333333333333,6,3.3333333333333335,0.0,1,High-Value
CUST-BD-01316,9,1.6900000000000002,2043.21,6388.45,4.383333333333334,6,5.0,0.16666666666666666,1,High-Value
CUST-BD-01317,69,2.42,902.7199999999999,3473.03,3.733333333333333,3,1.6666666666666667,0.3333333333333333,0,Moderate-Spender
CUST-BD-01318,1,1.66,2453.05,30913.63,4.2444444444444445,9,5.0,0.0,1,High-Value
CUST-BD-01320,2,7.89,9163.5,104124.88,4.192592592592593,27,5.925925925925926,0.037037037037037035,2,VIP-Platinum
CUST-BD-01321,157,2.92,1584.9299999999998,3422.31,4.433333333333334,3,1.6666666666666667,0.0,0,Moderate-Spender
CUST-BD-01322,1,3.2,6002.32,29871.48,4.326666666666667,15,4.0,0.0,1,High-Value
CUST-BD-01325,18,4.31,1341.4299999999998,48835.49,4.1625,8,5.0,0.0,1,High-Value
CUST-BD-01326,4,4.02,5592.25,51971.37,4.095238095238095,21,6.666666666666667,0.09523809523809523,2,VIP-Platinum
CUST-BD-01327,0,3.0400000000000005,4925.78,32512.78,3.9916666666666667,12,6.666666666666667,0.16666666666666666,1,High-Value
CUST-BD-01328,364,0.84,96.6,938.97,5.0,1,0.0,0.0,0,Moderate-Spender
CUST-BD-01329,29,0.99,1083.01,12473.98,4.12,5,7.0,0.0,1,High-Value
CUST-BD-01330,58,0.59,1036.3,3191.78,3.5666666666666664,3,5.0,0.0,0,Moderate-Spender
CUST-BD-01331,157,0.34,869.28,2240.65,4.675,4,3.75,0.0,0,Moderate-Spender
CUST-BD-01332,75,1.26,1339.1,11578.93,3.966666666666667,6,5.0,0.0,1,High-Value
CUST-BD-01333,7,2.99,1900.46,3543.59,4.16,5,4.0,0.0,1,High-Value
CUST-BD-01334,2,2.02,2923.09,11445.93,4.041666666666667,12,5.416666666666667,0.0,1,High-Value
CUST-BD-01335,169,0.83,112.56,2342.59,4.6,1,0.0,0.0,0,Moderate-Spender
CUST-BD-01336,89,1.33,701.56,16906.71,3.9000000000000004,2,5.0,0.0,0,Moderate-Spender
CUST-BD-01337,6,7.15,8088.37,130430.35,4.1863636363636365,22,5.2272727272727275,0.13636363636363635,2,VIP-Platinum
CUST-BD-01338,119,0.68,633.46,1858.43,4.3,1,5.0,0.0,0,Moderate-Spender
CUST-BD-01339,4,4.3,4776.67,40157.9,3.9529411764705884,17,5.0,0.0,1,High-Value
CUST-BD-01340,2,6.85,2990.86,46907.27,4.153846153846154,13,6.538461538461538,0.0,1,High-Value
CUST-BD-01342,14,1.35,867.0500000000001,4920.57,4.725,4,2.5,0.0,0,Moderate-Spender
CUST-BD-01343,1,9.94,7900.58,75445.79,3.9958333333333336,24,5.0,0.041666666666666664,2,VIP-Platinum
CUST-BD-01344,243,1.15,780.0,39471.22,3.966666666666667,3,1.6666666666666667,0.3333333333333333,0,Moderate-Spender
CUST-BD-01346,10,0.53,2523.89,18148.85,4.5285714285714285,7,6.428571428571429,0.14285714285714285,1,High-Value
CUST-BD-01347,30,2.7,814.82,41262.05,3.8285714285714287,7,2.142857142857143,0.0,1,High-Value
CUST-BD-01348,198,3.28,2444.3900000000003,6080.35,3.8200000000000003,5,3.0,0.0,0,Moderate-Spender
CUST-BD-01350,120,1.15,34.8,1940.27,4.9,1,0.0,0.0,0,Moderate-Spender
CUST-BD-01351,3,5.41,3135.33,33265.87,4.038461538461538,13,6.923076923076923,0.0,1,High-Value
CUST-BD-01352,38,3.36,1794.79,4618.21,4.3500000000000005,6,4.166666666666667,0.0,1,High-Value
CUST-BD-01353,11,4.96,5071.79,168439.37,4.1125,24,4.166666666666667,0.041666666666666664,2,VIP-Platinum
CUST-BD-01354,42,2.69,1810.21,2194.62,4.033333333333333,6,5.833333333333333,0.0,1,High-Value
CUST-BD-01355,54,11.020000000000001,1125.97,58534.35,3.6999999999999997,6,3.3333333333333335,0.5,1,High-Value
CUST-BD-01356,108,0.69,195.69,4229.26,4.1,1,0.0,0.0,0,Moderate-Spender
CUST-BD-01357,2,1.55,4233.56,141379.91,4.22,15,6.0,0.0,2,VIP-Platinum
CUST-BD-01358,30,2.31,5133.79,30128.58,4.15,10,1.0,0.0,1,High-Value
CUST-BD-01360,161,0.28,1101.5,2687.2,4.4,2,0.0,0.0,0,Moderate-Spender
CUST-BD-01361,8,2.1,3238.06,48971.53,4.216666666666667,12,2.0833333333333335,0.08333333333333333,1,High-Value
CUST-BD-01362,2,2.67,4019.66,33155.54,3.9923076923076923,13,7.3076923076923075,0.0,1,High-Value
CUST-BD-01363,62,1.7,705.33,5409.01,3.6799999999999997,5,8.0,0.0,3,Low-Engagement
CUST-BD-01364,5,4.3,3282.14,15379.18,3.9875,8,4.375,0.125,1,High-Value
CUST-BD-01365,3,4.67,4132.88,34986.2,4.084615384615384,13,3.4615384615384617,0.0,1,High-Value
CUST-BD-01366,179,0.87,801.5600000000001,6007.36,3.425,4,8.75,0.0,3,Low-Engagement
CUST-BD-01367,229,12.0,248.16,4149.52,3.4,1,0.0,0.0,0,Moderate-Spender
CUST-BD-01368,25,1.59,3439.34,48387.68,4.1571428571428575,7,8.571428571428571,0.0,1,High-Value
CUST-BD-01369,304,0.28,576.15,4118.61,4.1,1,0.0,0.0,0,Moderate-Spender
CUST-BD-01370,6,1.81,3753.39,48958.75,3.793333333333334,15,8.666666666666666,0.06666666666666667,1,High-Value
CUST-BD-01371,7,1.81,2179.43,32666.9,3.8600000000000003,10,8.5,0.2,1,High-Value
CUST-BD-01372,319,0.33,67.2,3782.11,4.0,1,0.0,0.0,0,Moderate-Spender
CUST-BD-01374,302,0.2,448.94,2817.72,3.75,2,0.0,0.0,0,Moderate-Spender
CUST-BD-01375,181,1.2,898.0899999999999,2892.4,4.5,2,12.5,0.0,3,Low-Engagement
CUST-BD-01376,2,9.39,12836.15,51282.76,3.990625,32,4.6875,0.03125,2,VIP-Platinum
CUST-BD-01377,3,2.49,516.82,32873.96,4.333333333333333,3,0.0,0.0,1,High-Value
CUST-BD-01378,119,2.65,1645.77,8586.89,4.366666666666666,3,6.666666666666667,0.3333333333333333,3,Low-Engagement
CUST-BD-01379,368,0.38,169.65,1580.78,4.0,2,0.0,0.0,0,Moderate-Spender
CUST-BD-01380,320,0.44,771.8699999999999,1809.37,4.9,2,0.0,0.0,0,Moderate-Spender
CUST-BD-01381,22,2.16,985.44,3950.27,4.3999999999999995,3,10.0,0.0,3,Low-Engagement
CUST-BD-01382,29,0.62,1169.16,4730.23,3.6,3,5.0,0.0,1,High-Value
CUST-BD-01384,0,5.64,6746.78,54493.47,4.138461538461538,26,3.076923076923077,0.07692307692307693,2,VIP-Platinum
CUST-BD-01385,37,3.3,922.0,21410.69,4.38,5,3.0,0.0,1,High-Value
CUST-BD-01386,13,6.470000000000001,2140.67,34334.16,4.11,10,3.5,0.0,1,High-Value
CUST-BD-01387,102,0.8800000000000001,1062.17,2484.75,3.22,5,5.0,0.0,0,Moderate-Spender
CUST-BD-01388,32,0.58,322.2,1149.26,4.3,1,0.0,0.0,0,Moderate-Spender
CUST-BD-01389,2,4.26,3217.66,25045.83,4.085714285714286,14,6.785714285714286,0.07142857142857142,1,High-Value
CUST-BD-01390,28,1.99,3235.38,48184.36,3.9181818181818184,11,5.0,0.09090909090909091,1,High-Value
CUST-BD-01392,77,2.7000000000000006,1078.2,7048.97,4.3,3,10.0,0.3333333333333333,3,Low-Engagement
CUST-BD-01393,319,2.03,744.25,1843.05,3.7,1,5.0,0.0,0,Moderate-Spender
CUST-BD-01394,26,1.03,1499.96,1424.08,4.0,8,6.25,0.0,1,High-Value
CUST-BD-01396,8,0.9499999999999998,1243.49,3663.69,3.9333333333333336,3,0.0,0.0,0,Moderate-Spender
CUST-BD-01397,19,1.38,1078.1599999999999,13689.77,3.75,4,2.5,0.0,1,High-Value
CUST-BD-01398,176,1.21,216.0,4401.7,4.25,2,12.5,0.0,3,Low-Engagement
CUST-BD-01399,120,1.44,20.04,1915.3,4.6,1,5.0,0.0,0,Moderate-Spender
CUST-BD-01400,346,1.79,207.48,7411.28,3.5,1,5.0,0.0,0,Moderate-Spender
CUST-BD-01401,226,0.72,916.1700000000001,1505.94,4.65,2,10.0,0.0,3,Low-Engagement
CUST-BD-01402,16,5.19,2794.04,30589.7,4.190909090909091,11,3.1818181818181817,0.0,1,High-Value
CUST-BD-01403,1,4.52,10061.9,78252.62,4.194117647058824,34,5.588235294117647,0.058823529411764705,2,VIP-Platinum
CUST-BD-01404,279,0.79,323.1,2795.66,3.2,1,15.0,0.0,3,Low-Engagement
CUST-BD-01405,169,0.68,475.3,2165.27,3.6,1,0.0,0.0,0,Moderate-Spender
CUST-BD-01406,9,3.02,3257.45,32903.78,4.38,10,5.5,0.0,1,High-Value
CUST-BD-01407,140,1.91,1295.2,1663.97,4.15,4,7.5,0.0,3,Low-Engagement
CUST-BD-01408,28,0.7600000000000001,2999.65,8455.35,4.45,6,9.166666666666666,0.0,1,High-Value
CUST-BD-01409,224,0.7,330.7,654.24,3.7,1,0.0,0.0,0,Moderate-Spender
CUST-BD-01410,37,1.65,550.79,17802.8,4.1,4,5.0,0.0,1,High-Value
CUST-BD-01411,71,1.0,174.84,1354.05,4.65,2,5.0,0.0,0,Moderate-Spender
CUST-BD-01412,33,0.88,837.5799999999999,8194.81,5.0,2,0.0,0.0,0,Moderate-Spender
CUST-BD-01413,17,1.36,3644.43,5824.31,3.8857142857142857,7,5.0,0.0,1,High-Value
CUST-BD-01414,82,0.5,604.4000000000001,3518.73,4.9,2,0.0,0.0,0,Moderate-Spender
CUST-BD-01415,162,0.46,323.32,7939.68,4.05,2,2.5,0.0,0,Moderate-Spender
CUST-BD-01416,62,3.03,1739.8899999999999,2539.48,4.4,7,2.857142857142857,0.0,1,High-Value
CUST-BD-01417,5,2.67,6463.96,112429.75,4.030434782608696,23,4.130434782608695,0.08695652173913043,2,VIP-Platinum
CUST-BD-01418,18,0.66,2458.02,7025.53,4.26,5,5.0,0.2,1,High-Value
CUST-BD-01419,135,1.18,398.62,2465.19,5.0,1,0.0,0.0,0,Moderate-Spender
CUST-BD-01420,31,1.33,2499.9,18123.44,4.025,8,8.125,0.0,1,High-Value
CUST-BD-01421,223,0.59,647.15,1382.31,4.15,2,5.0,0.0,0,Moderate-Spender
CUST-BD-01422,2,2.74,3739.9700000000003,33947.68,4.1375,8,5.0,0.125,1,High-Value
CUST-BD-01423,57,5.78,433.83,22028.81,4.3,4,10.0,0.0,1,High-Value
CUST-BD-01425,48,2.22,2150.01,11533.66,3.94,5,3.0,0.0,1,High-Value
CUST-BD-01426,3,0.85,2331.1400000000003,10848.66,3.9,8,4.375,0.0,1,High-Value
CUST-BD-01427,117,0.84,758.33,1187.38,4.65,2,5.0,0.5,0,Moderate-Spender
CUST-BD-01428,389,2.63,114.34,17253.46,4.8,1,5.0,0.0,0,Moderate-Spender
CUST-BD-01429,39,3.47,765.4300000000001,18618.37,3.875,4,2.5,0.0,1,High-Value
CUST-BD-01430,26,0.68,1489.51,6946.3,3.9499999999999997,6,2.5,0.0,1,High-Value
CUST-BD-01431,67,1.36,405.26,12063.99,4.75,2,5.0,0.0,0,Moderate-Spender
CUST-BD-01432,322,3.85,1081.15,15653.51,4.2,2,0.0,0.5,0,Moderate-Spender
CUST-BD-01433,28,2.66,339.95,41624.08,3.95,4,2.5,0.0,1,High-Value
CUST-BD-01434,20,1.43,1830.61,13909.51,4.245454545454546,11,4.090909090909091,0.0,1,High-Value
CUST-BD-01435,10,1.6000000000000003,1291.3,10997.3,4.2,3,15.0,0.0,3,Low-Engagement
CUST-BD-01436,4,1.8799999999999997,1831.4,10019.19,3.94,5,6.0,0.0,1,High-Value
CUST-BD-01437,58,1.3,2842.1200000000003,10383.1,4.366666666666667,6,2.5,0.0,1,High-Value
CUST-BD-01438,122,0.95,310.05,3961.69,4.0,1,0.0,0.0,0,Moderate-Spender
CUST-BD-01439,21,2.1,1243.51,6479.7,3.94,5,3.0,0.2,1,High-Value
CUST-BD-01440,2,0.87,1045.72,19249.9,3.883333333333333,6,8.333333333333334,0.0,1,High-Value
CUST-BD-01443,172,1.39,1220.6399999999999,19390.41,4.166666666666667,3,10.0,0.3333333333333333,3,Low-Engagement
CUST-BD-01444,176,0.81,976.3,4055.18,3.8333333333333335,3,3.3333333333333335,0.3333333333333333,0,Moderate-Spender
CUST-BD-01445,17,0.77,1109.95,2940.33,4.066666666666666,3,5.0,0.3333333333333333,1,High-Value
CUST-BD-01446,252,0.47,402.42,3168.4,4.9,1,5.0,0.0,0,Moderate-Spender
CUST-BD-01447,31,3.34,2106.35,8651.86,4.144444444444444,9,6.111111111111111,0.1111111111111111,1,High-Value
CUST-BD-01448,2,6.02,10301.07,48371.21,4.187096774193549,31,4.193548387096774,0.03225806451612903,2,VIP-Platinum
CUST-BD-01449,0,7.16,1627.07,40657.29,4.2272727272727275,11,5.909090909090909,0.0,1,High-Value
CUST-BD-01450,0,12.0,7151.22,99014.5,3.9863636363636363,22,4.318181818181818,0.13636363636363635,2,VIP-Platinum
CUST-BD-01451,4,3.35,7274.98,165353.89,3.912,25,3.2,0.08,2,VIP-Platinum
CUST-BD-01452,131,0.53,1298.3999999999999,2296.81,3.733333333333333,3,5.0,0.0,0,Moderate-Spender
CUST-BD-01453,43,0.56,115.14,2750.16,4.0,1,15.0,0.0,3,Low-Engagement
CUST-BD-01455,268,1.04,1362.1799999999998,3524.46,3.55,2,7.5,0.0,3,Low-Engagement
CUST-BD-01456,13,3.47,3134.23,61837.24,3.9916666666666667,12,7.083333333333333,0.0,1,High-Value
CUST-BD-01457,4,2.36,4094.81,19749.08,3.9923076923076923,13,2.6923076923076925,0.0,1,High-Value
CUST-BD-01458,141,3.97,1558.32,16758.7,4.233333333333333,3,0.0,0.0,0,Moderate-Spender
CUST-BD-01459,16,2.51,5736.07,31406.24,4.023076923076923,13,3.4615384615384617,0.07692307692307693,1,High-Value
CUST-BD-01460,8,2.41,2506.12,16174.95,4.32,10,8.0,0.0,1,High-Value
CUST-BD-01461,36,1.57,1010.9,26708.42,3.8600000000000003,5,4.0,0.4,1,High-Value
CUST-BD-01462,51,0.68,372.52,705.58,3.8666666666666667,3,8.333333333333334,0.0,3,Low-Engagement
CUST-BD-01463,3,8.69,10197.6,196870.78,4.220588235294118,34,4.852941176470588,0.058823529411764705,2,VIP-Platinum
CUST-BD-01464,113,3.74,664.72,10245.78,4.2,3,5.0,0.0,1,High-Value
CUST-BD-01465,112,0.83,1055.8200000000002,1496.33,3.6999999999999997,3,0.0,0.0,0,Moderate-Spender
CUST-BD-01468,1,4.2,5137.92,47458.05,4.1,13,3.4615384615384617,0.07692307692307693,1,High-Value
CUST-BD-01469,12,1.7600000000000002,1530.6799999999998,5912.15,4.0,5,5.0,0.0,1,High-Value
CUST-BD-01470,0,10.56,3818.45,195678.35,3.923076923076923,13,6.923076923076923,0.0,2,VIP-Platinum
CUST-BD-01471,101,0.84,88.56,3786.49,4.4,1,0.0,0.0,0,Moderate-Spender
CUST-BD-01472,14,12.0,4122.44,108871.7,4.016666666666667,12,5.416666666666667,0.08333333333333333,2,VIP-Platinum
CUST-BD-01473,11,1.6000000000000003,1602.02,3242.05,4.283333333333333,6,7.5,0.0,1,High-Value
CUST-BD-01474,132,3.01,804.96,4974.69,4.425,4,5.0,0.0,0,Moderate-Spender
CUST-BD-01475,5,4.08,2152.03,33356.65,4.029999999999999,10,2.5,0.2,1,High-Value
CUST-BD-01476,7,4.07,1209.1000000000001,34464.94,3.8375,8,4.375,0.0,1,High-Value
CUST-BD-01477,252,0.57,239.86,4393.72,3.6,1,5.0,0.0,0,Moderate-Spender
CUST-BD-01478,1,2.63,4956.18,6097.15,4.0058823529411764,17,3.5294117647058822,0.11764705882352941,1,High-Value
CUST-BD-01479,50,2.1,1420.45,6975.42,3.925,4,7.5,0.0,1,High-Value
CUST-BD-01480,357,0.43,134.88,4131.09,2.4,1,5.0,0.0,0,Moderate-Spender
CUST-BD-01481,40,1.17,1406.65,8985.05,4.066666666666666,6,5.833333333333333,0.16666666666666666,1,High-Value
CUST-BD-01482,52,1.61,626.28,8310.37,4.316666666666666,6,6.666666666666667,0.16666666666666666,1,High-Value
CUST-BD-01483,15,3.17,2315.39,4181.01,4.355555555555556,9,1.6666666666666667,0.0,1,High-Value
CUST-BD-01484,6,1.67,3545.88,20759.62,4.09,10,4.0,0.0,1,High-Value
CUST-BD-01485,278,0.73,91.03,1868.83,3.6,1,15.0,0.0,3,Low-Engagement
CUST-BD-01486,209,0.39,683.94,4818.72,3.5,2,0.0,0.0,0,Moderate-Spender
CUST-BD-01487,10,8.13,2791.0699999999997,84335.4,3.9899999999999998,10,8.0,0.0,1,High-Value
CUST-BD-01488,35,1.29,743.76,5510.03,4.6000000000000005,3,5.0,0.0,1,High-Value
CUST-BD-01489,270,3.13,125.4,10788.11,5.0,1,0.0,0.0,0,Moderate-Spender
CUST-BD-01490,385,0.72,77.04,8226.73,4.4,1,0.0,0.0,0,Moderate-Spender
CUST-BD-01491,147,0.85,84.6,1794.84,4.3,2,5.0,0.0,0,Moderate-Spender
CUST-BD-01492,79,0.42,661.64,8144.12,3.95,4,5.0,0.5,0,Moderate-Spender
CUST-BD-01493,333,1.07,1037.38,2201.53,3.7,1,5.0,0.0,0,Moderate-Spender
CUST-BD-01494,61,3.82,1342.9399999999998,65841.16,3.9375,8,4.375,0.125,1,High-Value
CUST-BD-01495,2,7.98,6241.87,126889.55,3.9125,24,5.208333333333333,0.125,2,VIP-Platinum
CUST-BD-01496,236,0.47,311.98,1953.01,3.9,1,15.0,0.0,3,Low-Engagement
CUST-BD-01497,155,0.4,461.44,2147.84,3.75,2,7.5,0.0,3,Low-Engagement
CUST-BD-01498,71,1.12,1213.29,22374.78,4.2,6,1.6666666666666667,0.0,0,Moderate-Spender
CUST-BD-01499,118,1.9,778.4,11208.29,4.9,2,5.0,0.0,0,Moderate-Spender
CUST-BD-01500,20,1.4,3197.86,8377.98,4.355555555555556,9,5.0,0.0,1,High-Value
CUST-BD-01501,147,1.84,926.9000000000001,6778.61,4.166666666666667,3,0.0,0.0,0,Moderate-Spender
CUST-BD-01502,12,0.91,1526.7,13328.92,3.9,8,3.125,0.0,1,High-Value
CUST-BD-01503,179,0.7,486.42,1833.84,4.05,2,2.5,0.0,0,Moderate-Spender
CUST-BD-01504,2,6.89,6675.32,49982.9,3.9842105263157896,19,6.842105263157895,0.05263157894736842,2,VIP-Platinum
CUST-BD-01505,364,1.92,394.85,50621.95,4.0,1,10.0,0.0,3,Low-Engagement
CUST-BD-01506,100,0.87,80.38,3411.48,4.2,1,10.0,0.0,3,Low-Engagement
CUST-BD-01507,28,3.99,4812.51,103317.88,4.116666666666666,12,2.9166666666666665,0.0,1,High-Value
CUST-BD-01508,59,0.53,1925.96,1628.07,4.057142857142857,7,6.428571428571429,0.0,1,High-Value
CUST-BD-01510,30,0.85,394.01,5310.42,3.4,1,0.0,0.0,0,Moderate-Spender
CUST-BD-01511,2,1.76,1483.3,25173.43,3.975,4,0.0,0.0,1,High-Value
CUST-BD-01512,14,2.33,1326.21,23699.63,4.225,4,1.25,0.0,1,High-Value
CUST-BD-01513,93,2.68,3466.76,11109.99,4.1,8,1.875,0.0,1,High-Value
CUST-BD-01514,34,0.3499999999999999,435.41,4264.14,3.733333333333333,3,0.0,0.0,0,Moderate-Spender
CUST-BD-01515,298,0.72,725.69,1357.63,3.8499999999999996,2,0.0,0.0,0,Moderate-Spender
CUST-BD-01517,4,3.9799999999999995,512.79,6212.75,3.84,5,3.0,0.0,1,High-Value
CUST-BD-01518,37,0.66,686.96,5305.66,4.133333333333333,3,8.333333333333334,0.0,3,Low-Engagement
CUST-BD-01519,4,2.39,1538.8899999999999,20573.95,4.083333333333333,6,8.333333333333334,0.16666666666666666,1,High-Value
CUST-BD-01520,102,1.34,683.03,20495.67,4.466666666666667,3,0.0,0.0,0,Moderate-Spender
CUST-BD-01521,18,1.94,2487.39,37987.02,4.0375,8,6.25,0.0,1,High-Value
CUST-BD-01522,25,1.24,2368.8599999999997,20683.51,3.9,8,5.0,0.0,1,High-Value
CUST-BD-01523,36,1.23,2471.71,4962.67,4.057142857142858,7,2.142857142857143,0.0,1,High-Value
CUST-BD-01524,35,0.51,1178.3300000000002,3561.58,4.466666666666666,3,1.6666666666666667,0.0,0,Moderate-Spender
CUST-BD-01525,112,4.04,2499.48,3540.55,3.8600000000000003,5,3.0,0.2,1,High-Value
CUST-BD-01526,380,0.54,40.6,2366.98,4.2,1,0.0,0.0,0,Moderate-Spender
CUST-BD-01527,26,3.0,267.21,8537.34,4.2,5,5.0,0.0,1,High-Value
CUST-BD-01529,81,1.18,1902.9299999999998,6713.29,4.2,4,3.75,0.25,0,Moderate-Spender
CUST-BD-01530,13,3.96,1794.8,21748.7,4.2125,8,3.125,0.125,1,High-Value
CUST-BD-01531,85,0.34,131.07,3377.07,4.1,1,15.0,0.0,3,Low-Engagement
CUST-BD-01532,42,1.01,1110.4,5058.9,4.3,3,5.0,0.0,1,High-Value
CUST-BD-01533,288,2.97,548.53,35055.14,5.0,1,0.0,0.0,0,Moderate-Spender
CUST-BD-01534,169,0.52,82.29,10075.64,4.5,1,0.0,0.0,0,Moderate-Spender
CUST-BD-01535,4,1.05,599.44,8952.51,4.466666666666667,3,3.3333333333333335,0.0,1,High-Value
CUST-BD-01537,6,1.57,878.08,13499.42,4.133333333333333,3,5.0,0.0,1,High-Value
CUST-BD-01538,7,1.53,2082.86,8955.27,4.1125,8,4.375,0.0,1,High-Value
CUST-BD-01539,1,5.17,3286.26,76875.28,3.7,10,6.5,0.0,1,High-Value
CUST-BD-01540,68,1.01,2715.88,6447.56,3.96,5,2.0,0.0,0,Moderate-Spender
CUST-BD-01541,56,2.99,1932.72,3165.76,4.466666666666667,6,1.6666666666666667,0.0,1,High-Value
CUST-BD-01542,1,3.14,3607.86,32449.09,4.127272727272727,11,3.1818181818181817,0.0,1,High-Value
CUST-BD-01543,24,1.49,4470.0599999999995,30000.84,4.26,15,6.666666666666667,0.0,1,High-Value
CUST-BD-01544,52,0.52,341.09000000000003,4730.32,4.1,2,5.0,0.0,0,Moderate-Spender
CUST-BD-01545,124,0.88,672.9,5196.8,4.25,4,3.75,0.25,0,Moderate-Spender
CUST-BD-01546,54,0.73,289.21000000000004,3422.99,3.8499999999999996,2,0.0,0.5,0,Moderate-Spender
CUST-BD-01547,283,0.45,58.9,3183.18,4.3,1,15.0,0.0,3,Low-Engagement
CUST-BD-01548,3,1.95,3438.21,42479.75,3.957142857142857,14,4.642857142857143,0.0,1,High-Value
CUST-BD-01549,11,3.76,4509.22,65483.29,4.092307692307693,13,4.230769230769231,0.07692307692307693,1,High-Value
CUST-BD-01550,67,3.28,500.77000000000004,34510.96,3.766666666666667,3,0.0,0.0,0,Moderate-Spender
CUST-BD-01552,5,1.33,573.6,3275.46,3.6,3,10.0,0.0,3,Low-Engagement
CUST-BD-01553,40,0.72,56.55,2351.64,4.4,1,0.0,0.0,0,Moderate-Spender
CUST-BD-01554,207,0.92,270.78000000000003,1109.96,3.733333333333333,3,8.333333333333334,0.0,3,Low-Engagement
CUST-BD-01555,123,0.32,1716.91,1954.24,4.233333333333333,3,0.0,0.0,0,Moderate-Spender
CUST-BD-01556,69,2.35,1998.1000000000001,9417.03,3.8333333333333335,6,5.0,0.16666666666666666,1,High-Value
CUST-BD-01557,21,2.01,1563.58,7849.52,4.2,7,0.7142857142857143,0.14285714285714285,1,High-Value
CUST-BD-01558,110,1.18,605.6,2067.61,4.575,4,10.0,0.0,3,Low-Engagement
CUST-BD-01559,263,0.59,1256.1599999999999,2784.46,3.933333333333333,3,6.666666666666667,0.0,3,Low-Engagement
CUST-BD-01560,148,0.59,1487.85,2121.09,4.166666666666667,3,1.6666666666666667,0.0,0,Moderate-Spender
CUST-BD-01561,9,2.73,3569.59,58424.37,4.153846153846154,13,3.8461538461538463,0.0,1,High-Value
CUST-BD-01562,348,1.54,286.02,4212.41,5.0,1,15.0,0.0,3,Low-Engagement
CUST-BD-01563,29,0.82,837.64,599.91,3.925,4,3.75,0.0,0,Moderate-Spender
CUST-BD-01564,52,0.7,2434.02,4655.29,4.125,8,5.0,0.0,1,High-Value
CUST-BD-01565,237,1.0,579.64,590.63,4.466666666666667,3,0.0,0.0,0,Moderate-Spender
CUST-BD-01566,138,0.54,1312.56,2121.24,4.1,2,0.0,0.0,0,Moderate-Spender
CUST-BD-01567,3,5.81,2312.42,28609.7,3.983333333333333,12,4.166666666666667,0.0,1,High-Value
CUST-BD-01568,37,0.94,1048.3400000000001,2737.04,4.133333333333334,3,3.3333333333333335,0.0,0,Moderate-Spender
CUST-BD-01569,380,1.38,23.21,4144.58,4.4,1,0.0,0.0,0,Moderate-Spender
CUST-BD-01571,44,1.17,798.91,1741.17,4.233333333333333,3,3.3333333333333335,0.0,0,Moderate-Spender
CUST-BD-01572,0,5.97,3181.3900000000003,34909.5,4.1,14,6.428571428571429,0.0,1,High-Value
CUST-BD-01573,108,2.5,795.0,8178.91,3.6999999999999997,2,10.0,0.0,3,Low-Engagement
CUST-BD-01574,39,1.09,271.06,4533.47,4.800000000000001,2,0.0,0.0,0,Moderate-Spender
CUST-BD-01575,6,0.85,5052.54,19542.26,4.45,10,1.0,0.0,1,High-Value
CUST-BD-01576,228,0.44,704.5,3225.32,4.1,2,0.0,0.0,0,Moderate-Spender
CUST-BD-01577,53,2.39,2907.04,26239.1,4.242857142857143,7,9.285714285714286,0.2857142857142857,1,High-Value
CUST-BD-01578,76,0.21,265.24,1190.14,3.9,1,0.0,0.0,0,Moderate-Spender
CUST-BD-01579,5,3.17,3302.72,13283.04,4.253333333333333,15,7.0,0.0,1,High-Value
CUST-BD-01580,41,1.3800000000000001,3712.5,6273.41,4.014285714285714,7,3.5714285714285716,0.0,1,High-Value
CUST-BD-01582,16,3.0,1553.02,58599.11,4.1375,8,6.25,0.25,1,High-Value
CUST-BD-01583,26,0.57,353.41999999999996,2968.5,4.233333333333333,3,3.3333333333333335,0.0,0,Moderate-Spender
CUST-BD-01584,190,1.44,452.01,2724.98,3.4,1,0.0,0.0,0,Moderate-Spender
CUST-BD-01585,2,0.67,1904.54,4174.57,4.033333333333333,6,4.166666666666667,0.0,1,High-Value
CUST-BD-01586,91,0.61,62.18,1897.68,4.0,1,5.0,0.0,0,Moderate-Spender
CUST-BD-01587,43,0.53,90.84,4712.22,3.6,1,0.0,0.0,0,Moderate-Spender
CUST-BD-01588,11,3.74,3102.15,115164.08,3.9111111111111114,9,8.88888888888889,0.1111111111111111,1,High-Value
CUST-BD-01589,273,0.58,246.26,1321.33,4.1,2,2.5,0.0,0,Moderate-Spender
CUST-BD-01590,85,0.58,2006.23,2146.54,3.9,4,3.75,0.25,0,Moderate-Spender
CUST-BD-01591,28,1.55,408.65000000000003,1085.88,3.9,3,3.3333333333333335,0.0,0,Moderate-Spender
CUST-BD-01592,297,0.72,1101.8799999999999,1400.99,4.5,2,2.5,0.0,0,Moderate-Spender
CUST-BD-01594,204,0.4000000000000001,808.6700000000001,909.3,4.233333333333333,3,3.3333333333333335,0.0,0,Moderate-Spender
CUST-BD-01595,31,0.7799999999999999,650.64,1566.02,4.433333333333334,3,3.3333333333333335,0.0,0,Moderate-Spender
CUST-BD-01598,12,1.0,1881.2,17438.75,3.6333333333333333,3,6.666666666666667,0.0,1,High-Value
CUST-BD-01599,3,6.69,2877.9,43717.41,4.1,10,4.5,0.0,1,High-Value
CUST-BD-01601,47,2.01,108.07,34121.5,5.0,1,10.0,0.0,3,Low-Engagement
CUST-BD-01602,96,1.18,63.18,7394.65,3.5,1,0.0,0.0,0,Moderate-Spender
CUST-BD-01603,12,2.37,1107.04,8207.79,3.966666666666667,6,6.666666666666667,0.0,1,High-Value
CUST-BD-01605,17,1.69,2257.42,6410.88,4.085714285714285,7,6.428571428571429,0.0,1,High-Value
CUST-BD-01606,20,5.1,2345.02,53823.05,3.9583333333333335,12,4.583333333333333,0.0,1,High-Value
CUST-BD-01607,189,1.65,61.83,850.7,4.3,1,10.0,0.0,3,Low-Engagement
CUST-BD-01608,33,3.2099999999999995,431.42,2566.41,4.166666666666667,3,3.3333333333333335,0.0,1,High-Value
CUST-BD-01609,299,0.78,986.91,13283.97,3.65,2,0.0,0.0,0,Moderate-Spender
CUST-BD-01610,13,2.29,1022.89,19442.34,4.0,4,7.5,0.0,1,High-Value
CUST-BD-01611,38,1.23,1623.18,7833.79,4.283333333333333,6,4.166666666666667,0.16666666666666666,1,High-Value
CUST-BD-01612,6,8.52,9383.06,160750.6,3.975862068965517,29,4.137931034482759,0.034482758620689655,2,VIP-Platinum
CUST-BD-01613,64,1.2,965.52,15997.44,4.220000000000001,5,3.0,0.0,0,Moderate-Spender
CUST-BD-01614,31,1.17,1459.0,5267.25,4.1,4,2.5,0.0,1,High-Value
CUST-BD-01615,25,2.14,1760.18,47807.59,4.15,8,3.75,0.125,1,High-Value
CUST-BD-01616,307,1.89,85.0,9186.8,4.2,1,0.0,0.0,0,Moderate-Spender
CUST-BD-01617,3,2.27,1453.47,14127.88,3.8499999999999996,4,5.0,0.0,1,High-Value
CUST-BD-01618,18,1.64,5504.29,34579.16,4.158823529411765,17,5.294117647058823,0.11764705882352941,1,High-Value
CUST-BD-01620,1,2.12,6002.39,61929.68,3.9538461538461536,26,4.8076923076923075,0.038461538461538464,2,VIP-Platinum
CUST-BD-01621,1,0.86,2725.25,8232.45,3.966666666666667,12,5.833333333333333,0.0,1,High-Value
CUST-BD-01622,104,2.09,1617.02,12292.63,4.04,5,6.0,0.0,1,High-Value
CUST-BD-01624,154,0.77,235.0,1638.26,4.55,2,12.5,0.5,3,Low-Engagement
CUST-BD-01625,97,1.68,139.69,2332.32,5.0,1,5.0,0.0,0,Moderate-Spender
CUST-BD-01627,5,0.51,1201.27,23376.59,4.271428571428571,7,6.428571428571429,0.0,1,High-Value
CUST-BD-01628,70,1.73,2231.04,16179.99,4.3875,8,5.0,0.0,1,High-Value
CUST-BD-01629,309,0.5,203.84,9127.35,4.3,3,3.3333333333333335,0.0,0,Moderate-Spender
CUST-BD-01631,0,8.27,8248.74,109373.78,4.132258064516129,31,6.290322580645161,0.0,2,VIP-Platinum
CUST-BD-01632,7,3.7700000000000005,2569.38,65252.76,4.1,10,5.5,0.1,1,High-Value
CUST-BD-01633,138,2.82,2878.78,3165.48,4.1000000000000005,6,5.833333333333333,0.0,1,High-Value
CUST-BD-01634,297,0.86,352.1,3701.37,4.0,1,0.0,0.0,0,Moderate-Spender
CUST-BD-01635,288,1.28,371.07,29277.66,4.15,2,5.0,0.0,0,Moderate-Spender
CUST-BD-01636,356,1.2,205.4,11884.96,4.3,2,0.0,0.0,0,Moderate-Spender
CUST-BD-01637,223,0.89,476.4,1667.69,4.5,1,0.0,0.0,0,Moderate-Spender
CUST-BD-01638,3,0.69,3512.5299999999997,10751.55,3.9,8,3.125,0.0,1,High-Value
CUST-BD-01639,26,0.28,1483.9099999999999,7928.98,4.283333333333333,6,8.333333333333334,0.0,3,Low-Engagement
CUST-BD-01641,4,3.64,2551.29,57762.89,3.972727272727273,11,2.727272727272727,0.09090909090909091,1,High-Value
CUST-BD-01642,18,7.59,4392.070000000001,60076.86,3.7625,8,2.5,0.0,1,High-Value
CUST-BD-01643,303,2.35,242.59,40081.69,3.4,1,15.0,0.0,3,Low-Engagement
CUST-BD-01644,62,0.83,278.32,5601.4,4.0,2,2.5,0.0,0,Moderate-Spender
CUST-BD-01645,257,0.59,1332.02,2324.39,4.175,4,5.0,0.0,0,Moderate-Spender
CUST-BD-01646,18,1.02,2335.76,11168.65,4.014285714285714,7,6.428571428571429,0.0,1,High-Value
CUST-BD-01647,13,2.74,3248.68,144202.35,4.11,10,2.5,0.0,1,High-Value
CUST-BD-01648,107,2.7099999999999995,275.31,7059.14,3.8333333333333335,3,5.0,0.0,0,Moderate-Spender
CUST-BD-01650,128,1.17,1668.87,1361.44,4.075,4,7.5,0.0,3,Low-Engagement
CUST-BD-01652,51,0.98,3251.7200000000003,6488.57,3.825,8,5.0,0.125,1,High-Value
CUST-BD-01653,7,3.03,3887.94,6565.42,4.314285714285715,7,3.5714285714285716,0.0,1,High-Value
CUST-BD-01655,280,1.77,1307.44,15883.09,4.5,2,5.0,0.0,0,Moderate-Spender
CUST-BD-01656,40,4.34,1724.4,34751.12,4.15,10,6.5,0.0,1,High-Value
CUST-BD-01657,7,2.11,1121.9,20176.08,4.125,8,5.0,0.0,1,High-Value
CUST-BD-01658,323,0.54,851.26,2737.02,3.4,1,10.0,0.0,3,Low-Engagement
CUST-BD-01659,39,1.39,812.27,12247.6,4.1,5,1.0,0.0,0,Moderate-Spender
CUST-BD-01660,167,1.94,314.47,29386.54,4.1,1,0.0,0.0,0,Moderate-Spender
CUST-BD-01661,64,0.61,646.39,8040.32,3.9000000000000004,4,2.5,0.25,0,Moderate-Spender
CUST-BD-01662,44,1.23,140.94,1939.17,4.1,1,0.0,1.0,0,Moderate-Spender
CUST-BD-01663,175,2.54,953.53,19065.99,4.0,4,12.5,0.0,3,Low-Engagement
CUST-BD-01665,12,5.42,4697.9,30243.24,4.31764705882353,17,8.823529411764707,0.11764705882352941,1,High-Value
CUST-BD-01666,53,1.31,1411.09,36687.54,3.8333333333333335,3,5.0,0.0,1,High-Value
CUST-BD-01667,75,0.37,103.59,3770.9,3.9,2,10.0,0.0,3,Low-Engagement
CUST-BD-01668,7,2.94,2102.87,15112.41,3.9499999999999997,14,4.642857142857143,0.0,1,High-Value
CUST-BD-01669,10,1.53,2881.4300000000003,5922.63,4.314285714285714,7,7.857142857142857,0.0,1,High-Value
CUST-BD-01670,26,2.32,1453.36,28765.49,4.414285714285714,7,2.142857142857143,0.14285714285714285,1,High-Value
CUST-BD-01671,390,0.93,1044.71,2636.1,4.0,2,12.5,0.0,3,Low-Engagement
CUST-BD-01672,23,2.7900000000000005,2227.52,9325.47,4.566666666666666,6,3.3333333333333335,0.16666666666666666,1,High-Value
CUST-BD-01673,2,1.06,3666.9700000000003,21931.63,3.7545454545454544,11,6.363636363636363,0.0,1,High-Value
CUST-BD-01674,336,0.45,797.4300000000001,2066.48,4.45,2,5.0,0.0,0,Moderate-Spender
CUST-BD-01675,326,0.67,218.01999999999998,5839.37,3.7,2,2.5,0.0,0,Moderate-Spender
CUST-BD-01676,6,7.81,9255.43,62418.6,4.108333333333333,24,6.041666666666667,0.0,2,VIP-Platinum
CUST-BD-01677,335,2.21,104.6,1742.1,4.3,1,0.0,0.0,0,Moderate-Spender
CUST-BD-01680,1,1.27,1912.06,6277.13,3.9666666666666663,6,6.666666666666667,0.3333333333333333,1,High-Value
CUST-BD-01681,91,1.06,2111.19,11041.62,4.175,4,5.0,0.0,1,High-Value
CUST-BD-01682,31,0.43,367.08,2547.49,4.7,1,0.0,0.0,0,Moderate-Spender
CUST-BD-01683,101,0.7200000000000001,1565.54,1538.42,4.1000000000000005,3,5.0,0.0,0,Moderate-Spender
CUST-BD-01684,109,2.75,1240.63,14611.4,3.9,4,2.5,0.0,0,Moderate-Spender
CUST-BD-01685,386,1.71,1338.17,12543.26,4.4,2,2.5,0.0,0,Moderate-Spender
CUST-BD-01687,18,1.4400000000000002,1195.65,17570.03,4.25,6,2.5,0.0,1,High-Value
CUST-BD-01688,52,0.9,2454.37,7815.83,3.96,5,9.0,0.2,3,Low-Engagement
CUST-BD-01690,186,1.57,1282.93,8706.8,4.033333333333334,3,3.3333333333333335,0.0,0,Moderate-Spender
CUST-BD-01691,15,1.33,2365.64,33619.17,4.25,8,3.75,0.0,1,High-Value
CUST-BD-01692,4,3.63,5643.58,23770.18,4.010526315789474,19,5.0,0.10526315789473684,1,High-Value
CUST-BD-01693,237,0.46,222.75,5717.7,4.7,1,0.0,0.0,0,Moderate-Spender
CUST-BD-01694,2,3.31,2991.62,21155.0,3.6999999999999997,12,4.166666666666667,0.0,1,High-Value
CUST-BD-01695,24,1.53,2531.83,34238.82,4.0,6,5.0,0.0,1,High-Value
CUST-BD-01696,2,2.87,9993.2,71933.5,4.003030303030303,33,5.0,0.06060606060606061,2,VIP-Platinum
CUST-BD-01697,7,11.67,8058.16,65217.08,4.233333333333333,24,5.416666666666667,0.08333333333333333,2,VIP-Platinum
CUST-BD-01698,39,1.47,1548.88,45487.12,4.066666666666666,3,0.0,0.3333333333333333,0,Moderate-Spender
CUST-BD-01699,48,1.24,1108.82,13676.88,4.24,5,5.0,0.0,1,High-Value
CUST-BD-01700,215,0.75,522.9,6615.86,3.6,1,0.0,0.0,0,Moderate-Spender
CUST-BD-01702,351,0.63,1666.47,2358.13,3.4749999999999996,4,2.5,0.0,0,Moderate-Spender
CUST-BD-01703,5,0.58,2454.59,1901.75,4.016666666666667,6,2.5,0.0,1,High-Value
CUST-BD-01704,147,0.20000000000000004,660.24,4587.41,3.966666666666667,3,10.0,0.0,3,Low-Engagement
CUST-BD-01705,1,1.8799999999999997,3913.17,44101.87,4.17,10,4.0,0.1,1,High-Value
CUST-BD-01706,3,4.48,9290.460000000001,88836.31,3.9896551724137934,29,3.793103448275862,0.034482758620689655,2,VIP-Platinum
CUST-BD-01707,388,0.27,37.79,3565.96,3.8,1,10.0,0.0,3,Low-Engagement
CUST-BD-01708,187,1.22,280.16,11255.64,4.8,2,12.5,0.0,3,Low-Engagement
CUST-BD-01709,11,2.39,3329.9,19872.01,4.023076923076923,13,6.153846153846154,0.07692307692307693,1,High-Value
CUST-BD-01710,24,1.55,1012.21,13673.76,3.65,4,3.75,0.25,1,High-Value
CUST-BD-01711,1,8.41,7545.0199999999995,84729.14,4.00625,32,5.0,0.0625,2,VIP-Platinum
CUST-BD-01712,80,4.1,1099.21,17159.1,4.1000000000000005,6,10.0,0.16666666666666666,3,Low-Engagement
CUST-BD-01713,190,0.89,681.4300000000001,2113.03,4.3999999999999995,3,5.0,0.0,0,Moderate-Spender
CUST-BD-01714,30,0.93,842.76,8303.67,4.05,4,3.75,0.0,1,High-Value
CUST-BD-01715,133,2.31,1277.1100000000001,7935.74,4.2,4,3.75,0.0,0,Moderate-Spender
CUST-BD-01716,111,1.51,183.8,1470.94,3.8,1,0.0,0.0,0,Moderate-Spender
CUST-BD-01717,7,1.73,4843.25,25580.07,4.1466666666666665,15,5.333333333333333,0.06666666666666667,1,High-Value
CUST-BD-01718,25,0.89,1770.46,14253.98,4.025,4,3.75,0.0,1,High-Value
CUST-BD-01719,289,0.32,1052.54,1594.37,4.3,3,0.0,0.0,0,Moderate-Spender
CUST-BD-01720,79,1.17,1314.28,5433.81,4.171428571428572,7,0.7142857142857143,0.0,0,Moderate-Spender
CUST-BD-01721,282,0.86,115.28,4014.56,4.5,1,5.0,0.0,0,Moderate-Spender
CUST-BD-01722,131,3.62,1770.9900000000002,10124.9,4.075,4,2.5,0.0,0,Moderate-Spender
CUST-BD-01723,50,2.61,1009.0799999999999,17438.87,4.3,4,0.0,0.0,0,Moderate-Spender
CUST-BD-01724,214,0.87,413.4,2190.48,4.2,1,5.0,0.0,0,Moderate-Spender
CUST-BD-01725,8,3.28,4708.34,24836.0,4.2272727272727275,11,4.090909090909091,0.0,1,High-Value
CUST-BD-01726,0,3.97,5698.21,12297.7,4.0600000000000005,20,5.75,0.0,1,High-Value
CUST-BD-01727,4,2.05,1563.64,5584.18,4.457142857142857,7,2.142857142857143,0.0,1,High-Value
CUST-BD-01729,13,5.93,3217.11,112442.7,4.1,16,7.1875,0.0,2,VIP-Platinum
CUST-BD-01730,315,0.81,956.6600000000001,2341.75,3.1500000000000004,2,0.0,0.0,0,Moderate-Spender
CUST-BD-01732,47,0.75,513.4000000000001,471.35,3.875,4,2.5,0.0,0,Moderate-Spender
CUST-BD-01733,353,1.39,287.54,14519.03,4.5,1,5.0,0.0,0,Moderate-Spender
CUST-BD-01735,6,2.59,2176.38,19623.07,4.066666666666666,6,5.0,0.0,1,High-Value
CUST-BD-01736,94,3.63,303.56,6165.79,4.05,4,10.0,0.0,3,Low-Engagement
CUST-BD-01737,96,0.69,624.21,4629.2,4.133333333333334,3,3.3333333333333335,0.0,0,Moderate-Spender
CUST-BD-01738,161,0.84,50.22,3510.99,2.9,1,10.0,0.0,3,Low-Engagement
CUST-BD-01740,5,1.48,2913.58,7631.34,3.742857142857143,7,4.285714285714286,0.14285714285714285,1,High-Value
CUST-BD-01741,282,0.78,165.95,2308.61,4.1,2,5.0,0.0,0,Moderate-Spender
CUST-BD-01743,38,0.52,526.03,6839.4,3.9333333333333336,3,5.0,0.3333333333333333,0,Moderate-Spender
CUST-BD-01744,4,2.13,1279.58,10685.91,3.9499999999999997,4,5.0,0.25,1,High-Value
CUST-BD-01745,259,0.93,525.92,2804.73,3.1,1,0.0,0.0,0,Moderate-Spender
CUST-BD-01746,96,2.66,426.6,2947.33,4.2,1,0.0,0.0,0,Moderate-Spender
CUST-BD-01747,13,3.1899999999999995,3212.04,72076.17,4.3,11,8.181818181818182,0.0,1,High-Value
CUST-BD-01748,23,0.83,1530.9,17206.26,3.8833333333333333,6,3.3333333333333335,0.16666666666666666,1,High-Value
CUST-BD-01749,135,1.29,804.0799999999999,3075.09,3.8666666666666667,3,5.0,0.0,0,Moderate-Spender
CUST-BD-01750,192,1.07,1014.4399999999999,7663.44,3.8,4,5.0,0.0,0,Moderate-Spender
CUST-BD-01751,384,0.46,260.82,2601.64,3.3,1,0.0,0.0,0,Moderate-Spender
CUST-BD-01752,7,2.39,5886.45,84335.27,4.035294117647059,17,5.294117647058823,0.17647058823529413,2,VIP-Platinum
CUST-BD-01753,21,1.23,1898.6599999999999,43489.5,4.516666666666667,6,5.0,0.16666666666666666,1,High-Value
CUST-BD-01754,318,1.42,1011.71,53351.17,4.0,2,0.0,0.0,0,Moderate-Spender
CUST-BD-01755,32,0.98,1134.04,4068.1,3.85,2,7.5,0.0,3,Low-Engagement
CUST-BD-01756,116,1.26,1787.67,6338.43,3.733333333333333,3,11.666666666666666,0.3333333333333333,3,Low-Engagement
CUST-BD-01757,117,3.34,1385.1000000000001,8597.01,4.26,5,8.0,0.2,3,Low-Engagement
CUST-BD-01758,37,1.41,1115.21,1632.98,4.5,3,10.0,0.0,3,Low-Engagement
CUST-BD-01759,0,5.22,3950.76,58555.25,4.0,14,5.0,0.0,1,High-Value
CUST-BD-01760,30,0.24,976.01,4994.92,4.199999999999999,2,2.5,0.0,0,Moderate-Spender
CUST-BD-01761,5,7.040000000000001,1971.8300000000002,98015.0,4.07,10,4.0,0.1,1,High-Value
CUST-BD-01762,16,2.81,1744.6599999999999,28672.14,3.922222222222222,9,5.555555555555555,0.0,1,High-Value
CUST-BD-01763,84,1.7600000000000002,961.72,3310.49,3.7600000000000002,5,7.0,0.0,3,Low-Engagement
CUST-BD-01764,280,0.5,128.16,5389.98,4.0,1,10.0,1.0,3,Low-Engagement
CUST-BD-01765,64,0.65,45.63,6335.64,4.1,1,15.0,0.0,3,Low-Engagement
CUST-BD-01766,1,3.36,3098.65,16727.13,4.135714285714285,14,4.285714285714286,0.07142857142857142,1,High-Value
CUST-BD-01767,241,0.42,142.77,3626.84,4.4,1,5.0,0.0,0,Moderate-Spender
CUST-BD-01768,123,0.29,156.15,1221.98,4.5,1,0.0,0.0,0,Moderate-Spender
CUST-BD-01769,80,0.43,888.51,7666.31,3.9333333333333336,3,5.0,0.0,0,Moderate-Spender
CUST-BD-01770,307,3.55,62.41,1141.36,4.5,1,10.0,0.0,3,Low-Engagement
CUST-BD-01772,69,1.29,2041.81,14665.92,3.975,4,5.0,0.0,1,High-Value
CUST-BD-01773,156,2.19,39.6,5412.58,4.4,1,10.0,0.0,3,Low-Engagement
CUST-BD-01775,82,0.29,455.9,2998.61,3.55,2,10.0,0.5,3,Low-Engagement
CUST-BD-01776,130,0.33,290.32000000000005,11225.98,4.25,2,2.5,0.0,0,Moderate-Spender
CUST-BD-01777,67,1.88,1746.84,4102.05,4.066666666666666,6,5.0,0.3333333333333333,1,High-Value
CUST-BD-01778,10,0.89,1333.1599999999999,56981.76,3.7600000000000002,5,4.0,0.0,1,High-Value
CUST-BD-01779,1,8.55,9377.78,70863.96,3.829032258064516,31,6.290322580645161,0.03225806451612903,2,VIP-Platinum
CUST-BD-01780,96,0.67,1193.79,1126.07,3.975,4,8.75,0.0,3,Low-Engagement
CUST-BD-01782,18,2.49,2741.37,34904.05,3.8299999999999996,10,3.5,0.1,1,High-Value
CUST-BD-01783,179,0.6,116.45,1535.27,4.7,1,0.0,0.0,0,Moderate-Spender
CUST-BD-01784,1,3.67,8395.84,120090.53,4.126086956521739,23,4.130434782608695,0.043478260869565216,2,VIP-Platinum
CUST-BD-01785,202,1.03,808.29,7348.14,4.8,1,10.0,0.0,3,Low-Engagement
CUST-BD-01786,97,0.38,276.6,2093.58,3.45,2,7.5,0.0,3,Low-Engagement
CUST-BD-01787,297,1.61,197.54,6023.48,2.5,1,0.0,0.0,0,Moderate-Spender
CUST-BD-01788,323,0.56,1221.96,2692.36,4.1,2,0.0,0.0,0,Moderate-Spender
CUST-BD-01789,5,0.9200000000000002,2364.21,50593.35,3.7222222222222223,9,5.555555555555555,0.1111111111111111,1,High-Value
CUST-BD-01790,0,6.919999999999999,9062.210000000001,69449.54,4.158333333333333,24,4.791666666666667,0.041666666666666664,2,VIP-Platinum
CUST-BD-01791,69,1.03,690.09,12059.06,3.78,5,5.0,0.0,1,High-Value
CUST-BD-01792,239,0.68,700.92,1574.29,4.4,1,5.0,0.0,0,Moderate-Spender
CUST-BD-01793,1,1.38,1865.42,6745.3,4.5,6,5.0,0.0,1,High-Value
CUST-BD-01794,9,3.63,1263.58,8588.9,3.9200000000000004,5,2.0,0.0,1,High-Value
CUST-BD-01795,222,0.57,920.76,1648.04,3.8,2,7.5,0.0,3,Low-Engagement
CUST-BD-01796,59,1.1,1288.44,4660.46,4.2,5,8.0,0.0,3,Low-Engagement
CUST-BD-01798,247,0.33,192.64,631.86,3.75,2,15.0,0.0,3,Low-Engagement
CUST-BD-01799,72,1.77,2055.28,30950.99,3.9,5,8.0,0.0,1,High-Value
CUST-BD-01800,4,0.46,561.9100000000001,3672.86,4.7,3,1.6666666666666667,0.0,0,Moderate-Spender
CUST-BD-01801,208,0.36,1148.95,4968.18,4.4,2,2.5,0.0,0,Moderate-Spender
CUST-BD-01803,109,2.5100000000000002,2895.83,4488.26,4.271428571428571,7,3.5714285714285716,0.0,1,High-Value
CUST-BD-01804,320,6.85,480.24,4970.23,4.8,1,0.0,0.0,0,Moderate-Spender
CUST-BD-01805,208,0.45,31.52,6963.2,3.3,1,15.0,0.0,3,Low-Engagement
CUST-BD-01806,85,3.5999999999999996,3785.49,13183.69,3.988888888888889,9,5.0,0.1111111111111111,1,High-Value
CUST-BD-01807,22,1.9,2071.1,4620.58,3.957142857142857,7,4.285714285714286,0.0,1,High-Value
CUST-BD-01808,229,0.52,212.27,1928.21,4.9,1,5.0,1.0,0,Moderate-Spender
CUST-BD-01809,14,1.5200000000000002,1117.78,1089.18,4.266666666666667,3,10.0,0.0,3,Low-Engagement
CUST-BD-01810,4,12.0,6035.97,130811.97,3.9842105263157896,19,6.842105263157895,0.10526315789473684,2,VIP-Platinum
CUST-BD-01811,32,1.15,1145.68,15869.09,4.4,4,3.75,0.0,1,High-Value
CUST-BD-01812,348,1.82,59.5,3204.33,4.4,1,15.0,0.0,3,Low-Engagement
CUST-BD-01813,130,1.18,750.0699999999999,7609.54,4.35,4,5.0,0.0,0,Moderate-Spender
CUST-BD-01815,5,2.9599999999999995,3524.18,102052.91,4.1000000000000005,12,2.9166666666666665,0.08333333333333333,1,High-Value
CUST-BD-01816,0,5.16,1149.71,14804.81,4.133333333333334,6,8.333333333333334,0.3333333333333333,1,High-Value
CUST-BD-01817,27,3.02,1942.54,68399.11,4.26,5,11.0,0.2,1,High-Value
CUST-BD-01818,126,2.4,397.1,17862.21,4.5,1,0.0,0.0,0,Moderate-Spender
CUST-BD-01819,28,1.81,957.11,10326.74,4.2,2,7.5,0.0,1,High-Value
CUST-BD-01820,43,1.47,2126.27,2762.44,3.966666666666667,3,13.333333333333334,0.0,3,Low-Engagement
CUST-BD-01821,38,4.28,3139.25,43353.22,3.957142857142857,7,3.5714285714285716,0.0,1,High-Value
CUST-BD-01822,132,1.62,80.18,1391.49,3.8,1,5.0,0.0,0,Moderate-Spender
CUST-BD-01823,174,0.44,1330.15,938.87,3.875,4,2.5,0.0,0,Moderate-Spender
CUST-BD-01824,1,5.36,8458.38,163659.63,4.293103448275862,29,4.655172413793103,0.0,2,VIP-Platinum
CUST-BD-01825,1,5.99,5204.66,45012.06,4.364285714285715,14,6.428571428571429,0.07142857142857142,1,High-Value
CUST-BD-01826,31,1.0,1473.67,5708.78,4.4399999999999995,5,5.0,0.2,1,High-Value
CUST-BD-01827,92,0.92,634.09,8073.22,3.6,3,6.666666666666667,0.6666666666666666,3,Low-Engagement
CUST-BD-01828,58,0.86,354.11,2965.32,3.9,2,2.5,0.0,0,Moderate-Spender
CUST-BD-01829,100,2.31,1326.85,8152.15,4.5,3,8.333333333333334,0.0,3,Low-Engagement
CUST-BD-01830,240,0.74,456.01,1619.15,4.225,4,0.0,0.25,0,Moderate-Spender
CUST-BD-01832,176,0.87,811.3199999999999,9006.7,4.333333333333333,3,1.6666666666666667,0.0,0,Moderate-Spender
CUST-BD-01833,65,2.58,1380.29,21676.88,4.125,4,11.25,0.25,3,Low-Engagement
CUST-BD-01834,5,3.14,6556.34,120379.81,4.081818181818182,22,2.9545454545454546,0.09090909090909091,2,VIP-Platinum
CUST-BD-01835,10,6.4799999999999995,5899.07,98398.78,3.664285714285714,14,5.0,0.14285714285714285,2,VIP-Platinum
CUST-BD-01836,31,4.18,2545.88,35608.33,4.0,12,1.6666666666666667,0.0,1,High-Value
CUST-BD-01837,177,1.46,172.02,3262.04,4.35,2,10.0,0.0,3,Low-Engagement
CUST-BD-01838,96,0.37,416.68,2302.1,4.1,1,0.0,0.0,0,Moderate-Spender
CUST-BD-01839,41,1.9600000000000002,708.6800000000001,18260.19,4.159999999999999,5,5.0,0.0,1,High-Value
CUST-BD-01841,335,0.92,1793.89,23165.54,3.85,2,10.0,0.5,3,Low-Engagement
CUST-BD-01842,168,0.35,25.3,1445.38,4.4,1,0.0,0.0,0,Moderate-Spender
CUST-BD-01843,3,1.42,2819.33,13109.82,4.2,10,7.0,0.0,1,High-Value
CUST-BD-01844,381,0.99,671.58,1557.84,4.2,1,10.0,0.0,3,Low-Engagement
CUST-BD-01845,336,0.47,276.34,2027.04,3.7,1,10.0,0.0,3,Low-Engagement
CUST-BD-01846,18,4.16,5765.6,22518.95,4.205555555555556,18,5.0,0.05555555555555555,1,High-Value
CUST-BD-01847,28,1.42,1536.79,6164.44,4.4,5,11.0,0.0,3,Low-Engagement
CUST-BD-01848,44,1.88,1054.1799999999998,4584.29,3.25,2,0.0,0.0,0,Moderate-Spender
CUST-BD-01849,205,2.47,1354.79,6524.18,4.2,3,13.333333333333334,0.0,3,Low-Engagement
CUST-BD-01850,33,1.03,1272.54,2838.35,3.6666666666666665,3,11.666666666666666,0.3333333333333333,3,Low-Engagement
CUST-BD-01851,129,0.59,473.17999999999995,2025.92,3.6,3,6.666666666666667,0.0,3,Low-Engagement
CUST-BD-01852,25,2.47,1763.71,37529.58,4.333333333333333,6,0.8333333333333334,0.0,1,High-Value
CUST-BD-01853,1,1.78,4488.02,18484.37,3.96875,16,6.5625,0.0625,1,High-Value
CUST-BD-01854,207,1.34,970.8199999999999,1457.18,3.6,2,2.5,0.0,0,Moderate-Spender
CUST-BD-01855,7,1.39,1541.9099999999999,8633.84,4.125,4,6.25,0.0,1,High-Value
CUST-BD-01857,49,1.44,2182.25,8865.62,4.3875,8,3.125,0.125,1,High-Value
CUST-BD-01858,4,4.5,7232.2300000000005,51412.34,4.192592592592593,27,4.62962962962963,0.07407407407407407,2,VIP-Platinum
CUST-BD-01860,3,8.3,4347.15,41618.21,4.2214285714285715,14,3.2142857142857144,0.07142857142857142,2,VIP-Platinum
CUST-BD-01861,6,2.72,1924.76,46868.15,4.016666666666667,6,7.5,0.0,1,High-Value
CUST-BD-01863,34,3.48,644.0,24944.6,5.0,1,0.0,0.0,0,Moderate-Spender
CUST-BD-01864,1,3.7600000000000002,7549.13,186657.95,3.957142857142857,28,4.285714285714286,0.03571428571428571,2,VIP-Platinum
CUST-BD-01865,2,2.51,8152.83,121423.61,3.923076923076923,26,5.1923076923076925,0.038461538461538464,2,VIP-Platinum
CUST-BD-01866,2,3.15,1787.09,17869.55,4.116666666666666,6,3.3333333333333335,0.0,1,High-Value
CUST-BD-01867,130,0.63,377.26,2420.14,4.233333333333333,3,6.666666666666667,0.0,3,Low-Engagement
CUST-BD-01868,110,1.1,431.59,4712.02,4.166666666666667,3,8.333333333333334,0.3333333333333333,3,Low-Engagement
CUST-BD-01869,297,2.51,681.46,2980.77,3.3,1,15.0,0.0,3,Low-Engagement
CUST-BD-01870,29,2.31,1498.0900000000001,8034.72,4.214285714285714,7,4.285714285714286,0.0,1,High-Value
CUST-BD-01871,45,0.84,354.85,3910.13,4.3,3,6.666666666666667,0.0,3,Low-Engagement
CUST-BD-01872,9,3.14,2281.9,6506.87,4.444444444444445,9,5.0,0.0,1,High-Value
CUST-BD-01873,40,4.98,1584.99,88365.21,4.266666666666667,6,2.5,0.0,1,High-Value
CUST-BD-01874,337,0.35,92.82,4577.56,4.6,1,0.0,0.0,0,Moderate-Spender
CUST-BD-01875,2,6.659999999999999,4551.09,29362.67,4.09,10,3.0,0.2,1,High-Value
CUST-BD-01877,74,1.63,284.64,2706.64,4.0,2,0.0,0.0,0,Moderate-Spender
CUST-BD-01878,2,4.23,5140.63,31551.8,3.9249999999999994,12,6.25,0.08333333333333333,1,High-Value
CUST-BD-01879,37,1.35,1132.46,5516.21,4.4,2,0.0,0.0,0,Moderate-Spender
CUST-BD-01880,231,0.62,28.4,1809.47,3.5,1,0.0,0.0,0,Moderate-Spender
CUST-BD-01881,5,2.6000000000000005,11181.5,38565.33,4.138461538461538,26,5.769230769230769,0.07692307692307693,2,VIP-Platinum
CUST-BD-01882,17,4.36,4505.34,29968.82,4.081818181818182,11,5.0,0.0,1,High-Value
CUST-BD-01883,30,5.48,778.4,54974.7,4.15,4,0.0,0.0,1,High-Value
CUST-BD-01885,336,0.63,569.66,2676.68,5.0,1,0.0,0.0,0,Moderate-Spender
CUST-BD-01886,327,0.21,280.21,1709.13,2.6,1,10.0,0.0,3,Low-Engagement
CUST-BD-01887,203,0.64,70.31,2434.74,4.9,1,10.0,0.0,3,Low-Engagement
CUST-BD-01888,4,3.02,4626.4400000000005,64121.57,4.141666666666667,12,5.0,0.16666666666666666,1,High-Value
CUST-BD-01890,6,1.92,2747.74,6597.33,4.2,6,0.0,0.16666666666666666,1,High-Value
CUST-BD-01891,337,0.71,138.14,3395.76,3.1,1,15.0,0.0,3,Low-Engagement
CUST-BD-01892,52,3.31,1519.29,9351.14,4.2,7,9.285714285714286,0.14285714285714285,1,High-Value
CUST-BD-01894,61,0.78,1353.33,4856.85,3.85,4,6.25,0.0,1,High-Value
CUST-BD-01895,277,0.84,114.38,1402.01,3.9,2,7.5,0.0,3,Low-Engagement
CUST-BD-01896,7,2.32,3652.2,20813.88,3.4583333333333335,12,3.3333333333333335,0.0,1,High-Value
CUST-BD-01897,11,2.76,1564.0700000000002,13416.15,3.6666666666666665,3,1.6666666666666667,0.0,1,High-Value
CUST-BD-01898,229,0.97,299.78,7176.34,4.1,2,2.5,0.5,0,Moderate-Spender
CUST-BD-01899,36,0.88,302.18,1626.11,3.7,1,15.0,0.0,3,Low-Engagement
CUST-BD-01900,121,3.13,1730.52,27866.82,4.12,5,6.0,0.2,1,High-Value
CUST-BD-01901,63,0.91,62.72,5781.54,5.0,1,0.0,0.0,0,Moderate-Spender
CUST-BD-01902,34,0.7600000000000001,1001.26,7087.95,4.166666666666667,3,6.666666666666667,0.0,1,High-Value
CUST-BD-01903,54,0.9,249.26,14313.89,3.9,3,5.0,0.0,0,Moderate-Spender
CUST-BD-01904,17,8.69,1256.24,33987.94,4.1,5,4.0,0.2,1,High-Value
CUST-BD-01905,3,4.29,5086.25,41670.68,3.857894736842105,19,4.473684210526316,0.05263157894736842,1,High-Value
CUST-BD-01906,2,3.1,9367.15,277074.71,4.007142857142857,28,4.821428571428571,0.03571428571428571,2,VIP-Platinum
CUST-BD-01907,302,1.96,1487.8999999999999,6830.07,4.0,2,0.0,0.0,0,Moderate-Spender
CUST-BD-01908,102,0.20000000000000004,1367.55,2157.55,3.5999999999999996,3,0.0,0.0,0,Moderate-Spender
CUST-BD-01909,196,0.41,336.69,3249.12,4.1,1,0.0,0.0,0,Moderate-Spender
CUST-BD-01910,62,1.52,128.25,9149.59,4.8,1,0.0,1.0,0,Moderate-Spender
CUST-BD-01911,41,0.41,752.77,1955.11,4.15,2,5.0,0.0,0,Moderate-Spender
CUST-BD-01912,314,0.61,1116.97,1440.0,3.9,2,7.5,0.0,3,Low-Engagement
CUST-BD-01913,198,1.88,331.49,14828.16,4.199999999999999,2,2.5,0.0,0,Moderate-Spender
CUST-BD-01914,50,1.88,1806.3,38504.67,4.1875,8,3.75,0.0,1,High-Value
CUST-BD-01915,345,1.19,847.16,11934.93,4.066666666666667,3,5.0,0.0,0,Moderate-Spender
CUST-BD-01916,3,8.1,7819.66,80045.49,4.135,20,4.5,0.05,2,VIP-Platinum
CUST-BD-01917,131,1.55,709.73,3161.57,4.333333333333333,3,11.666666666666666,0.0,3,Low-Engagement
CUST-BD-01918,198,0.39,1326.49,719.69,4.6,2,2.5,0.0,0,Moderate-Spender
CUST-BD-01919,22,1.23,2287.41,7605.59,4.122222222222223,9,2.2222222222222223,0.0,1,High-Value
CUST-BD-01920,39,1.51,891.0699999999999,3679.25,3.8249999999999997,4,11.25,0.0,3,Low-Engagement
CUST-BD-01921,14,2.35,721.92,8863.05,3.8000000000000003,6,5.0,0.16666666666666666,1,High-Value
CUST-BD-01922,3,3.2600000000000002,3153.46,25727.41,4.228571428571429,7,5.714285714285714,0.14285714285714285,1,High-Value
CUST-BD-01923,246,0.65,426.18,513.64,4.8,1,15.0,0.0,3,Low-Engagement
CUST-BD-01924,19,0.68,1305.8,12249.0,4.357142857142857,7,5.714285714285714,0.0,1,High-Value
CUST-BD-01925,1,3.22,12991.3,137653.63,3.9542857142857146,35,4.714285714285714,0.02857142857142857,2,VIP-Platinum
CUST-BD-01926,60,1.78,462.98,9794.78,4.066666666666666,3,3.3333333333333335,0.0,0,Moderate-Spender
CUST-BD-01927,17,1.21,861.0899999999999,4396.7,4.066666666666666,6,8.333333333333334,0.0,1,High-Value
CUST-BD-01928,273,0.58,264.87,5341.09,4.5,1,10.0,0.0,3,Low-Engagement
CUST-BD-01929,250,0.68,339.48,7803.6,2.8,1,0.0,0.0,0,Moderate-Spender
CUST-BD-01930,263,2.54,438.43,3178.49,5.0,1,10.0,0.0,3,Low-Engagement
CUST-BD-01931,62,1.22,2347.46,8894.27,4.225,4,5.0,0.0,1,High-Value
CUST-BD-01932,55,3.4300000000000006,953.17,8964.21,4.24,5,7.0,0.0,1,High-Value
CUST-BD-01933,3,12.0,3372.86,123208.74,4.2,11,4.090909090909091,0.09090909090909091,2,VIP-Platinum
CUST-BD-01934,39,2.49,853.1,11610.33,4.3,6,5.833333333333333,0.0,1,High-Value
CUST-BD-01935,66,0.44,568.51,3246.6,4.0,1,10.0,0.0,3,Low-Engagement
CUST-BD-01936,2,3.45,4317.85,45847.23,4.2384615384615385,13,5.0,0.0,1,High-Value
CUST-BD-01937,161,0.56,329.58,1605.41,3.9,1,10.0,0.0,3,Low-Engagement
CUST-BD-01938,96,4.84,1436.37,6713.88,4.366666666666666,6,5.0,0.0,1,High-Value
CUST-BD-01940,4,2.85,2028.8100000000002,46333.41,4.144444444444444,9,3.888888888888889,0.0,1,High-Value
CUST-BD-01941,13,8.54,3590.2400000000002,13731.66,4.125,12,3.3333333333333335,0.08333333333333333,1,High-Value
CUST-BD-01942,44,0.58,487.63,2179.5,3.9,2,7.5,0.0,3,Low-Engagement
CUST-BD-01943,11,2.17,1614.73,10765.01,4.2125,8,8.125,0.0,1,High-Value
CUST-BD-01944,145,2.35,459.67999999999995,8213.95,4.133333333333334,3,1.6666666666666667,0.0,0,Moderate-Spender
CUST-BD-01946,397,0.66,72.77,5235.75,4.0,1,0.0,0.0,0,Moderate-Spender
CUST-BD-01947,35,2.54,1463.98,14114.9,3.7199999999999998,5,10.0,0.2,3,Low-Engagement
CUST-BD-01948,170,0.5,116.76,7232.12,4.2,1,5.0,0.0,0,Moderate-Spender
CUST-BD-01950,5,2.74,2719.65,37932.78,4.055555555555555,9,3.888888888888889,0.0,1,High-Value
CUST-BD-01951,3,3.34,2043.49,8262.58,4.3625,8,3.125,0.125,1,High-Value
CUST-BD-01953,1,8.12,8919.91,119364.88,4.211111111111111,27,7.592592592592593,0.1111111111111111,2,VIP-Platinum
CUST-BD-01954,11,3.05,3857.84,28001.9,4.163636363636363,11,4.090909090909091,0.18181818181818182,1,High-Value
CUST-BD-01955,1,11.0,8787.67,38233.36,3.9764705882352938,34,4.852941176470588,0.11764705882352941,2,VIP-Platinum
CUST-BD-01956,118,2.19,2222.19,8753.76,3.925,4,7.5,0.0,3,Low-Engagement
CUST-BD-01957,84,0.2,86.57,4631.37,3.2,1,0.0,0.0,0,Moderate-Spender
CUST-BD-01958,96,0.45,2421.74,533.58,4.016666666666667,6,9.166666666666666,0.0,3,Low-Engagement
CUST-BD-01959,1,6.58,7246.15,220458.15,3.864516129032258,31,6.935483870967742,0.06451612903225806,2,VIP-Platinum
CUST-BD-01960,27,3.73,828.81,49391.69,4.066666666666666,3,3.3333333333333335,0.3333333333333333,1,High-Value
CUST-BD-01961,92,2.36,1749.84,9556.72,4.483333333333333,6,1.6666666666666667,0.16666666666666666,0,Moderate-Spender
CUST-BD-01962,26,3.75,1020.72,13072.2,4.05,4,5.0,0.0,1,High-Value
CUST-BD-01963,90,0.9700000000000001,1314.44,4450.22,4.466666666666667,3,6.666666666666667,0.0,3,Low-Engagement
CUST-BD-01964,56,0.51,1138.15,11222.66,4.125,4,2.5,0.25,0,Moderate-Spender
CUST-BD-01966,15,3.12,3630.87,18327.26,4.0285714285714285,7,6.428571428571429,0.0,1,High-Value
CUST-BD-01967,112,1.7,1038.69,12218.99,4.3999999999999995,3,5.0,0.0,0,Moderate-Spender
CUST-BD-01968,8,3.58,3106.48,17973.9,3.7249999999999996,12,4.583333333333333,0.0,1,High-Value
CUST-BD-01969,293,1.22,747.44,10373.36,3.5,1,10.0,0.0,3,Low-Engagement
CUST-BD-01970,119,2.7,1877.3,3232.0,4.5,5,7.0,0.0,1,High-Value
CUST-BD-01971,239,0.58,584.43,3266.48,3.5,1,15.0,0.0,3,Low-Engagement
CUST-BD-01972,50,0.97,897.65,1943.46,4.3,2,5.0,0.0,0,Moderate-Spender
CUST-BD-01973,121,0.89,870.17,1728.27,5.0,1,10.0,0.0,3,Low-Engagement
CUST-BD-01974,54,0.72,1318.89,3704.67,3.94,5,3.0,0.0,0,Moderate-Spender
CUST-BD-01975,344,0.91,149.93,1166.54,4.6,1,0.0,0.0,0,Moderate-Spender
CUST-BD-01976,97,0.7799999999999999,791.23,2673.96,4.133333333333334,3,6.666666666666667,0.3333333333333333,3,Low-Engagement
CUST-BD-01977,54,3.23,1832.37,8971.14,3.8166666666666664,6,5.0,0.16666666666666666,1,High-Value
CUST-BD-01978,285,2.32,215.26999999999998,9871.46,3.65,2,7.5,0.0,3,Low-Engagement
CUST-BD-01979,100,2.83,728.25,13045.81,3.8,2,7.5,0.0,3,Low-Engagement
CUST-BD-01980,34,2.1,1852.1100000000001,104523.3,4.12,5,5.0,0.0,1,High-Value
CUST-BD-01981,259,0.44,246.16,3175.25,3.8499999999999996,2,10.0,0.0,3,Low-Engagement
CUST-BD-01982,340,0.72,34.18,5647.73,4.1,1,10.0,0.0,3,Low-Engagement
CUST-BD-01983,57,1.06,1743.82,5775.22,3.9333333333333336,3,0.0,0.0,0,Moderate-Spender
CUST-BD-01985,40,1.06,1270.37,3638.43,4.15,8,2.5,0.0,1,High-Value
CUST-BD-01986,19,4.92,2552.38,30312.3,4.044444444444444,9,2.7777777777777777,0.0,1,High-Value
CUST-BD-01987,5,0.5,1084.57,1299.41,3.475,4,8.75,0.0,3,Low-Engagement
CUST-BD-01988,9,2.32,1370.83,61318.84,4.2,5,4.0,0.0,1,High-Value
CUST-BD-01989,221,0.82,690.01,1368.92,3.4000000000000004,2,10.0,0.0,3,Low-Engagement
CUST-BD-01990,174,0.62,1100.75,1018.11,4.5,4,3.75,0.0,0,Moderate-Spender
CUST-BD-01991,96,2.38,883.28,6640.09,4.1000000000000005,3,1.6666666666666667,0.0,0,Moderate-Spender
CUST-BD-01992,61,1.72,2108.46,5906.99,3.9499999999999997,4,5.0,0.25,1,High-Value
CUST-BD-01993,168,1.67,743.6099999999999,11841.42,3.6999999999999997,3,3.3333333333333335,0.0,0,Moderate-Spender
CUST-BD-01994,0,1.8000000000000003,4273.64,67201.6,4.015384615384615,13,3.4615384615384617,0.0,1,High-Value
CUST-BD-01995,7,2.23,1717.7800000000002,5788.03,3.8,7,4.285714285714286,0.14285714285714285,1,High-Value
CUST-BD-01997,2,2.57,1720.17,10587.57,4.0200000000000005,5,4.0,0.2,1,High-Value
CUST-BD-01998,298,1.9,373.7,8220.63,3.4,1,0.0,0.0,0,Moderate-Spender
CUST-BD-01999,87,1.25,2273.45,12201.98,4.083333333333333,6,8.333333333333334,0.0,3,Low-Engagement
CUST-BD-02000,22,1.72,3787.62,25750.1,3.9,10,4.5,0.1,1,High-Value
CUST-BD-02001,169,1.49,403.96,11342.54,4.6,1,5.0,0.0,0,Moderate-Spender
CUST-BD-02003,0,2.68,2344.21,14187.77,4.2,7,5.0,0.14285714285714285,1,High-Value
CUST-BD-02004,59,0.66,1308.95,3193.69,3.3666666666666667,3,5.0,0.0,0,Moderate-Spender
CUST-BD-02005,45,0.25,1119.6599999999999,2230.28,4.333333333333333,3,5.0,0.0,0,Moderate-Spender
CUST-BD-02006,157,2.48,817.65,20304.08,4.2,2,0.0,0.0,0,Moderate-Spender
CUST-BD-02007,7,1.99,2934.51,2785.45,4.214285714285714,7,0.7142857142857143,0.0,1,High-Value
CUST-BD-02008,27,3.48,3093.79,43362.37,4.2375,8,5.0,0.0,1,High-Value
CUST-BD-02009,20,0.84,1921.1100000000001,17610.66,4.266666666666667,6,3.3333333333333335,0.0,1,High-Value
CUST-BD-02010,36,1.01,1464.71,4611.74,4.0,6,9.166666666666666,0.0,3,Low-Engagement
CUST-BD-02012,21,1.16,764.0,20020.81,4.216666666666667,6,8.333333333333334,0.0,1,High-Value
CUST-BD-02013,33,0.53,373.3,5057.96,4.45,2,7.5,0.0,3,Low-Engagement
CUST-BD-02014,337,0.84,416.58,24872.36,4.4,1,15.0,0.0,3,Low-Engagement
CUST-BD-02015,8,5.22,2817.7799999999997,7257.98,3.9499999999999997,6,2.5,0.0,1,High-Value
CUST-BD-02017,26,3.73,1548.68,42747.45,4.311111111111111,9,6.666666666666667,0.0,1,High-Value
CUST-BD-02018,35,1.57,2822.23,3949.43,4.4714285714285715,7,5.0,0.0,1,High-Value
CUST-BD-02019,10,4.37,3008.68,12088.46,4.344444444444445,9,2.2222222222222223,0.0,1,High-Value
CUST-BD-02020,7,3.91,623.46,11954.65,4.34,5,1.0,0.2,1,High-Value
CUST-BD-02021,38,1.07,1057.23,17202.96,3.9200000000000004,5,2.0,0.0,0,Moderate-Spender
CUST-BD-02022,16,1.83,2370.41,7806.49,4.2,5,4.0,0.0,1,High-Value
CUST-BD-02024,34,2.7600000000000002,1656.54,36728.42,3.742857142857143,7,2.142857142857143,0.0,1,High-Value
CUST-BD-02025,58,1.4599999999999997,2710.6400000000003,30683.54,4.071428571428571,7,6.428571428571429,0.0,1,High-Value
CUST-BD-02026,1,1.53,3359.52,17216.37,3.811111111111111,9,2.7777777777777777,0.0,1,High-Value
CUST-BD-02027,14,1.8,1871.76,12994.34,4.16,5,1.0,0.2,1,High-Value
CUST-BD-02028,269,0.79,285.26,1230.17,4.3,1,10.0,0.0,3,Low-Engagement
CUST-BD-02029,11,7.06,1460.85,15852.82,4.1875,8,6.875,0.125,1,High-Value
CUST-BD-02030,9,1.03,1343.35,28743.6,3.8333333333333335,6,4.166666666666667,0.3333333333333333,1,High-Value
CUST-BD-02031,19,5.45,4864.73,59263.04,4.085714285714286,14,3.9285714285714284,0.0,1,High-Value
CUST-BD-02032,381,0.38999999999999996,691.37,2106.95,3.6333333333333333,3,3.3333333333333335,0.3333333333333333,0,Moderate-Spender
CUST-BD-02033,8,3.65,3600.0299999999997,27255.75,4.15,14,4.642857142857143,0.0,1,High-Value
CUST-BD-02034,4,5.68,2815.42,39983.97,3.6333333333333333,12,5.416666666666667,0.16666666666666666,1,High-Value
CUST-BD-02035,1,8.2,12591.619999999999,42383.7,4.153125,32,5.3125,0.03125,2,VIP-Platinum
CUST-BD-02036,5,2.69,2666.6800000000003,26436.37,4.0625,8,5.625,0.0,1,High-Value
CUST-BD-02038,0,3.97,859.04,17213.24,4.0600000000000005,5,10.0,0.0,1,High-Value
CUST-BD-02039,383,0.51,101.41,2004.58,4.7,1,10.0,1.0,3,Low-Engagement
CUST-BD-02040,126,2.18,3002.23,28732.94,4.225,4,5.0,0.0,1,High-Value
CUST-BD-02041,154,2.72,1971.0500000000002,20591.67,4.05,4,8.75,0.0,3,Low-Engagement
CUST-BD-02042,305,0.57,887.7,1576.22,4.25,2,5.0,0.0,0,Moderate-Spender
CUST-BD-02043,6,4.16,3286.33,5116.18,4.108333333333333,12,6.25,0.0,1,High-Value
CUST-BD-02044,364,2.19,529.21,3571.66,4.65,2,7.5,0.0,3,Low-Engagement
CUST-BD-02045,270,2.92,549.9,8396.82,4.2,1,0.0,0.0,0,Moderate-Spender
CUST-BD-02046,277,2.92,585.0699999999999,7492.27,3.45,2,2.5,0.0,0,Moderate-Spender
CUST-BD-02047,0,1.24,1233.45,40008.12,4.08,5,3.0,0.0,1,High-Value
CUST-BD-02048,201,0.34,388.57,3849.41,3.7,1,0.0,0.0,0,Moderate-Spender
CUST-BD-02049,82,0.67,276.8,4020.66,4.1,1,0.0,0.0,0,Moderate-Spender
CUST-BD-02050,95,1.11,243.36,11370.31,4.3,1,10.0,0.0,3,Low-Engagement
CUST-BD-02051,13,2.26,1558.52,2777.5,4.1,5,3.0,0.0,1,High-Value
CUST-BD-02053,21,2.25,1622.45,6781.84,4.116666666666666,6,9.166666666666666,0.0,1,High-Value
CUST-BD-02054,5,2.91,6200.72,42113.79,4.2,16,4.6875,0.0625,1,High-Value
CUST-BD-02055,74,1.19,1201.48,10222.59,4.383333333333334,6,5.0,0.16666666666666666,1,High-Value
CUST-BD-02058,7,0.66,1523.97,8349.58,4.033333333333333,6,4.166666666666667,0.0,1,High-Value
CUST-BD-02059,27,2.06,1673.18,4909.21,4.066666666666666,6,6.666666666666667,0.3333333333333333,1,High-Value
CUST-BD-02060,3,7.4,6917.58,44434.84,3.8545454545454545,22,4.7727272727272725,0.045454545454545456,2,VIP-Platinum
CUST-BD-02061,114,0.64,1049.67,2942.41,4.433333333333334,3,15.0,0.0,3,Low-Engagement
CUST-BD-02062,21,5.83,1182.4,7956.95,4.18,5,2.0,0.0,1,High-Value
CUST-BD-02063,2,6.73,8332.62,48774.23,4.081081081081081,37,6.351351351351352,0.08108108108108109,2,VIP-Platinum
CUST-BD-02064,87,1.22,232.38,1825.93,3.9,1,0.0,0.0,0,Moderate-Spender
CUST-BD-02065,3,7.17,7405.51,124535.56,4.117857142857143,28,3.75,0.10714285714285714,2,VIP-Platinum
CUST-BD-02066,46,3.22,789.4300000000001,10495.4,4.066666666666667,3,5.0,0.0,1,High-Value
CUST-BD-02067,4,1.33,2329.4,8235.57,3.8833333333333333,6,1.6666666666666667,0.16666666666666666,1,High-Value
CUST-BD-02068,242,0.89,1006.6600000000001,8879.68,4.033333333333333,3,5.0,0.0,0,Moderate-Spender
CUST-BD-02069,158,4.88,2270.56,31759.44,4.1499999999999995,6,5.833333333333333,0.0,1,High-Value
CUST-BD-02070,25,3.7700000000000005,3163.96,40001.81,4.0600000000000005,10,4.0,0.1,1,High-Value
CUST-BD-02071,217,1.08,998.36,2959.62,4.566666666666666,3,6.666666666666667,0.3333333333333333,3,Low-Engagement
CUST-BD-02072,355,1.14,929.86,4091.28,4.2,1,15.0,0.0,3,Low-Engagement
CUST-BD-02073,74,0.91,87.72,2762.98,4.4,1,15.0,0.0,3,Low-Engagement
CUST-BD-02074,318,0.29,38.8,2011.86,3.4,1,0.0,0.0,0,Moderate-Spender
CUST-BD-02075,17,1.23,1825.59,5987.17,3.72,5,5.0,0.2,1,High-Value
CUST-BD-02076,31,1.09,2623.36,8795.75,4.2375,8,5.0,0.0,1,High-Value
CUST-BD-02077,86,0.92,370.71,5002.67,3.65,2,2.5,0.0,0,Moderate-Spender
CUST-BD-02078,290,0.54,136.75,4061.14,3.75,2,7.5,0.0,3,Low-Engagement
CUST-BD-02080,47,0.51,156.39000000000001,1459.41,4.55,2,5.0,0.0,0,Moderate-Spender
CUST-BD-02082,223,0.75,246.74,1420.77,4.449999999999999,2,10.0,0.0,3,Low-Engagement
CUST-BD-02083,36,2.12,3864.89,35257.34,4.1454545454545455,11,5.454545454545454,0.0,1,High-Value
CUST-BD-02084,55,1.11,848.25,2550.43,4.275,4,10.0,0.0,3,Low-Engagement
CUST-BD-02085,1,7.57,6953.37,23677.65,4.15625,16,6.25,0.0,2,VIP-Platinum
CUST-BD-02086,44,1.15,283.84,4233.25,4.4,1,0.0,0.0,0,Moderate-Spender
CUST-BD-02087,235,0.45,618.39,13854.21,3.7,1,5.0,0.0,0,Moderate-Spender
CUST-BD-02088,124,0.8,101.21,509.42,4.3,1,5.0,0.0,0,Moderate-Spender
CUST-BD-02090,56,0.52,956.29,17308.2,4.3,2,12.5,0.0,3,Low-Engagement
CUST-BD-02092,70,1.09,967.7199999999999,3543.78,3.733333333333333,3,6.666666666666667,0.0,3,Low-Engagement
CUST-BD-02093,59,1.77,1754.29,9391.55,3.9799999999999995,5,0.0,0.0,0,Moderate-Spender
CUST-BD-02094,16,3.35,2911.99,33656.13,3.88,10,6.5,0.0,1,High-Value
CUST-BD-02095,344,0.49,78.48,2434.35,4.2,1,0.0,0.0,0,Moderate-Spender
CUST-BD-02096,98,1.27,359.99,2791.95,3.7,2,0.0,0.0,0,Moderate-Spender
CUST-BD-02097,225,0.36,498.94,1766.19,4.7,1,0.0,0.0,0,Moderate-Spender
CUST-BD-02098,8,0.9799999999999999,4051.68,21186.96,3.8428571428571425,7,5.0,0.0,1,High-Value
CUST-BD-02099,2,5.04,7886.63,223083.37,4.368421052631579,19,6.315789473684211,0.05263157894736842,2,VIP-Platinum
CUST-BD-02100,246,0.3,148.2,1817.89,4.0,1,5.0,0.0,0,Moderate-Spender
CUST-BD-02101,33,0.43,650.4,1239.95,4.449999999999999,2,2.5,0.0,0,Moderate-Spender
CUST-BD-02102,198,2.87,2446.51,4907.4,3.3600000000000003,5,5.0,0.0,0,Moderate-Spender
CUST-BD-02103,1,3.77,8514.61,121129.09,4.064285714285714,28,4.464285714285714,0.03571428571428571,2,VIP-Platinum
CUST-BD-02104,231,1.08,300.22,3557.27,4.15,2,0.0,0.0,0,Moderate-Spender
CUST-BD-02105,19,4.54,2659.6,44739.22,4.1,8,7.5,0.125,1,High-Value
CUST-BD-02106,99,1.46,698.23,14805.36,4.1,4,7.5,0.0,3,Low-Engagement
CUST-BD-02107,252,0.32,397.46,1777.6,3.8,1,15.0,0.0,3,Low-Engagement
CUST-BD-02108,1,3.31,1971.39,10604.28,4.314285714285714,14,5.0,0.0,1,High-Value
CUST-BD-02109,1,0.5,4177.59,8162.28,4.220000000000001,10,3.5,0.2,1,High-Value
CUST-BD-02110,78,0.52,371.35,6743.71,4.3,3,5.0,0.3333333333333333,0,Moderate-Spender
CUST-BD-02111,120,0.8000000000000002,940.71,2930.49,4.166666666666667,3,3.3333333333333335,0.0,0,Moderate-Spender
CUST-BD-02112,126,1.13,1076.76,3225.26,4.033333333333333,3,5.0,0.0,0,Moderate-Spender
CUST-BD-02113,24,0.64,303.16,4302.24,4.425,4,1.25,0.25,0,Moderate-Spender
CUST-BD-02114,44,1.15,1239.26,6644.86,3.983333333333334,6,4.166666666666667,0.16666666666666666,1,High-Value
CUST-BD-02115,0,1.1,2750.42,12578.41,3.716666666666667,6,5.0,0.0,1,High-Value
CUST-BD-02116,20,2.47,2153.45,47592.28,3.888888888888889,9,7.222222222222222,0.0,1,High-Value
CUST-BD-02117,75,2.26,1817.1399999999999,6286.37,4.133333333333333,3,8.333333333333334,0.0,3,Low-Engagement
CUST-BD-02118,137,0.85,1673.94,3109.95,3.966666666666667,3,6.666666666666667,0.0,3,Low-Engagement
CUST-BD-02120,1,4.53,5312.99,27520.38,3.957142857142857,14,5.357142857142857,0.0,1,High-Value
CUST-BD-02121,304,0.7,314.72,889.47,4.3,1,15.0,0.0,3,Low-Engagement
CUST-BD-02123,3,0.87,3576.12,7418.43,3.9875,8,5.625,0.0,1,High-Value
CUST-BD-02124,4,4.46,5645.4,39017.07,4.338461538461538,13,5.769230769230769,0.07692307692307693,1,High-Value
CUST-BD-02125,92,0.33,213.93,1508.33,4.3,1,15.0,0.0,3,Low-Engagement
CUST-BD-02126,84,1.3,1799.53,11409.87,4.216666666666667,6,5.0,0.0,1,High-Value
CUST-BD-02127,87,0.66,2350.8999999999996,5220.67,4.175,4,8.75,0.0,3,Low-Engagement
CUST-BD-02128,22,1.81,1925.26,34421.04,3.88,5,6.0,0.0,1,High-Value
CUST-BD-02129,25,0.64,1777.29,4089.43,4.2,7,5.0,0.0,1,High-Value
CUST-BD-02130,77,0.84,1114.71,13781.56,4.257142857142857,7,4.285714285714286,0.0,1,High-Value
CUST-BD-02132,35,2.24,1736.54,12501.28,4.3,5,10.0,0.0,3,Low-Engagement
CUST-BD-02133,105,0.87,943.9,4482.62,3.9333333333333336,3,5.0,0.0,0,Moderate-Spender
CUST-BD-02134,29,1.05,1300.4,8027.35,3.9,5,3.0,0.0,1,High-Value
CUST-BD-02135,17,2.83,2228.81,79922.06,4.244444444444444,9,5.0,0.1111111111111111,1,High-Value
CUST-BD-02136,42,1.33,63.3,1348.02,4.1,1,0.0,0.0,0,Moderate-Spender
CUST-BD-02137,20,2.04,1931.49,12353.15,4.316666666666666,6,5.833333333333333,0.0,1,High-Value
CUST-BD-02138,30,0.5,502.65999999999997,2763.71,3.766666666666667,3,10.0,0.0,3,Low-Engagement
CUST-BD-02139,224,3.07,439.31,9412.69,4.3,2,7.5,0.5,3,Low-Engagement
CUST-BD-02140,60,1.7299999999999998,712.86,17221.27,4.5,6,7.5,0.0,1,High-Value
CUST-BD-02141,93,1.91,2275.29,5905.47,4.35,4,5.0,0.0,1,High-Value
CUST-BD-02142,17,0.9,1395.3000000000002,11870.61,3.75,4,0.0,0.0,0,Moderate-Spender
CUST-BD-02143,1,2.61,8039.12,136257.1,4.06551724137931,29,2.9310344827586206,0.06896551724137931,2,VIP-Platinum
CUST-BD-02144,7,1.3500000000000003,1018.59,25282.55,3.9333333333333336,3,11.666666666666666,0.0,3,Low-Engagement
CUST-BD-02145,7,12.0,3331.14,41668.98,3.6727272727272724,11,0.45454545454545453,0.0,2,VIP-Platinum
CUST-BD-02146,375,0.44,688.12,904.0,4.45,2,0.0,0.5,0,Moderate-Spender
CUST-BD-02147,7,6.22,7852.25,104278.55,4.165384615384616,26,5.961538461538462,0.038461538461538464,2,VIP-Platinum
CUST-BD-02148,24,0.9,2077.15,6908.18,4.033333333333334,6,3.3333333333333335,0.0,1,High-Value
CUST-BD-02149,251,0.69,40.81,1734.05,4.4,1,5.0,0.0,0,Moderate-Spender
CUST-BD-02150,102,1.47,262.36,14421.04,4.133333333333334,3,8.333333333333334,0.0,3,Low-Engagement
CUST-BD-02151,330,0.64,563.65,583.38,4.3,1,10.0,0.0,3,Low-Engagement
CUST-BD-02152,19,4.17,4131.01,43785.93,3.6700000000000004,10,4.0,0.0,1,High-Value
CUST-BD-02153,36,0.4,847.1400000000001,1301.15,3.9000000000000004,2,5.0,0.0,0,Moderate-Spender
CUST-BD-02154,8,1.26,1240.2,8687.64,4.0625,8,5.625,0.0,1,High-Value
CUST-BD-02156,141,0.25,985.63,922.95,3.733333333333333,3,5.0,0.0,0,Moderate-Spender
CUST-BD-02157,10,1.57,2046.26,231072.82,3.725,12,5.833333333333333,0.08333333333333333,2,VIP-Platinum
CUST-BD-02158,2,2.56,3267.1899999999996,7650.01,4.25,8,8.125,0.0,1,High-Value
CUST-BD-02159,90,0.6,483.24,3598.42,3.9,3,13.333333333333334,0.0,3,Low-Engagement
CUST-BD-02160,47,2.35,634.75,26936.86,4.766666666666667,3,0.0,0.0,0,Moderate-Spender
CUST-BD-02161,6,3.9500000000000006,3584.79,41731.82,4.233333333333333,12,6.666666666666667,0.0,1,High-Value
CUST-BD-02162,41,1.8500000000000003,1652.83,5265.96,3.6666666666666665,3,10.0,0.0,3,Low-Engagement
CUST-BD-02163,251,0.42,1025.32,2658.9,4.266666666666667,3,5.0,0.0,0,Moderate-Spender
CUST-BD-02164,2,6.25,5931.05,31541.12,4.030434782608696,23,7.608695652173913,0.0,2,VIP-Platinum
CUST-BD-02165,381,0.81,208.05,2049.71,4.3,1,5.0,0.0,0,Moderate-Spender
CUST-BD-02168,146,1.05,181.8,1524.69,4.1,2,5.0,0.0,0,Moderate-Spender
CUST-BD-02169,2,5.6,9528.99,288888.41,4.212903225806452,31,4.354838709677419,0.03225806451612903,2,VIP-Platinum
CUST-BD-02170,1,4.08,7885.65,85570.02,3.95,26,4.038461538461538,0.07692307692307693,2,VIP-Platinum
CUST-BD-02171,9,2.58,1342.59,6434.5,4.0,6,4.166666666666667,0.16666666666666666,1,High-Value
CUST-BD-02172,74,4.53,518.54,13893.47,4.6,5,8.0,0.0,1,High-Value
CUST-BD-02173,22,3.7,2509.57,26418.61,4.01,10,5.0,0.0,1,High-Value
CUST-BD-02174,12,1.1,838.9100000000001,2156.13,4.366666666666666,6,2.5,0.0,1,High-Value
CUST-BD-02175,8,2.07,1125.56,4862.83,3.78,5,7.0,0.0,1,High-Value
CUST-BD-02176,3,7.0,5034.65,326383.12,4.221052631578948,19,4.7368421052631575,0.05263157894736842,2,VIP-Platinum
CUST-BD-02177,83,2.37,513.27,3044.02,3.7,2,5.0,0.0,0,Moderate-Spender
CUST-BD-02179,5,1.91,3309.96,18874.84,3.9214285714285713,14,3.5714285714285716,0.07142857142857142,1,High-Value
CUST-BD-02180,75,3.23,517.01,10642.7,3.6,1,0.0,0.0,0,Moderate-Spender
CUST-BD-02181,71,1.07,1364.26,2259.07,4.0,3,3.3333333333333335,0.0,0,Moderate-Spender
CUST-BD-02182,76,1.17,996.62,1800.23,3.9250000000000003,4,7.5,0.0,3,Low-Engagement
CUST-BD-02183,200,2.04,927.36,12478.86,4.449999999999999,2,2.5,0.0,0,Moderate-Spender
CUST-BD-02184,8,2.79,1319.17,5635.22,3.9799999999999995,5,6.0,0.0,1,High-Value
CUST-BD-02185,208,4.08,611.1,72315.53,3.733333333333333,3,6.666666666666667,0.0,3,Low-Engagement
CUST-BD-02186,1,2.7800000000000002,4854.96,46325.92,3.8076923076923075,13,4.230769230769231,0.0,1,High-Value
CUST-BD-02187,2,1.72,2415.12,9908.9,3.966666666666667,6,5.833333333333333,0.0,1,High-Value
CUST-BD-02188,78,1.5,1018.13,11915.76,3.7,4,2.5,0.0,0,Moderate-Spender
CUST-BD-02189,124,1.93,865.23,9175.0,4.233333333333333,3,10.0,0.0,3,Low-Engagement
CUST-BD-02190,4,0.73,679.91,888.85,3.5,3,5.0,0.0,1,High-Value
CUST-BD-02191,304,1.35,709.23,6070.79,4.6,2,7.5,0.0,3,Low-Engagement
CUST-BD-02192,51,1.45,731.5899999999999,9873.47,4.12,5,6.0,0.0,1,High-Value
CUST-BD-02193,1,3.19,3884.14,28322.72,4.06,15,6.333333333333333,0.06666666666666667,1,High-Value
CUST-BD-02194,2,1.2,6571.47,51619.47,4.228571428571429,14,6.785714285714286,0.0,1,High-Value
CUST-BD-02196,53,3.87,1689.13,25014.15,3.8714285714285714,7,5.714285714285714,0.0,1,High-Value
CUST-BD-02197,149,1.14,668.01,6194.76,3.8333333333333335,3,6.666666666666667,0.3333333333333333,3,Low-Engagement
CUST-BD-02198,224,0.97,129.19,3932.15,4.6,1,10.0,1.0,3,Low-Engagement
CUST-BD-02199,103,0.53,34.68,2800.69,3.8,1,5.0,0.0,0,Moderate-Spender
CUST-BD-02200,1,2.42,3203.0299999999997,24104.37,4.033333333333333,15,6.0,0.0,1,High-Value
CUST-BD-02201,133,0.86,751.67,1260.0,4.225,4,2.5,0.25,0,Moderate-Spender
CUST-BD-02202,19,3.51,1581.12,7333.07,3.7,4,2.5,0.0,1,High-Value
CUST-BD-02203,389,1.87,729.49,13916.38,4.4,2,10.0,0.0,3,Low-Engagement
CUST-BD-02204,68,1.04,2062.8199999999997,30264.61,3.9,5,1.0,0.0,0,Moderate-Spender
CUST-BD-02205,22,1.32,840.2099999999999,9686.66,4.075,4,0.0,0.25,0,Moderate-Spender
CUST-BD-02206,391,2.55,100.95,6673.19,4.2,1,5.0,0.0,0,Moderate-Spender
CUST-BD-02207,5,4.0,6840.24,127698.49,4.0058823529411764,17,4.411764705882353,0.0,2,VIP-Platinum
CUST-BD-02208,20,2.7099999999999995,3016.83,8800.08,4.1499999999999995,12,5.833333333333333,0.08333333333333333,1,High-Value
CUST-BD-02209,1,0.87,1562.45,1552.44,4.575,4,6.25,0.0,1,High-Value
CUST-BD-02210,297,2.44,926.0899999999999,8615.05,4.6000000000000005,3,1.6666666666666667,0.3333333333333333,0,Moderate-Spender
CUST-BD-02211,3,4.84,1568.3700000000001,8361.41,3.96,5,5.0,0.2,1,High-Value
CUST-BD-02212,199,0.7600000000000001,354.78,23575.92,4.233333333333333,3,8.333333333333334,0.3333333333333333,3,Low-Engagement
CUST-BD-02214,248,1.17,227.92000000000002,3571.54,4.05,2,5.0,0.0,0,Moderate-Spender
CUST-BD-02215,86,6.78,2090.3,10927.92,4.066666666666666,6,10.0,0.0,1,High-Value
CUST-BD-02216,1,1.86,5176.29,25061.47,4.19375,16,6.5625,0.0,1,High-Value
CUST-BD-02218,8,1.75,2072.31,9463.92,4.0,6,5.0,0.0,1,High-Value
CUST-BD-02219,23,2.6,1395.23,11596.96,4.0,5,6.0,0.0,1,High-Value
CUST-BD-02221,210,0.85,153.04000000000002,2403.64,3.5999999999999996,2,5.0,0.0,0,Moderate-Spender
CUST-BD-02222,375,2.46,379.75,6899.78,4.9,1,15.0,0.0,3,Low-Engagement
CUST-BD-02223,63,1.51,826.11,40733.44,4.633333333333333,3,1.6666666666666667,0.0,0,Moderate-Spender
CUST-BD-02224,257,0.53,1445.17,4580.7,4.1000000000000005,3,3.3333333333333335,0.3333333333333333,0,Moderate-Spender
CUST-BD-02225,25,2.05,1151.78,14746.89,3.9799999999999995,5,0.0,0.2,0,Moderate-Spender
CUST-BD-02226,369,1.2,405.6,8428.38,4.6,1,0.0,0.0,0,Moderate-Spender
CUST-BD-02227,216,0.65,133.88,4092.55,4.5,1,15.0,0.0,3,Low-Engagement
CUST-BD-02228,110,0.72,2043.08,13163.76,3.9000000000000004,4,7.5,0.0,3,Low-Engagement
CUST-BD-02229,61,1.65,2165.91,11814.48,4.7,4,1.25,0.0,0,Moderate-Spender
CUST-BD-02230,278,0.42,146.24,1815.71,3.6,1,0.0,0.0,0,Moderate-Spender
CUST-BD-02231,196,0.69,1027.17,2947.74,4.0,2,2.5,0.5,0,Moderate-Spender
CUST-BD-02232,29,0.8800000000000001,4574.86,30205.73,4.13,10,6.5,0.0,1,High-Value
CUST-BD-02233,1,1.58,1578.78,11545.54,4.128571428571428,7,7.142857142857143,0.0,1,High-Value
CUST-BD-02234,28,2.62,1263.21,9390.38,3.8333333333333335,6,5.833333333333333,0.0,1,High-Value
CUST-BD-02235,39,1.15,709.76,11674.84,4.025,4,7.5,0.0,3,Low-Engagement
CUST-BD-02236,1,1.92,3184.05,35931.74,3.94,10,8.0,0.0,1,High-Value
CUST-BD-02238,10,2.64,1203.7,7051.0,3.3200000000000003,5,9.0,0.2,1,High-Value
CUST-BD-02239,82,0.88,656.47,4023.89,3.6999999999999997,2,0.0,0.0,0,Moderate-Spender
CUST-BD-02241,0,4.24,8804.5,369953.27,4.078571428571428,28,5.714285714285714,0.0,2,VIP-Platinum
CUST-BD-02242,19,2.67,3393.7200000000003,46076.59,4.318181818181818,11,5.909090909090909,0.0,1,High-Value
CUST-BD-02244,333,0.27,130.57,4294.61,3.55,2,0.0,0.0,0,Moderate-Spender
CUST-BD-02245,121,1.86,1014.67,20298.39,4.433333333333334,3,6.666666666666667,0.0,3,Low-Engagement
CUST-BD-02246,386,1.39,117.99,3676.04,4.7,1,0.0,0.0,0,Moderate-Spender
CUST-BD-02247,6,3.5900000000000003,3589.88,65275.0,3.9153846153846152,13,6.538461538461538,0.0,1,High-Value
CUST-BD-02248,139,1.37,537.06,4621.99,4.166666666666667,3,10.0,0.0,3,Low-Engagement
CUST-BD-02250,380,0.59,529.12,1745.86,4.1,2,0.0,0.0,0,Moderate-Spender
CUST-BD-02251,219,1.36,230.79,8186.52,5.0,1,0.0,0.0,0,Moderate-Spender
CUST-BD-02252,31,1.19,754.4,2197.23,3.95,2,0.0,0.0,0,Moderate-Spender
CUST-BD-02253,25,2.43,884.5,5632.54,3.8499999999999996,4,5.0,0.25,1,High-Value
CUST-BD-02254,3,5.51,6429.51,48346.29,4.177777777777778,18,4.722222222222222,0.16666666666666666,2,VIP-Platinum
CUST-BD-02255,365,0.69,181.05,3748.59,3.7,1,0.0,0.0,0,Moderate-Spender
CUST-BD-02256,72,1.73,1036.5900000000001,15407.1,4.12,5,3.0,0.2,0,Moderate-Spender
CUST-BD-02257,252,0.61,318.6,2734.42,3.2,1,0.0,0.0,0,Moderate-Spender
CUST-BD-02258,70,1.55,730.66,20113.3,4.220000000000001,5,3.0,0.2,0,Moderate-Spender
CUST-BD-02259,285,0.48,936.3000000000001,3530.35,4.033333333333333,3,8.333333333333334,0.0,3,Low-Engagement
CUST-BD-02260,5,1.54,2615.9700000000003,7662.87,4.144444444444444,9,1.6666666666666667,0.0,1,High-Value
CUST-BD-02261,0,2.93,2581.13,5961.85,4.25,12,4.583333333333333,0.0,1,High-Value
CUST-BD-02262,3,2.49,4947.62,28698.56,4.0625,16,3.75,0.0,1,High-Value
CUST-BD-02263,12,4.94,4823.98,35829.78,3.964705882352941,17,3.235294117647059,0.058823529411764705,1,High-Value
CUST-BD-02264,232,0.32,231.42,2572.05,4.6,1,0.0,0.0,0,Moderate-Spender
CUST-BD-02265,238,0.84,563.04,2245.12,3.3,1,10.0,0.0,3,Low-Engagement
CUST-BD-02267,27,1.0,1017.95,6618.14,4.083333333333333,6,5.0,0.0,1,High-Value
CUST-BD-02268,77,0.46,857.34,1345.16,4.45,2,7.5,0.0,3,Low-Engagement
CUST-BD-02269,44,4.15,1674.8000000000002,45436.8,4.18,5,10.0,0.0,1,High-Value
CUST-BD-02270,1,1.73,9118.51,182518.07,4.053125,32,4.6875,0.125,2,VIP-Platinum
CUST-BD-02271,19,0.77,670.54,1180.04,4.025,4,11.25,0.0,3,Low-Engagement
CUST-BD-02272,167,0.72,1202.21,2409.73,4.075,4,2.5,0.25,0,Moderate-Spender
CUST-BD-02273,102,0.94,672.61,17656.96,4.233333333333333,3,3.3333333333333335,0.0,0,Moderate-Spender
CUST-BD-02274,14,1.77,4555.2300000000005,9821.4,3.9875,8,5.0,0.0,1,High-Value
CUST-BD-02275,281,0.82,1360.36,16903.14,4.233333333333333,3,3.3333333333333335,0.0,0,Moderate-Spender
CUST-BD-02277,2,1.61,3724.61,44344.48,4.0,14,6.428571428571429,0.14285714285714285,1,High-Value
CUST-BD-02278,4,4.94,906.3299999999999,8170.16,4.133333333333334,6,7.5,0.0,1,High-Value
CUST-BD-02279,18,1.12,641.7,5503.18,4.9,2,5.0,0.5,1,High-Value
CUST-BD-02280,63,0.8,672.96,2129.34,4.35,2,7.5,0.5,3,Low-Engagement
CUST-BD-02281,15,1.89,2190.83,29811.34,4.0928571428571425,14,5.357142857142857,0.14285714285714285,1,High-Value
CUST-BD-02282,149,0.6,774.29,3404.93,3.8000000000000003,3,1.6666666666666667,0.0,0,Moderate-Spender
CUST-BD-02283,12,2.81,4899.6,29208.57,4.3625,16,9.0625,0.125,1,High-Value
CUST-BD-02284,17,1.83,1439.29,9617.73,3.66,5,7.0,0.2,1,High-Value
CUST-BD-02285,7,7.47,2853.65,75916.54,4.1625,8,0.625,0.0,1,High-Value
CUST-BD-02286,3,3.62,3567.95,31404.49,4.207692307692308,13,5.769230769230769,0.15384615384615385,1,High-Value
CUST-BD-02287,0,3.86,4600.8,39390.6,4.125,8,3.125,0.0,1,High-Value
CUST-BD-02288,24,1.46,1644.68,3367.86,4.15,2,2.5,0.0,0,Moderate-Spender
CUST-BD-02289,14,1.93,2689.81,10372.34,4.033333333333333,6,1.6666666666666667,0.0,1,High-Value
CUST-BD-02290,286,0.49,724.98,867.03,3.8,1,5.0,0.0,0,Moderate-Spender
CUST-BD-02291,133,0.89,1830.11,8618.72,4.3,5,1.0,0.0,0,Moderate-Spender
CUST-BD-02292,19,4.42,359.86,13474.0,4.1,2,10.0,0.0,3,Low-Engagement
CUST-BD-02293,75,2.01,1504.74,9037.78,3.8333333333333335,3,5.0,0.0,1,High-Value
CUST-BD-02294,17,4.32,831.02,16771.26,3.84,5,0.0,0.0,1,High-Value
CUST-BD-02295,139,0.6,1996.6,3079.8,4.25,2,10.0,0.0,3,Low-Engagement
CUST-BD-02296,228,6.02,45.4,3016.96,4.7,1,0.0,0.0,0,Moderate-Spender
CUST-BD-02298,111,3.01,932.37,12777.8,3.8,2,2.5,0.0,0,Moderate-Spender
CUST-BD-02299,60,1.63,1599.6,7817.46,3.6833333333333336,6,5.833333333333333,0.16666666666666666,1,High-Value
CUST-BD-02300,15,3.5,4582.74,26402.76,4.158333333333333,12,4.166666666666667,0.08333333333333333,1,High-Value
CUST-BD-02301,242,1.5,307.65,3149.05,4.8,1,0.0,0.0,0,Moderate-Spender
CUST-BD-02302,26,2.44,4052.22,39886.01,3.8230769230769233,13,5.0,0.0,1,High-Value
CUST-BD-02303,3,10.29,1684.09,140414.57,3.925,8,4.375,0.125,2,VIP-Platinum
CUST-BD-02304,87,0.7,1067.3,1662.44,4.3,2,0.0,0.0,0,Moderate-Spender
CUST-BD-02305,46,2.53,1340.99,6391.19,3.4333333333333336,3,1.6666666666666667,0.0,1,High-Value
CUST-BD-02307,52,6.97,643.05,71675.35,3.8333333333333335,3,5.0,0.0,1,High-Value
CUST-BD-02308,23,2.02,657.69,21165.79,3.875,4,3.75,0.25,1,High-Value
CUST-BD-02309,333,0.3,91.88,4110.92,3.8,1,5.0,0.0,0,Moderate-Spender
CUST-BD-02310,115,0.59,411.24,8401.16,4.3,2,5.0,0.0,0,Moderate-Spender
CUST-BD-02311,37,1.58,2066.32,19153.82,4.316666666666666,6,1.6666666666666667,0.0,1,High-Value
CUST-BD-02312,171,0.7,405.16999999999996,5004.26,4.1,2,5.0,0.0,0,Moderate-Spender
CUST-BD-02313,102,1.45,655.29,2634.1,3.466666666666667,3,0.0,0.0,0,Moderate-Spender
CUST-BD-02314,1,5.98,3372.16,28426.93,4.08,10,4.0,0.0,1,High-Value
CUST-BD-02316,318,6.09,1018.48,6105.99,3.45,2,12.5,0.0,3,Low-Engagement
CUST-BD-02317,5,1.32,4569.67,14184.76,3.7875,8,4.375,0.25,1,High-Value
CUST-BD-02318,106,0.6,171.15,1735.92,4.1,2,2.5,0.0,0,Moderate-Spender
CUST-BD-02319,3,0.38,1705.54,3064.37,4.1,4,11.25,0.0,3,Low-Engagement
CUST-BD-02320,307,0.3,564.21,2935.95,4.5,1,15.0,0.0,3,Low-Engagement
CUST-BD-02321,3,3.14,6892.72,104759.16,4.22,25,4.0,0.0,2,VIP-Platinum
CUST-BD-02322,139,2.79,1558.99,10883.68,4.05,4,5.0,0.0,0,Moderate-Spender
CUST-BD-02323,396,1.05,250.69,3441.17,3.8,2,10.0,0.0,3,Low-Engagement
CUST-BD-02324,2,1.97,6260.46,53039.09,4.2125,16,5.9375,0.0625,1,High-Value
CUST-BD-02325,80,0.7399999999999999,832.09,1079.99,4.0,3,8.333333333333334,0.0,3,Low-Engagement
CUST-BD-02326,217,1.09,209.0,2432.87,4.85,2,10.0,0.0,3,Low-Engagement
CUST-BD-02327,359,0.23,247.57,1945.35,4.0,2,5.0,0.0,0,Moderate-Spender
CUST-BD-02328,35,8.48,1884.47,39323.63,3.922222222222222,9,1.6666666666666667,0.0,1,High-Value
CUST-BD-02329,62,2.85,338.39,8569.6,3.9333333333333336,3,6.666666666666667,0.0,1,High-Value
CUST-BD-02330,49,2.5,331.17,23640.29,3.3,1,0.0,0.0,0,Moderate-Spender
CUST-BD-02331,59,1.36,229.23,2399.67,4.3,1,10.0,0.0,3,Low-Engagement
CUST-BD-02332,55,1.04,914.15,63261.45,4.225,4,2.5,0.0,1,High-Value
CUST-BD-02333,8,2.84,3418.51,19767.65,4.144444444444444,9,1.6666666666666667,0.0,1,High-Value
CUST-BD-02334,97,3.2000000000000006,1049.9199999999998,9294.8,4.366666666666666,6,5.833333333333333,0.0,1,High-Value
CUST-BD-02336,325,2.41,844.28,13930.82,4.1,2,2.5,0.0,0,Moderate-Spender
CUST-BD-02337,156,1.55,477.48,1227.9,4.800000000000001,2,7.5,0.0,3,Low-Engagement
CUST-BD-02338,373,1.03,315.24,896.72,4.0,2,7.5,0.0,3,Low-Engagement
CUST-BD-02339,21,1.39,1862.0700000000002,7557.45,4.016666666666667,6,5.833333333333333,0.0,1,High-Value
CUST-BD-02340,217,2.2,396.53999999999996,15402.93,4.300000000000001,2,0.0,0.0,0,Moderate-Spender
CUST-BD-02341,12,1.28,3588.57,21531.15,4.223076923076923,13,1.9230769230769231,0.07692307692307693,1,High-Value
CUST-BD-02342,244,0.92,242.29000000000002,2931.86,3.95,2,7.5,0.0,3,Low-Engagement
CUST-BD-02343,99,1.06,166.03,1695.37,3.2,1,10.0,0.0,3,Low-Engagement
CUST-BD-02344,6,1.74,2378.5,3842.77,4.05,6,5.833333333333333,0.16666666666666666,1,High-Value
CUST-BD-02345,43,3.03,3303.8,18339.62,3.8833333333333333,6,2.5,0.0,1,High-Value
CUST-BD-02346,6,1.86,1187.4199999999998,16240.6,3.96,5,1.0,0.0,1,High-Value
CUST-BD-02347,34,1.73,1680.26,10740.25,3.8,2,0.0,0.0,0,Moderate-Spender
CUST-BD-02348,105,1.92,322.08000000000004,2565.17,3.8499999999999996,2,7.5,0.0,3,Low-Engagement
CUST-BD-02349,232,0.94,550.45,9712.15,4.133333333333334,3,8.333333333333334,0.0,3,Low-Engagement
CUST-BD-02350,1,12.0,6862.51,51127.95,3.9481481481481477,27,4.814814814814815,0.07407407407407407,2,VIP-Platinum
CUST-BD-02351,385,1.44,962.5,5473.37,3.75,2,0.0,0.0,0,Moderate-Spender
CUST-BD-02352,27,2.55,2212.42,10355.62,4.2,7,3.5714285714285716,0.0,1,High-Value
CUST-BD-02353,72,0.56,114.24,3105.81,4.0,1,0.0,0.0,0,Moderate-Spender
CUST-BD-02354,96,0.85,946.28,1853.36,4.1000000000000005,3,11.666666666666666,0.0,3,Low-Engagement
CUST-BD-02355,20,2.06,4938.23,45653.15,4.107692307692307,13,6.153846153846154,0.0,1,High-Value
CUST-BD-02356,8,1.17,1165.67,21867.28,4.18,5,7.0,0.0,1,High-Value
CUST-BD-02357,116,0.75,106.4,2762.86,5.0,1,0.0,0.0,0,Moderate-Spender
CUST-BD-02358,47,0.9800000000000001,489.55,13656.75,4.04,5,11.0,0.0,3,Low-Engagement
CUST-BD-02361,3,4.58,5584.51,65485.84,4.45,14,5.357142857142857,0.07142857142857142,1,High-Value
CUST-BD-02363,28,5.36,457.5,13330.98,4.0,4,2.5,0.0,1,High-Value
CUST-BD-02364,139,0.9099999999999999,1625.79,12698.91,4.1,5,1.0,0.2,0,Moderate-Spender
CUST-BD-02365,12,2.0,5396.74,58803.42,4.466666666666667,15,3.6666666666666665,0.0,1,High-Value
CUST-BD-02366,229,0.68,628.78,1929.46,4.35,2,2.5,0.0,0,Moderate-Spender
CUST-BD-02367,200,2.52,619.23,15123.14,3.6666666666666665,3,5.0,0.3333333333333333,0,Moderate-Spender
CUST-BD-02368,322,0.67,1484.31,9921.98,4.45,2,5.0,0.0,0,Moderate-Spender
CUST-BD-02369,193,1.27,887.73,3100.81,4.1,1,10.0,0.0,3,Low-Engagement
CUST-BD-02370,160,1.0,413.83,1218.96,5.0,1,15.0,0.0,3,Low-Engagement
CUST-BD-02371,6,0.64,1556.73,9242.4,4.066666666666666,3,3.3333333333333335,0.3333333333333333,1,High-Value
CUST-BD-02372,111,0.77,1981.68,3628.3,4.0,6,7.5,0.16666666666666666,3,Low-Engagement
CUST-BD-02373,3,3.2300000000000004,9302.9,63530.56,4.026086956521739,23,4.565217391304348,0.08695652173913043,2,VIP-Platinum
CUST-BD-02374,152,1.25,1364.5,6117.52,4.075,4,5.0,0.0,0,Moderate-Spender
CUST-BD-02375,31,2.72,4330.11,15299.01,4.322222222222222,9,4.444444444444445,0.1111111111111111,1,High-Value
CUST-BD-02376,105,1.12,811.11,2206.3,3.3,1,0.0,0.0,0,Moderate-Spender
CUST-BD-02377,134,0.73,252.84,6575.27,4.3,1,0.0,0.0,0,Moderate-Spender
CUST-BD-02378,199,1.32,1017.45,7997.91,4.2,3,3.3333333333333335,0.0,0,Moderate-Spender
CUST-BD-02380,181,1.04,544.5799999999999,9304.2,3.55,2,7.5,0.5,3,Low-Engagement
CUST-BD-02381,3,3.99,4159.54,27743.03,4.006666666666667,15,4.333333333333333,0.0,1,High-Value
CUST-BD-02382,109,2.46,612.71,15000.25,4.566666666666666,3,5.0,0.0,0,Moderate-Spender
CUST-BD-02383,1,3.73,5180.35,13945.09,4.013333333333333,15,3.6666666666666665,0.0,1,High-Value
CUST-BD-02385,29,1.01,1723.75,15184.66,3.6875,8,7.5,0.0,1,High-Value
CUST-BD-02386,23,2.39,2008.63,20671.26,4.2,8,3.125,0.0,1,High-Value
CUST-BD-02387,5,3.02,1913.3000000000002,9423.14,4.0625,8,1.875,0.25,1,High-Value
CUST-BD-02388,7,1.6499999999999997,2505.95,14816.3,3.9166666666666665,6,5.833333333333333,0.0,1,High-Value
CUST-BD-02389,36,0.82,2116.5,19251.3,4.133333333333334,3,3.3333333333333335,0.0,1,High-Value
CUST-BD-02390,6,3.42,2027.61,33146.02,4.508333333333334,12,7.5,0.08333333333333333,1,High-Value
CUST-BD-02391,223,1.71,150.25,1480.48,3.95,2,5.0,0.0,0,Moderate-Spender
CUST-BD-02392,342,0.43,414.96000000000004,1419.66,4.3,2,7.5,0.0,3,Low-Engagement
CUST-BD-02393,208,0.62,580.55,1939.83,3.75,2,10.0,0.0,3,Low-Engagement
CUST-BD-02394,174,0.77,651.9399999999999,2864.75,4.35,2,5.0,0.0,0,Moderate-Spender
CUST-BD-02395,18,3.09,2633.9900000000002,9976.17,4.328571428571428,7,2.857142857142857,0.0,1,High-Value
CUST-BD-02396,56,1.27,1953.12,8200.92,4.36,5,5.0,0.4,1,High-Value
CUST-BD-02397,128,0.97,25.84,3755.06,3.0,1,15.0,0.0,3,Low-Engagement
CUST-BD-02398,11,7.31,4950.08,26541.51,4.064285714285714,14,2.5,0.07142857142857142,1,High-Value
CUST-BD-02399,24,1.51,1586.74,24453.83,3.957142857142857,7,3.5714285714285716,0.0,1,High-Value
CUST-BD-02400,24,0.8299999999999998,791.66,19327.38,4.12,5,7.0,0.0,1,High-Value
CUST-BD-02401,43,1.61,1040.74,15305.79,4.375,4,6.25,0.0,1,High-Value
CUST-BD-02402,134,1.28,1087.72,1198.74,4.25,4,7.5,0.25,3,Low-Engagement
CUST-BD-02403,55,2.04,1284.6399999999999,4950.02,3.6999999999999997,3,3.3333333333333335,0.0,1,High-Value
CUST-BD-02404,183,3.06,176.56,5659.04,3.8,1,15.0,0.0,3,Low-Engagement
CUST-BD-02405,156,0.29,610.0,2454.48,4.35,2,0.0,0.0,0,Moderate-Spender
CUST-BD-02406,0,4.11,5575.98,70981.23,4.15,20,5.75,0.15,2,VIP-Platinum
CUST-BD-02407,2,0.36,1464.32,26214.76,3.84,5,7.0,0.0,1,High-Value
CUST-BD-02409,232,3.27,87.24,34661.36,4.3,1,0.0,0.0,0,Moderate-Spender
CUST-BD-02410,17,1.42,1117.87,12414.56,4.05,8,9.375,0.0,1,High-Value
CUST-BD-02411,374,0.21,439.92,4863.25,4.2,1,0.0,0.0,0,Moderate-Spender
CUST-BD-02412,8,0.66,959.6800000000001,1774.59,4.0,2,0.0,0.5,0,Moderate-Spender
CUST-BD-02414,118,2.13,1510.85,9140.4,4.0200000000000005,5,1.0,0.0,0,Moderate-Spender
CUST-BD-02415,147,2.06,59.82,2319.16,3.6,1,15.0,0.0,3,Low-Engagement
CUST-BD-02416,224,0.63,781.27,11789.52,4.35,2,7.5,0.0,3,Low-Engagement
CUST-BD-02417,3,10.39,1799.1399999999999,34990.91,3.8166666666666664,6,1.6666666666666667,0.0,1,High-Value
CUST-BD-02418,29,1.12,2111.3,19004.25,4.083333333333333,6,5.0,0.0,1,High-Value
CUST-BD-02419,29,1.12,984.76,19622.64,4.3999999999999995,6,4.166666666666667,0.0,1,High-Value
CUST-BD-02420,2,1.6700000000000002,4643.4,22188.99,4.076923076923077,13,3.8461538461538463,0.0,1,High-Value
CUST-BD-02421,354,2.55,1418.3899999999999,11989.36,3.4,3,1.6666666666666667,0.0,0,Moderate-Spender
CUST-BD-02422,25,0.38,99.52,4231.95,3.8,2,10.0,0.0,3,Low-Engagement
CUST-BD-02423,25,2.96,2214.48,6289.69,3.78,5,4.0,0.0,1,High-Value
CUST-BD-02425,74,1.8800000000000001,1595.16,21627.74,4.1571428571428575,7,0.7142857142857143,0.0,0,Moderate-Spender
CUST-BD-02426,13,5.989999999999999,636.51,117430.28,4.1499999999999995,6,4.166666666666667,0.0,1,High-Value
CUST-BD-02427,61,0.42,203.33999999999997,7151.34,4.4,2,7.5,0.0,3,Low-Engagement
CUST-BD-02428,39,1.03,629.35,1987.63,4.3,3,6.666666666666667,0.3333333333333333,3,Low-Engagement
CUST-BD-02429,295,0.56,316.92,4026.07,3.4,1,5.0,0.0,0,Moderate-Spender
CUST-BD-02430,7,5.17,2456.2,41373.44,3.8199999999999994,10,3.0,0.0,1,High-Value
CUST-BD-02432,7,2.86,6834.6,24304.93,3.9705882352941178,17,3.5294117647058822,0.058823529411764705,1,High-Value
CUST-BD-02433,125,1.53,2168.0099999999998,8456.48,3.5833333333333335,6,3.3333333333333335,0.0,0,Moderate-Spender
CUST-BD-02434,1,3.7599999999999993,8913.9,66084.66,4.1049999999999995,20,5.75,0.0,2,VIP-Platinum
CUST-BD-02435,38,1.03,47.63,4263.09,3.4,1,0.0,0.0,0,Moderate-Spender
CUST-BD-02436,120,0.36,29.26,1717.95,4.9,1,5.0,0.0,0,Moderate-Spender
CUST-BD-02437,162,0.51,73.53,3823.08,3.7,1,5.0,0.0,0,Moderate-Spender
CUST-BD-02438,297,0.5,39.61,2004.65,4.3,1,0.0,0.0,0,Moderate-Spender
CUST-BD-02439,33,1.55,1023.37,6924.83,4.333333333333333,3,5.0,0.0,1,High-Value
CUST-BD-02440,215,0.61,283.16,5176.01,5.0,1,5.0,0.0,0,Moderate-Spender
CUST-BD-02441,211,2.39,1068.65,19096.24,4.266666666666667,3,5.0,0.0,0,Moderate-Spender
CUST-BD-02442,44,1.6200000000000003,1059.96,17967.38,3.6399999999999997,5,10.0,0.0,3,Low-Engagement
CUST-BD-02443,32,0.61,1647.48,2371.73,4.325,4,0.0,0.0,0,Moderate-Spender
CUST-BD-02444,29,0.75,932.91,14734.64,4.566666666666666,3,3.3333333333333335,0.0,0,Moderate-Spender
CUST-BD-02445,3,1.18,4614.14,88247.82,3.6214285714285714,14,1.4285714285714286,0.0,1,High-Value
CUST-BD-02446,1,5.27,9290.68,125696.72,4.0027027027027025,37,4.864864864864865,0.08108108108108109,2,VIP-Platinum
CUST-BD-02447,114,1.45,413.12,6642.32,4.300000000000001,2,5.0,0.0,0,Moderate-Spender
CUST-BD-02448,216,0.46,1410.4,5308.23,4.3,1,0.0,0.0,0,Moderate-Spender
CUST-BD-02449,1,6.87,10306.32,63194.68,4.090322580645161,31,6.129032258064516,0.03225806451612903,2,VIP-Platinum
CUST-BD-02450,156,12.0,1938.32,93329.87,4.033333333333333,3,5.0,0.0,1,High-Value
CUST-BD-02451,31,7.690000000000001,2277.08,26341.45,4.155555555555555,9,7.777777777777778,0.0,1,High-Value
CUST-BD-02452,78,1.68,777.51,2299.07,4.3,3,8.333333333333334,0.0,3,Low-Engagement
CUST-BD-02453,92,1.71,1688.07,12219.83,4.125,4,1.25,0.0,0,Moderate-Spender
CUST-BD-02454,1,4.71,1893.14,128896.86,4.133333333333334,12,3.75,0.16666666666666666,1,High-Value
CUST-BD-02455,26,1.89,1014.56,13328.26,4.1,7,5.0,0.0,1,High-Value
CUST-BD-02456,125,1.03,388.13,14794.74,3.8666666666666667,3,0.0,0.0,0,Moderate-Spender
CUST-BD-02457,0,7.22,10832.75,86656.0,4.088235294117647,34,5.294117647058823,0.11764705882352941,2,VIP-Platinum
CUST-BD-02458,3,3.48,3982.43,39973.51,4.0,11,2.727272727272727,0.09090909090909091,1,High-Value
CUST-BD-02460,91,0.88,1757.0700000000002,2592.16,4.3,4,5.0,0.0,0,Moderate-Spender
CUST-BD-02461,11,0.9499999999999998,4878.78,43699.99,3.6999999999999997,9,3.888888888888889,0.1111111111111111,1,High-Value
CUST-BD-02462,137,0.83,757.3700000000001,6187.12,4.05,2,7.5,0.0,3,Low-Engagement
CUST-BD-02463,18,0.53,1701.51,6649.79,4.033333333333333,9,3.888888888888889,0.0,1,High-Value
CUST-BD-02464,195,0.83,783.12,2513.11,4.15,2,15.0,0.5,3,Low-Engagement
CUST-BD-02465,67,0.42,805.45,3617.33,4.35,2,2.5,0.0,0,Moderate-Spender
CUST-BD-02466,7,3.32,2214.77,23711.13,4.257142857142857,7,11.428571428571429,0.0,1,High-Value
CUST-BD-02467,8,6.47,3398.9,26028.92,4.2,12,5.416666666666667,0.08333333333333333,1,High-Value
CUST-BD-02468,49,1.64,1552.92,4753.46,4.333333333333333,6,2.5,0.0,1,High-Value
CUST-BD-02470,96,0.45,24.1,4893.31,4.2,1,0.0,0.0,0,Moderate-Spender
CUST-BD-02471,38,1.33,784.8399999999999,1873.67,4.15,2,0.0,0.0,0,Moderate-Spender
CUST-BD-02472,7,9.02,10584.64,141918.73,4.003571428571428,28,4.821428571428571,0.0,2,VIP-Platinum
CUST-BD-02473,2,1.21,193.91,36039.54,3.95,2,7.5,0.0,1,High-Value
CUST-BD-02474,1,3.44,11631.5,95591.65,4.105714285714285,35,4.714285714285714,0.02857142857142857,2,VIP-Platinum
CUST-BD-02475,2,2.61,3468.05,30522.15,4.11,10,7.0,0.1,1,High-Value
CUST-BD-02476,3,1.51,1842.16,14599.83,3.7142857142857144,7,5.0,0.0,1,High-Value
CUST-BD-02477,31,0.39,692.19,2785.16,4.2,2,0.0,0.0,0,Moderate-Spender
CUST-BD-02478,0,4.67,2811.2599999999998,110722.43,3.9200000000000004,10,8.5,0.0,1,High-Value
CUST-BD-02479,91,0.51,1643.53,2242.91,4.16,5,1.0,0.4,0,Moderate-Spender
CUST-BD-02480,0,2.86,3941.51,29996.07,4.025,16,4.375,0.0,1,High-Value
CUST-BD-02481,67,1.44,1849.73,6020.9,4.35,8,4.375,0.0,1,High-Value
CUST-BD-02483,1,1.63,2051.3,5894.64,3.1,6,3.3333333333333335,0.16666666666666666,1,High-Value
CUST-BD-02484,237,0.87,695.0600000000001,1531.14,4.65,2,7.5,0.0,3,Low-Engagement
CUST-BD-02485,49,1.83,1290.44,5361.16,4.4,4,3.75,0.0,1,High-Value
CUST-BD-02486,28,1.44,498.42999999999995,9044.93,3.8,5,5.0,0.0,1,High-Value
CUST-BD-02487,279,1.02,1727.83,2539.2,3.9499999999999997,2,15.0,0.0,3,Low-Engagement
CUST-BD-02488,9,0.3499999999999999,2531.3700000000003,5686.38,4.416666666666667,6,5.833333333333333,0.0,1,High-Value
CUST-BD-02489,172,1.31,177.26999999999998,9375.52,3.9,2,2.5,0.0,0,Moderate-Spender
CUST-BD-02490,1,2.3399999999999994,3776.21,38566.57,3.82,15,5.0,0.06666666666666667,1,High-Value
CUST-BD-02491,25,3.42,1700.07,13650.22,4.2,6,6.666666666666667,0.0,1,High-Value
CUST-BD-02492,66,1.13,1889.9099999999999,6974.27,3.45,4,5.0,0.5,1,High-Value
CUST-BD-02493,3,8.11,7323.96,280526.06,4.145833333333333,24,3.3333333333333335,0.0,2,VIP-Platinum
CUST-BD-02494,65,1.04,286.14,1634.13,4.25,2,5.0,0.0,0,Moderate-Spender
CUST-BD-02495,201,0.33,337.39,3824.19,3.5,1,10.0,0.0,3,Low-Engagement
CUST-BD-02497,0,1.58,6571.62,39464.94,4.082352941176471,17,5.294117647058823,0.0,1,High-Value
CUST-BD-02498,64,0.91,942.5799999999999,1549.46,4.5,3,5.0,0.0,0,Moderate-Spender
CUST-BD-02499,212,2.48,1529.13,11181.89,4.1,4,10.0,0.0,3,Low-Engagement
CUST-BD-02500,39,1.03,967.26,8442.7,4.32,5,1.0,0.2,0,Moderate-Spender
CUST-BD-02501,143,0.27,151.96,3258.9,3.6,1,10.0,0.0,3,Low-Engagement
CUST-BD-02502,92,1.52,306.18,16524.78,4.3,2,0.0,0.0,0,Moderate-Spender
CUST-BD-02503,69,0.85,1154.3600000000001,11985.69,3.875,4,10.0,0.0,3,Low-Engagement
CUST-BD-02504,22,0.71,2125.09,6899.57,4.266666666666667,6,5.833333333333333,0.16666666666666666,1,High-Value
CUST-BD-02505,1,3.54,5190.4,60794.44,4.038888888888889,18,3.888888888888889,0.1111111111111111,1,High-Value
CUST-BD-02506,18,2.73,1785.91,7132.86,4.083333333333333,6,8.333333333333334,0.0,1,High-Value
CUST-BD-02507,253,0.87,428.11,1681.79,4.466666666666667,3,3.3333333333333335,0.0,0,Moderate-Spender
CUST-BD-02508,29,0.73,1010.88,6108.96,4.066666666666666,3,11.666666666666666,0.3333333333333333,3,Low-Engagement
CUST-BD-02509,177,0.65,328.13,1939.57,4.300000000000001,2,5.0,0.0,0,Moderate-Spender
CUST-BD-02510,15,4.65,3149.03,29312.07,3.9583333333333335,12,2.5,0.08333333333333333,1,High-Value
CUST-BD-02511,231,0.65,1244.32,2981.07,4.05,4,8.75,0.0,3,Low-Engagement
CUST-BD-02512,4,1.91,1460.62,4884.93,4.45,4,3.75,0.0,1,High-Value
CUST-BD-02513,172,1.26,957.0,8345.13,4.1,1,0.0,0.0,0,Moderate-Spender
CUST-BD-02515,29,1.11,1751.3700000000001,14216.97,4.457142857142857,7,5.714285714285714,0.0,1,High-Value
CUST-BD-02516,298,0.98,316.7,2997.6,3.5,1,15.0,0.0,3,Low-Engagement
CUST-BD-02517,35,2.32,3002.22,5931.01,3.69,10,5.0,0.1,1,High-Value
CUST-BD-02519,261,1.06,697.3199999999999,2422.69,3.95,2,5.0,0.0,0,Moderate-Spender
CUST-BD-02520,188,0.32,889.4399999999999,4023.68,4.3,2,2.5,0.5,0,Moderate-Spender
CUST-BD-02521,25,1.46,540.4300000000001,7464.92,4.375,4,2.5,0.25,0,Moderate-Spender
CUST-BD-02522,24,0.76,2648.44,15676.49,4.557142857142857,7,4.285714285714286,0.0,1,High-Value
CUST-BD-02523,101,0.86,1361.0,18483.64,4.1,4,3.75,0.25,0,Moderate-Spender
CUST-BD-02524,229,0.33,429.93,2605.55,4.166666666666667,3,6.666666666666667,0.0,3,Low-Engagement
CUST-BD-02525,41,0.49,700.3299999999999,8802.14,4.199999999999999,2,15.0,0.0,3,Low-Engagement
CUST-BD-02526,11,2.25,3363.74,14772.71,4.066666666666666,6,4.166666666666667,0.0,1,High-Value
CUST-BD-02527,9,3.07,4235.32,100789.15,4.1899999999999995,10,8.0,0.0,1,High-Value
CUST-BD-02528,36,1.16,1603.67,49949.12,3.6666666666666665,6,3.3333333333333335,0.16666666666666666,1,High-Value
CUST-BD-02530,92,0.52,401.7,21952.64,3.8666666666666667,3,0.0,0.0,0,Moderate-Spender
CUST-BD-02531,124,2.19,778.37,14994.74,4.24,5,9.0,0.2,3,Low-Engagement
CUST-BD-02532,123,0.93,510.38,40503.59,4.333333333333333,3,10.0,0.0,3,Low-Engagement
CUST-BD-02533,65,0.47,1010.1,1681.65,4.333333333333333,3,0.0,0.0,0,Moderate-Spender
CUST-BD-02534,218,1.53,310.71,6443.76,4.333333333333333,3,1.6666666666666667,0.0,0,Moderate-Spender
CUST-BD-02535,179,0.89,731.19,1328.98,4.65,2,7.5,0.0,3,Low-Engagement
CUST-BD-02537,113,0.68,1535.54,3349.2,3.8000000000000003,3,0.0,0.0,0,Moderate-Spender
CUST-BD-02538,399,1.56,448.54,1106.04,3.9,1,0.0,0.0,0,Moderate-Spender
CUST-BD-02539,302,2.12,330.0,1329.39,4.6,1,0.0,0.0,0,Moderate-Spender
CUST-BD-02541,381,0.66,942.21,5108.61,3.8499999999999996,2,0.0,0.0,0,Moderate-Spender
CUST-BD-02543,70,0.5,328.25,3393.28,3.8666666666666667,3,8.333333333333334,0.0,3,Low-Engagement
CUST-BD-02544,98,0.86,282.34,2503.65,4.3,1,15.0,0.0,3,Low-Engagement
CUST-BD-02545,9,6.44,4165.33,61807.81,4.092857142857143,14,4.285714285714286,0.07142857142857142,1,High-Value
CUST-BD-02546,259,0.41,1584.79,8669.28,4.15,2,0.0,0.0,0,Moderate-Spender
CUST-BD-02547,262,0.64,390.6,2984.87,3.9,2,5.0,0.0,0,Moderate-Spender
CUST-BD-02548,389,1.59,40.7,2946.8,3.6,1,0.0,0.0,0,Moderate-Spender
CUST-BD-02549,30,1.99,2483.51,5483.35,3.855555555555556,9,7.777777777777778,0.0,1,High-Value
CUST-BD-02551,126,0.29,119.53,2084.54,3.8,1,5.0,0.0,0,Moderate-Spender
CUST-BD-02552,303,1.03,122.1,3030.99,4.7,1,0.0,0.0,0,Moderate-Spender
CUST-BD-02553,238,2.79,202.67,25303.67,3.25,2,5.0,0.0,0,Moderate-Spender
CUST-BD-02554,39,1.7900000000000003,1709.3700000000001,11791.01,4.3428571428571425,7,2.857142857142857,0.14285714285714285,1,High-Value
CUST-BD-02555,25,1.12,2277.48,10436.05,4.3125,8,5.0,0.0,1,High-Value
CUST-BD-02556,45,0.89,782.31,3011.01,4.2,1,15.0,0.0,3,Low-Engagement
CUST-BD-02557,252,0.4,100.13,2275.16,3.1,1,0.0,0.0,0,Moderate-Spender
CUST-BD-02558,16,1.6800000000000002,3155.47,34526.46,3.96,10,4.0,0.1,1,High-Value
CUST-BD-02559,73,2.49,1311.34,27315.12,3.95,4,7.5,0.0,1,High-Value
CUST-BD-02560,1,2.92,3027.8599999999997,9622.04,4.55,8,6.25,0.125,1,High-Value
CUST-BD-02561,11,2.13,2507.0,40956.6,4.08,10,3.0,0.1,1,High-Value
CUST-BD-02562,291,0.84,930.8599999999999,7470.2,4.166666666666667,3,5.0,0.0,0,Moderate-Spender
CUST-BD-02564,107,1.78,1042.25,6366.55,4.225,4,3.75,0.0,0,Moderate-Spender
CUST-BD-02565,301,0.37,496.05999999999995,2394.46,4.65,2,12.5,0.0,3,Low-Engagement
CUST-BD-02566,1,3.24,2470.15,19833.94,4.3999999999999995,6,7.5,0.0,1,High-Value
CUST-BD-02567,12,1.24,2470.82,6542.4,3.885714285714286,7,2.142857142857143,0.14285714285714285,1,High-Value
CUST-BD-02568,333,0.86,50.06,4208.14,4.8,1,15.0,0.0,3,Low-Engagement
CUST-BD-02569,9,0.47,1627.78,731.13,4.633333333333334,3,5.0,0.0,1,High-Value
CUST-BD-02571,107,2.31,1298.31,10395.6,3.3,5,4.0,0.2,1,High-Value
CUST-BD-02572,116,0.28,1822.06,10612.95,4.3999999999999995,3,1.6666666666666667,0.0,0,Moderate-Spender
CUST-BD-02573,313,0.48,1119.03,2728.01,3.8,2,5.0,0.0,0,Moderate-Spender
CUST-BD-02575,3,2.4,6802.72,69684.85,4.105555555555556,18,6.388888888888889,0.0,2,VIP-Platinum
CUST-BD-02576,28,5.17,2678.34,18238.54,3.9125,8,3.75,0.0,1,High-Value
CUST-BD-02577,74,1.15,832.0,1782.29,4.35,2,0.0,0.0,0,Moderate-Spender
CUST-BD-02578,18,2.37,1848.17,31131.07,4.216666666666667,6,7.5,0.0,1,High-Value
CUST-BD-02579,221,2.09,1423.43,15810.75,3.766666666666667,3,0.0,0.0,0,Moderate-Spender
CUST-BD-02580,135,0.66,751.89,1913.87,4.15,2,0.0,0.0,0,Moderate-Spender
CUST-BD-02581,263,1.06,262.42,2587.53,3.7,1,10.0,0.0,3,Low-Engagement
CUST-BD-02582,343,0.3,885.6800000000001,4700.05,4.35,2,0.0,0.0,0,Moderate-Spender
CUST-BD-02583,17,3.0899999999999994,4125.06,32388.02,4.133333333333334,15,3.6666666666666665,0.06666666666666667,1,High-Value
CUST-BD-02584,57,1.05,1759.2799999999997,11999.04,4.066666666666666,6,5.833333333333333,0.0,1,High-Value
CUST-BD-02585,77,0.66,394.07,8478.15,4.4,1,10.0,0.0,3,Low-Engagement
CUST-BD-02586,375,1.24,397.32,5216.17,4.2,1,0.0,0.0,0,Moderate-Spender
CUST-BD-02587,153,0.72,629.33,3409.68,4.3,2,12.5,0.0,3,Low-Engagement
CUST-BD-02588,13,1.61,1309.71,5284.01,4.166666666666667,6,7.5,0.0,1,High-Value
CUST-BD-02589,26,1.73,1050.34,28101.58,4.46,5,4.0,0.0,1,High-Value
CUST-BD-02590,25,3.53,2399.79,41729.64,3.8272727272727276,11,3.1818181818181817,0.0,1,High-Value
CUST-BD-02591,344,2.19,640.49,7284.86,3.3,1,5.0,0.0,0,Moderate-Spender
CUST-BD-02592,8,1.6,3641.65,14225.05,3.9285714285714284,14,6.071428571428571,0.0,1,High-Value
CUST-BD-02593,29,0.93,2797.45,2026.22,4.08,5,6.0,0.0,1,High-Value
CUST-BD-02594,63,0.6999999999999998,2024.63,12295.97,3.983333333333333,6,3.3333333333333335,0.0,1,High-Value
CUST-BD-02595,23,0.6900000000000001,2798.59,70133.93,3.8214285714285716,14,5.0,0.0,1,High-Value
CUST-BD-02596,136,2.07,517.5,1297.09,3.9000000000000004,2,2.5,0.0,0,Moderate-Spender
CUST-BD-02597,15,1.91,2835.8199999999997,21339.83,4.3,8,3.75,0.0,1,High-Value
CUST-BD-02598,2,4.69,8669.18,70502.9,4.155555555555556,27,6.666666666666667,0.037037037037037035,2,VIP-Platinum
CUST-BD-02599,77,0.57,142.25,6908.72,3.4,2,7.5,0.0,3,Low-Engagement
CUST-BD-02601,71,0.78,871.0400000000001,1417.92,4.2,2,5.0,0.0,0,Moderate-Spender
CUST-BD-02602,38,1.83,824.04,14128.29,4.46,5,8.0,0.4,1,High-Value
CUST-BD-02603,2,1.65,4196.94,26195.43,4.05,8,1.875,0.125,1,High-Value
CUST-BD-02604,73,0.55,683.55,2516.26,3.966666666666667,3,11.666666666666666,0.3333333333333333,3,Low-Engagement
CUST-BD-02605,83,0.86,477.36,3000.78,3.25,2,7.5,0.0,3,Low-Engagement
CUST-BD-02606,112,0.8,1306.18,1092.7,4.125,4,6.25,0.0,3,Low-Engagement
CUST-BD-02607,203,1.72,2051.2799999999997,15706.44,4.15,4,3.75,0.0,0,Moderate-Spender
CUST-BD-02608,5,4.86,7923.93,39686.86,4.006666666666667,15,3.6666666666666665,0.0,2,VIP-Platinum
CUST-BD-02609,3,1.51,3200.83,12480.74,4.21,10,4.5,0.0,1,High-Value
CUST-BD-02610,89,3.44,2274.67,10154.45,4.1,8,8.125,0.0,1,High-Value
CUST-BD-02611,50,1.36,2024.5600000000002,9357.22,3.85,6,2.5,0.16666666666666666,1,High-Value
CUST-BD-02612,32,2.34,1869.3,11360.93,4.185714285714286,7,2.142857142857143,0.0,1,High-Value
CUST-BD-02613,40,2.39,2184.25,11650.13,4.0875,8,2.5,0.125,1,High-Value
CUST-BD-02614,61,0.28,715.59,1231.44,4.366666666666667,3,10.0,0.3333333333333333,3,Low-Engagement
CUST-BD-02616,39,2.25,2465.0299999999997,23055.22,4.185714285714285,7,2.142857142857143,0.0,1,High-Value
CUST-BD-02617,137,0.92,525.33,11449.2,3.9,2,0.0,0.5,0,Moderate-Spender
CUST-BD-02618,30,0.55,367.26,5029.96,3.6999999999999997,3,5.0,0.0,0,Moderate-Spender
CUST-BD-02619,106,1.75,1476.24,8960.52,4.46,5,7.0,0.2,3,Low-Engagement
CUST-BD-02620,42,0.68,1337.37,12680.69,3.766666666666667,6,5.0,0.0,1,High-Value
CUST-BD-02621,111,0.71,117.82,671.36,4.9,2,5.0,0.0,0,Moderate-Spender
CUST-BD-02622,84,1.42,1241.63,3349.5,4.42,5,8.0,0.0,3,Low-Engagement
CUST-BD-02623,272,1.24,95.9,2461.92,4.1,1,0.0,0.0,0,Moderate-Spender
CUST-BD-02624,1,2.26,4136.360000000001,39213.78,4.0285714285714285,14,6.428571428571429,0.0,1,High-Value
CUST-BD-02625,15,3.08,910.5,21361.09,4.12,5,8.0,0.0,1,High-Value
CUST-BD-02626,12,3.96,1615.22,56601.9,3.875,8,7.5,0.0,1,High-Value
CUST-BD-02627,42,1.57,645.02,4231.97,3.7750000000000004,4,11.25,0.0,3,Low-Engagement
CUST-BD-02628,6,6.45,4294.9,74911.52,4.236363636363636,11,5.909090909090909,0.0,1,High-Value
CUST-BD-02631,14,2.13,3951.52,26690.85,4.09,10,2.5,0.0,1,High-Value
CUST-BD-02632,3,4.05,1125.97,178542.53,4.1571428571428575,7,3.5714285714285716,0.0,1,High-Value
CUST-BD-02633,27,1.46,2494.2,24560.48,3.6666666666666665,9,5.0,0.0,1,High-Value
CUST-BD-02634,1,2.93,10346.43,90872.61,4.240909090909091,22,4.7727272727272725,0.0,2,VIP-Platinum
CUST-BD-02635,13,3.28,1630.47,12096.03,4.32,5,6.0,0.0,1,High-Value
CUST-BD-02636,29,2.19,919.38,9510.4,4.033333333333333,3,6.666666666666667,0.0,1,High-Value
CUST-BD-02637,4,2.0,3345.51,19241.07,4.252941176470588,17,2.6470588235294117,0.0,1,High-Value
CUST-BD-02638,17,3.93,1069.73,9381.62,3.925,4,7.5,0.0,1,High-Value
CUST-BD-02639,9,1.5,7028.58,24262.92,3.86875,16,4.375,0.125,1,High-Value
CUST-BD-02640,37,4.5,2276.57,23746.9,4.0125,8,6.875,0.0,1,High-Value
CUST-BD-02641,127,1.03,2068.84,10301.15,3.5999999999999996,4,6.25,0.0,3,Low-Engagement
CUST-BD-02642,166,1.86,148.26,2807.35,3.3,1,0.0,0.0,0,Moderate-Spender
CUST-BD-02643,202,1.19,1319.12,7293.46,3.8499999999999996,4,6.25,0.0,3,Low-Engagement
CUST-BD-02644,13,2.74,2313.24,62019.05,4.175,8,8.125,0.0,1,High-Value
CUST-BD-02645,299,0.26,114.66,2739.92,3.3,1,10.0,0.0,3,Low-Engagement
CUST-BD-02647,122,1.14,2926.21,15375.17,4.266666666666667,6,3.3333333333333335,0.0,0,Moderate-Spender
CUST-BD-02648,6,4.17,4478.17,21035.02,4.1375,16,1.875,0.0,1,High-Value
CUST-BD-02649,99,1.6,950.29,7743.66,4.18,5,8.0,0.0,3,Low-Engagement
CUST-BD-02650,3,1.18,995.03,10855.44,4.1,2,12.5,0.0,3,Low-Engagement
CUST-BD-02651,148,0.21,458.41,4367.73,3.1,1,10.0,0.0,3,Low-Engagement
CUST-BD-02652,96,1.41,1767.59,9502.62,3.35,4,5.0,0.0,1,High-Value
CUST-BD-02653,34,2.76,1153.48,28936.04,4.54,5,3.0,0.0,1,High-Value
CUST-BD-02654,82,0.83,451.4,705.57,3.7,1,0.0,0.0,0,Moderate-Spender
CUST-BD-02655,78,2.28,1081.97,1649.02,4.15,2,5.0,0.0,0,Moderate-Spender
CUST-BD-02656,257,1.0,1247.96,928.64,4.2,2,0.0,0.0,0,Moderate-Spender
CUST-BD-02657,12,1.12,542.86,1078.33,4.0,3,3.3333333333333335,0.0,0,Moderate-Spender
CUST-BD-02658,51,1.35,1312.93,13699.48,3.9799999999999995,5,8.0,0.0,3,Low-Engagement
CUST-BD-02659,28,1.55,2704.01,256380.17,4.14,10,6.0,0.1,2,VIP-Platinum
CUST-BD-02660,43,1.37,357.11,12359.63,4.4,2,0.0,0.0,0,Moderate-Spender
CUST-BD-02662,70,1.56,510.68,6969.84,3.8,1,15.0,0.0,3,Low-Engagement
CUST-BD-02663,15,2.44,3223.66,18658.62,3.792307692307692,13,4.615384615384615,0.0,1,High-Value
CUST-BD-02664,310,0.28,321.2,8584.65,3.5,2,2.5,0.0,0,Moderate-Spender
CUST-BD-02666,339,1.48,257.81,3313.37,4.050000000000001,2,5.0,0.0,0,Moderate-Spender
CUST-BD-02667,4,5.0,8388.38,110080.48,4.0,26,7.3076923076923075,0.07692307692307693,2,VIP-Platinum
CUST-BD-02668,48,0.87,1516.81,8499.75,4.3428571428571425,7,3.5714285714285716,0.0,1,High-Value
CUST-BD-02670,258,0.44,50.57,6403.62,4.9,1,0.0,1.0,0,Moderate-Spender
CUST-BD-02671,269,0.36000000000000004,434.26,3119.55,4.033333333333334,3,1.6666666666666667,0.0,0,Moderate-Spender
CUST-BD-02672,6,6.56,6641.92,108856.09,3.728,25,4.8,0.0,2,VIP-Platinum
CUST-BD-02673,4,1.24,1606.9500000000003,16340.8,4.5,5,6.0,0.2,1,High-Value
CUST-BD-02674,123,2.42,1117.01,55741.08,3.9,4,5.0,0.25,1,High-Value
CUST-BD-02675,18,2.62,2145.57,137338.77,3.9181818181818184,11,3.1818181818181817,0.0,1,High-Value
CUST-BD-02676,14,1.7,3141.41,9100.4,3.9625,8,4.375,0.125,1,High-Value
CUST-BD-02677,134,0.73,90.3,4420.14,3.7,1,0.0,0.0,0,Moderate-Spender
CUST-BD-02678,330,0.86,1315.39,7300.5,4.2,2,2.5,0.0,0,Moderate-Spender
CUST-BD-02679,211,0.44,315.63,3789.94,4.6,1,10.0,0.0,3,Low-Engagement
CUST-BD-02680,0,9.84,1902.13,91293.4,4.3428571428571425,7,3.5714285714285716,0.0,1,High-Value
CUST-BD-02681,34,1.67,2111.7200000000003,25962.38,3.9000000000000004,8,13.125,0.0,3,Low-Engagement
CUST-BD-02682,13,1.64,1634.73,11670.56,4.066666666666666,6,2.5,0.0,1,High-Value
CUST-BD-02683,33,1.65,446.84999999999997,17662.69,4.075,4,6.25,0.25,1,High-Value
CUST-BD-02684,93,0.66,1391.79,4278.02,3.8499999999999996,2,2.5,0.0,0,Moderate-Spender
CUST-BD-02687,22,5.73,2459.2,26709.67,4.45,8,5.0,0.0,1,High-Value
CUST-BD-02689,321,1.15,543.44,3308.37,4.7,1,5.0,0.0,0,Moderate-Spender
CUST-BD-02690,8,0.48,1249.34,2483.74,3.9200000000000004,5,5.0,0.0,1,High-Value
CUST-BD-02691,19,1.24,1811.46,4626.78,4.1625,8,3.75,0.0,1,High-Value
CUST-BD-02692,1,1.72,3500.03,63234.12,3.857142857142857,7,5.714285714285714,0.0,1,High-Value
CUST-BD-02693,336,1.12,802.0,860.12,4.133333333333333,3,5.0,0.0,0,Moderate-Spender
CUST-BD-02694,2,2.37,2922.79,14753.4,4.161538461538462,13,3.4615384615384617,0.15384615384615385,1,High-Value
CUST-BD-02695,1,8.79,7568.8,166932.52,4.0576923076923075,26,5.1923076923076925,0.0,2,VIP-Platinum
CUST-BD-02696,57,0.79,655.34,3708.21,4.1,1,0.0,0.0,0,Moderate-Spender
CUST-BD-02697,1,7.22,5673.49,61886.06,4.075,24,5.416666666666667,0.041666666666666664,2,VIP-Platinum
CUST-BD-02698,17,2.0,4710.44,21935.66,4.15625,16,7.5,0.0,1,High-Value
CUST-BD-02699,5,2.59,4018.77,46066.21,4.04375,16,5.0,0.0625,1,High-Value
CUST-BD-02701,34,3.85,2851.4300000000003,22942.84,3.9299999999999997,10,5.0,0.1,1,High-Value
CUST-BD-02702,191,1.03,1021.98,19969.65,4.1,2,5.0,0.0,0,Moderate-Spender
CUST-BD-02703,78,0.34,901.03,3523.33,4.25,2,2.5,0.0,0,Moderate-Spender
CUST-BD-02704,4,0.9899999999999999,4128.05,78041.21,4.2250000000000005,12,2.9166666666666665,0.0,1,High-Value
CUST-BD-02706,2,5.38,4450.85,56909.53,4.45,10,4.0,0.0,1,High-Value
CUST-BD-02707,39,0.53,771.0699999999999,9592.02,4.766666666666667,3,0.0,0.0,0,Moderate-Spender
CUST-BD-02708,9,1.67,1718.56,15218.98,3.9800000000000004,5,2.0,0.0,1,High-Value
CUST-BD-02709,106,0.57,1549.5300000000002,3098.7,4.04,5,7.0,0.4,3,Low-Engagement
CUST-BD-02710,10,6.25,3601.44,58218.68,3.9153846153846152,13,4.230769230769231,0.07692307692307693,1,High-Value
CUST-BD-02712,0,4.32,2326.14,11268.83,3.744444444444445,9,2.2222222222222223,0.4444444444444444,1,High-Value
CUST-BD-02713,43,1.27,1924.83,7553.24,4.18,5,9.0,0.0,3,Low-Engagement
CUST-BD-02714,289,0.48,1027.02,2627.92,3.9,3,6.666666666666667,0.0,3,Low-Engagement
CUST-BD-02715,149,2.44,670.45,14551.85,4.7,1,0.0,0.0,0,Moderate-Spender
CUST-BD-02716,3,10.86,3218.65,155834.37,4.127777777777777,18,3.3333333333333335,0.0,2,VIP-Platinum
CUST-BD-02717,1,1.59,3005.06,48645.55,4.011111111111111,9,2.2222222222222223,0.1111111111111111,1,High-Value
CUST-BD-02719,361,0.41,66.13,4336.9,3.9,1,15.0,0.0,3,Low-Engagement
CUST-BD-02721,7,3.22,2727.96,74686.66,4.16,10,6.0,0.0,1,High-Value
CUST-BD-02722,290,0.93,191.47,5552.64,4.5,2,12.5,0.0,3,Low-Engagement
CUST-BD-02723,162,0.3,107.2,2484.89,4.0,1,0.0,0.0,0,Moderate-Spender
CUST-BD-02724,76,0.24,952.4300000000001,1694.65,4.65,4,6.25,0.0,3,Low-Engagement
CUST-BD-02725,4,4.57,7174.1,62567.66,4.062962962962963,27,5.0,0.0,2,VIP-Platinum
CUST-BD-02726,144,0.5,124.68,1296.79,3.7,1,0.0,0.0,0,Moderate-Spender
CUST-BD-02728,72,0.6999999999999998,652.9,2243.46,4.366666666666666,3,1.6666666666666667,0.0,0,Moderate-Spender
CUST-BD-02729,49,2.4,1318.23,7863.58,4.166666666666667,3,8.333333333333334,0.0,3,Low-Engagement
CUST-BD-02730,179,1.8,1405.5,4186.86,4.25,2,0.0,0.0,0,Moderate-Spender
CUST-BD-02731,3,7.58,4475.360000000001,26185.5,4.2153846153846155,13,5.0,0.0,1,High-Value
CUST-BD-02732,4,0.98,2445.95,11630.48,4.033333333333333,6,9.166666666666666,0.16666666666666666,1,High-Value
CUST-BD-02733,314,0.67,49.47,2039.74,5.0,1,15.0,0.0,3,Low-Engagement
CUST-BD-02734,4,0.68,1785.52,6429.81,4.314285714285714,7,2.857142857142857,0.0,1,High-Value
CUST-BD-02735,98,1.09,1319.84,595.46,3.4,4,11.25,0.0,3,Low-Engagement
CUST-BD-02737,1,9.7,10526.3,92768.59,4.037931034482758,29,4.482758620689655,0.034482758620689655,2,VIP-Platinum
CUST-BD-02738,31,1.49,3370.07,13333.98,3.3833333333333333,6,7.5,0.0,1,High-Value
CUST-BD-02739,2,1.41,1619.42,39010.87,4.1899999999999995,10,6.0,0.0,1,High-Value
CUST-BD-02740,51,0.67,485.79999999999995,3369.32,3.733333333333333,3,1.6666666666666667,0.3333333333333333,0,Moderate-Spender
CUST-BD-02741,2,2.2,4435.29,40435.12,4.29,10,7.0,0.1,1,High-Value
CUST-BD-02742,7,5.32,3491.66,37133.29,4.181818181818182,11,7.7272727272727275,0.09090909090909091,1,High-Value
CUST-BD-02743,77,1.27,166.76,17389.61,3.3,1,0.0,0.0,0,Moderate-Spender
CUST-BD-02744,45,0.55,1056.94,4495.24,3.55,2,7.5,0.0,3,Low-Engagement
CUST-BD-02745,4,10.58,6657.43,80264.36,4.422222222222222,18,5.277777777777778,0.0,2,VIP-Platinum
CUST-BD-02746,1,4.97,4686.75,21246.66,4.433333333333334,12,5.0,0.08333333333333333,1,High-Value
CUST-BD-02747,265,1.27,491.58,2903.59,4.3,1,0.0,0.0,0,Moderate-Spender
CUST-BD-02748,1,4.53,9704.4,36257.62,3.9799999999999995,30,4.5,0.06666666666666667,2,VIP-Platinum
CUST-BD-02749,25,1.75,3828.17,26219.49,3.8299999999999996,10,3.5,0.1,1,High-Value
CUST-BD-02751,19,1.59,188.7,3899.45,3.1500000000000004,2,2.5,0.0,0,Moderate-Spender
CUST-BD-02752,306,0.34,295.64,2329.41,3.95,2,0.0,0.0,0,Moderate-Spender
CUST-BD-02754,8,1.94,3557.5699999999997,28454.01,4.18125,16,3.75,0.0,1,High-Value
CUST-BD-02755,45,4.17,1925.7,24747.53,4.3,6,9.166666666666666,0.0,1,High-Value
CUST-BD-02756,121,1.27,145.04,1544.97,4.0,1,10.0,0.0,3,Low-Engagement
CUST-BD-02757,106,1.31,1743.44,16648.66,4.18,5,2.0,0.0,0,Moderate-Spender
CUST-BD-02758,55,1.3,561.63,8765.81,4.366666666666666,3,3.3333333333333335,0.0,0,Moderate-Spender
CUST-BD-02759,48,0.55,1020.4399999999999,2565.11,4.316666666666666,6,2.5,0.0,0,Moderate-Spender
CUST-BD-02760,14,0.9499999999999998,1818.85,16108.39,4.2,6,10.833333333333334,0.0,3,Low-Engagement
CUST-BD-02761,76,3.67,497.31,6298.64,4.633333333333334,3,10.0,0.0,3,Low-Engagement
CUST-BD-02763,45,1.17,1573.5,1269.75,3.966666666666667,3,1.6666666666666667,0.0,0,Moderate-Spender
CUST-BD-02764,20,2.62,3992.31,35310.74,4.176923076923076,13,8.461538461538462,0.07692307692307693,1,High-Value
CUST-BD-02765,328,0.6,179.34,446.66,4.7,1,0.0,0.0,0,Moderate-Spender
CUST-BD-02766,13,1.62,2186.99,10779.9,3.8000000000000003,6,3.3333333333333335,0.0,1,High-Value
CUST-BD-02767,0,7.17,9450.35,56192.07,3.990322580645161,31,5.645161290322581,0.06451612903225806,2,VIP-Platinum
CUST-BD-02768,44,6.82,3427.16,16357.83,4.016666666666667,12,5.0,0.0,1,High-Value
CUST-BD-02769,259,1.11,1188.85,17398.85,4.033333333333333,3,3.3333333333333335,0.0,0,Moderate-Spender
CUST-BD-02770,328,0.65,43.68,2328.18,3.7,1,0.0,0.0,0,Moderate-Spender
CUST-BD-02771,91,1.03,816.67,9501.31,4.1000000000000005,3,5.0,0.0,0,Moderate-Spender
CUST-BD-02772,80,0.54,904.0699999999999,7122.87,4.0600000000000005,5,11.0,0.0,3,Low-Engagement
CUST-BD-02773,169,2.65,1338.6399999999999,18814.66,4.033333333333333,3,0.0,0.0,0,Moderate-Spender
CUST-BD-02774,336,1.83,301.34,1926.01,4.3,1,5.0,0.0,0,Moderate-Spender
CUST-BD-02775,304,1.07,507.42,6103.94,3.8,1,15.0,0.0,3,Low-Engagement
CUST-BD-02776,169,1.82,803.0,23003.26,4.35,2,10.0,0.5,3,Low-Engagement
CUST-BD-02777,4,12.0,7274.92,223420.81,3.9909090909090907,22,5.681818181818182,0.09090909090909091,2,VIP-Platinum
CUST-BD-02778,16,2.06,481.06000000000006,19662.3,4.333333333333333,3,10.0,0.0,3,Low-Engagement
CUST-BD-02779,4,1.09,1397.31,1737.64,3.6666666666666665,3,3.3333333333333335,0.0,1,High-Value
CUST-BD-02780,359,0.76,153.54,2579.93,4.4,1,15.0,0.0,3,Low-Engagement
CUST-BD-02781,13,1.8800000000000001,1900.1,9738.19,4.228571428571429,7,7.142857142857143,0.0,1,High-Value
CUST-BD-02782,1,1.49,1769.3500000000001,18188.61,3.9,6,10.833333333333334,0.0,3,Low-Engagement
CUST-BD-02783,165,1.11,493.79,2484.16,3.766666666666667,3,5.0,0.0,0,Moderate-Spender
CUST-BD-02784,0,3.29,10594.29,82099.42,4.0321428571428575,28,3.392857142857143,0.10714285714285714,2,VIP-Platinum
CUST-BD-02785,0,4.03,5212.27,94648.06,4.05,16,4.375,0.125,2,VIP-Platinum
CUST-BD-02786,13,2.0,1247.97,28757.38,3.8600000000000003,5,5.0,0.0,1,High-Value
CUST-BD-02787,116,2.12,776.95,7562.73,4.1,4,7.5,0.0,3,Low-Engagement
CUST-BD-02788,3,11.94,3386.93,27499.82,4.357142857142857,14,7.142857142857143,0.07142857142857142,2,VIP-Platinum
CUST-BD-02789,73,2.35,3959.77,20918.53,4.385714285714285,7,8.571428571428571,0.14285714285714285,1,High-Value
CUST-BD-02790,80,3.05,2097.54,12311.9,4.65,4,6.25,0.0,1,High-Value
CUST-BD-02791,310,1.15,590.5699999999999,3291.57,4.4,2,0.0,0.5,0,Moderate-Spender
CUST-BD-02792,179,0.2,453.09,2880.28,4.050000000000001,2,0.0,0.0,0,Moderate-Spender
CUST-BD-02793,45,0.65,489.53000000000003,670.69,4.3,2,0.0,0.0,0,Moderate-Spender
CUST-BD-02794,4,4.09,2864.6,18431.51,4.1,13,4.230769230769231,0.0,1,High-Value
CUST-BD-02795,9,0.51,1074.37,9305.77,4.475,4,2.5,0.0,0,Moderate-Spender
CUST-BD-02796,1,5.13,7261.29,114746.49,4.016666666666667,30,3.3333333333333335,0.0,2,VIP-Platinum
CUST-BD-02797,14,1.53,601.96,6094.04,3.8,4,6.25,0.25,1,High-Value
CUST-BD-02798,373,0.36,540.55,1359.62,4.7,1,5.0,0.0,0,Moderate-Spender
CUST-BD-02799,1,0.94,1366.06,9120.42,3.95,4,1.25,0.0,1,High-Value
CUST-BD-02800,148,1.46,625.0600000000001,5540.36,3.65,2,10.0,0.0,3,Low-Engagement
CUST-BD-02801,21,0.45000000000000007,5948.07,9617.92,4.1923076923076925,13,2.3076923076923075,0.07692307692307693,1,High-Value
CUST-BD-02802,341,0.81,37.4,509.34,4.2,1,15.0,0.0,3,Low-Engagement
CUST-BD-02803,166,1.33,1130.09,7081.59,4.199999999999999,2,7.5,0.0,3,Low-Engagement
CUST-BD-02804,12,1.58,307.59000000000003,4391.48,4.720000000000001,5,10.0,0.0,3,Low-Engagement
CUST-BD-02805,99,6.94,106.56,27444.19,4.0,1,10.0,0.0,3,Low-Engagement
CUST-BD-02806,130,1.26,707.8900000000001,4470.23,3.45,2,5.0,0.0,0,Moderate-Spender
CUST-BD-02808,32,1.59,1403.62,10137.28,3.9,7,5.0,0.0,1,High-Value
CUST-BD-02809,396,0.57,67.5,6571.16,3.2,1,0.0,0.0,0,Moderate-Spender
CUST-BD-02810,205,1.17,51.94,16950.55,4.4,1,0.0,0.0,0,Moderate-Spender
CUST-BD-02811,82,1.45,641.87,5093.78,4.1,4,2.5,0.25,0,Moderate-Spender
CUST-BD-02812,128,0.45,219.10000000000002,795.73,3.9,2,0.0,0.0,0,Moderate-Spender
CUST-BD-02813,207,1.01,946.05,14845.59,3.8,1,15.0,0.0,3,Low-Engagement
CUST-BD-02814,19,0.38,606.95,1830.38,3.95,4,1.25,0.0,0,Moderate-Spender
CUST-BD-02815,111,0.88,194.54,1620.0,4.9,1,10.0,0.0,3,Low-Engagement
CUST-BD-02816,29,0.92,867.59,22393.38,4.55,4,8.75,0.0,3,Low-Engagement
CUST-BD-02817,171,0.35,165.44,871.47,3.5,1,0.0,0.0,0,Moderate-Spender
CUST-BD-02818,248,0.39,170.33,2006.72,3.5,1,10.0,1.0,3,Low-Engagement
CUST-BD-02819,13,1.79,1852.08,16060.48,3.675,4,2.5,0.0,1,High-Value
CUST-BD-02820,104,2.31,1926.33,5417.92,3.8166666666666664,6,4.166666666666667,0.0,1,High-Value
CUST-BD-02821,4,4.84,7653.22,76264.78,4.263636363636364,22,5.2272727272727275,0.18181818181818182,2,VIP-Platinum
CUST-BD-02822,35,3.6,3041.93,19074.52,4.05,8,4.375,0.0,1,High-Value
CUST-BD-02823,289,2.15,356.84,10544.93,5.0,2,7.5,0.0,3,Low-Engagement
CUST-BD-02824,18,1.55,3012.42,7256.59,4.0285714285714285,7,4.285714285714286,0.14285714285714285,1,High-Value
CUST-BD-02825,87,2.06,4982.37,2125.12,4.0875,8,5.0,0.0,1,High-Value
CUST-BD-02826,2,4.08,3651.91,27193.98,4.153846153846154,13,4.230769230769231,0.0,1,High-Value
CUST-BD-02827,0,1.07,3635.09,17694.59,3.6399999999999997,5,4.0,0.0,1,High-Value
CUST-BD-02828,234,3.32,419.32000000000005,51067.81,4.15,2,5.0,0.5,0,Moderate-Spender
CUST-BD-02829,37,3.3699999999999997,1538.26,7545.64,4.216666666666667,6,0.8333333333333334,0.16666666666666666,1,High-Value
CUST-BD-02831,7,5.71,5475.1900000000005,48278.52,4.247368421052632,19,4.2105263157894735,0.05263157894736842,2,VIP-Platinum
CUST-BD-02832,241,0.38,177.89,2014.64,4.15,2,7.5,0.0,3,Low-Engagement
CUST-BD-02833,1,4.8,7184.38,96329.78,4.153333333333333,30,5.166666666666667,0.1,2,VIP-Platinum
CUST-BD-02834,62,0.33,752.91,2554.95,4.1,1,5.0,0.0,0,Moderate-Spender
CUST-BD-02835,46,2.28,876.16,8035.25,4.05,4,5.0,0.0,1,High-Value
CUST-BD-02836,22,1.14,2401.73,30315.8,4.5,5,0.0,0.0,1,High-Value
CUST-BD-02838,32,4.69,1501.35,16771.41,4.475,4,2.5,0.0,1,High-Value
CUST-BD-02839,33,1.01,107.68,5375.08,4.8,1,0.0,0.0,0,Moderate-Spender
CUST-BD-02841,229,0.36,909.3899999999999,2592.95,4.05,2,10.0,0.0,3,Low-Engagement
CUST-BD-02842,5,1.15,2072.32,48113.72,3.9272727272727277,11,7.7272727272727275,0.0,1,High-Value
CUST-BD-02843,12,5.46,1518.8799999999999,28010.91,4.0600000000000005,5,2.0,0.0,1,High-Value
CUST-BD-02845,0,2.43,3642.86,30136.11,4.061538461538462,13,1.9230769230769231,0.0,1,High-Value
CUST-BD-02846,6,2.05,2587.99,93956.25,3.9857142857142853,7,6.428571428571429,0.0,1,High-Value
CUST-BD-02847,121,0.42,581.13,3516.97,4.25,4,7.5,0.0,3,Low-Engagement
CUST-BD-02848,0,4.71,5596.31,99500.25,4.2125,16,5.625,0.0625,2,VIP-Platinum
CUST-BD-02850,1,1.64,6827.18,32095.33,4.135,20,3.75,0.2,1,High-Value
CUST-BD-02851,8,1.8400000000000003,1574.79,11196.27,3.7,10,7.0,0.0,1,High-Value
CUST-BD-02852,6,10.79,9939.09,73342.72,4.060869565217391,23,3.0434782608695654,0.08695652173913043,2,VIP-Platinum
CUST-BD-02853,127,0.27,75.6,3329.41,4.1,1,0.0,0.0,0,Moderate-Spender
CUST-BD-02854,183,0.78,510.27,1812.32,4.2,1,0.0,0.0,0,Moderate-Spender
CUST-BD-02855,2,4.31,3941.96,28967.64,3.9615384615384617,13,5.769230769230769,0.07692307692307693,1,High-Value
CUST-BD-02856,53,2.05,1260.17,18639.41,3.533333333333333,3,0.0,0.0,0,Moderate-Spender
CUST-BD-02857,28,1.42,1575.37,9789.5,4.2,5,5.0,0.0,1,High-Value
CUST-BD-02858,83,1.15,800.45,15441.34,4.175,4,5.0,0.0,0,Moderate-Spender
CUST-BD-02859,6,2.43,2724.88,16226.73,3.9166666666666665,6,5.833333333333333,0.0,1,High-Value
CUST-BD-02860,362,0.84,497.89,2387.55,4.4,2,7.5,0.0,3,Low-Engagement
CUST-BD-02862,170,0.62,188.76,1132.51,3.7,1,0.0,0.0,0,Moderate-Spender
CUST-BD-02863,13,0.7200000000000001,550.1,1294.93,4.333333333333333,3,10.0,0.0,3,Low-Engagement
CUST-BD-02864,6,1.75,1522.53,50441.33,4.3428571428571425,7,4.285714285714286,0.0,1,High-Value
CUST-BD-02865,214,0.61,66.3,3563.21,5.0,1,15.0,0.0,3,Low-Engagement
CUST-BD-02866,14,2.1,1586.02,6073.78,3.8599999999999994,5,1.0,0.2,1,High-Value
CUST-BD-02867,114,0.44,126.52,3171.28,4.0,1,10.0,0.0,3,Low-Engagement
CUST-BD-02868,5,3.64,4275.32,39851.29,4.090909090909091,11,5.909090909090909,0.0,1,High-Value
CUST-BD-02869,362,0.41,42.24,4382.41,5.0,1,0.0,0.0,0,Moderate-Spender
CUST-BD-02870,69,0.35,1547.3899999999999,9166.77,3.8,2,7.5,0.0,3,Low-Engagement
CUST-BD-02871,5,4.49,2990.33,49414.49,4.154545454545454,11,7.2727272727272725,0.0,1,High-Value
CUST-BD-02873,12,1.67,2809.15,54673.64,4.2555555555555555,9,8.333333333333334,0.0,1,High-Value
CUST-BD-02874,59,1.18,1048.42,1337.93,3.575,4,5.0,0.0,1,High-Value
CUST-BD-02875,8,3.18,3795.16,132712.26,4.046153846153846,13,7.3076923076923075,0.0,2,VIP-Platinum
CUST-BD-02876,150,0.21,1090.3400000000001,1197.76,4.05,2,10.0,0.0,3,Low-Engagement
CUST-BD-02877,11,0.32,578.12,3252.43,4.175,4,6.25,0.0,1,High-Value
CUST-BD-02878,61,2.24,1325.74,11012.35,4.05,2,5.0,0.0,1,High-Value
CUST-BD-02879,9,0.65,617.99,8582.17,4.0,3,3.3333333333333335,0.0,0,Moderate-Spender
CUST-BD-02880,7,2.28,5804.74,26295.18,3.853333333333333,15,5.333333333333333,0.0,1,High-Value
CUST-BD-02881,227,0.67,483.28,5659.69,4.0,1,15.0,0.0,3,Low-Engagement
CUST-BD-02882,62,2.05,1422.52,15452.42,4.34,5,8.0,0.4,1,High-Value
CUST-BD-02884,3,7.58,3746.7599999999998,98955.26,4.314285714285714,14,4.285714285714286,0.0,2,VIP-Platinum
CUST-BD-02885,3,3.83,13125.66,88470.42,4.146153846153846,26,4.038461538461538,0.038461538461538464,2,VIP-Platinum
CUST-BD-02886,116,0.74,659.82,3885.36,4.2,1,0.0,0.0,0,Moderate-Spender
CUST-BD-02887,14,0.9,1007.3900000000001,1118.57,3.966666666666667,3,8.333333333333334,0.0,3,Low-Engagement
CUST-BD-02888,13,4.74,1356.8,16170.06,4.188888888888889,9,7.222222222222222,0.2222222222222222,1,High-Value
CUST-BD-02889,30,5.71,2924.99,53581.26,4.1454545454545455,11,5.909090909090909,0.0,1,High-Value
CUST-BD-02890,4,1.26,1050.51,13233.23,4.366666666666667,3,3.3333333333333335,0.0,1,High-Value
CUST-BD-02891,74,2.29,1896.78,39882.41,4.133333333333334,6,6.666666666666667,0.0,1,High-Value
CUST-BD-02892,9,1.9200000000000002,3094.18,22923.34,4.276923076923077,13,4.230769230769231,0.07692307692307693,1,High-Value
CUST-BD-02893,151,0.67,1465.0,3749.87,3.6666666666666665,3,5.0,0.0,0,Moderate-Spender
CUST-BD-02894,1,7.8999999999999995,9806.17,81976.64,4.115151515151515,33,7.2727272727272725,0.09090909090909091,2,VIP-Platinum
CUST-BD-02895,31,5.47,4548.04,58223.27,4.271428571428571,14,5.714285714285714,0.0,1,High-Value
CUST-BD-02896,52,4.38,3247.88,55513.73,3.84,10,5.5,0.1,1,High-Value
CUST-BD-02897,4,3.36,2559.26,34426.71,3.855555555555556,9,6.666666666666667,0.0,1,High-Value
CUST-BD-02898,0,5.740000000000001,7931.49,60919.57,4.037037037037037,27,5.7407407407407405,0.07407407407407407,2,VIP-Platinum
CUST-BD-02900,10,10.67,3373.0,17951.58,3.87,10,4.5,0.0,1,High-Value
CUST-BD-02901,362,1.12,206.18,3111.68,3.7,2,7.5,0.5,3,Low-Engagement
CUST-BD-02902,59,0.86,713.13,463.46,3.975,4,7.5,0.0,3,Low-Engagement
CUST-BD-02904,263,0.44,174.72,4300.59,3.3,1,0.0,0.0,0,Moderate-Spender
CUST-BD-02905,28,1.34,1515.55,18652.96,3.5666666666666664,6,7.5,0.16666666666666666,1,High-Value
CUST-BD-02906,104,2.64,419.53,4181.37,4.5,3,0.0,0.3333333333333333,0,Moderate-Spender
CUST-BD-02907,62,0.42,1008.12,3546.74,4.233333333333333,3,8.333333333333334,0.0,3,Low-Engagement
CUST-BD-02908,70,1.0,163.2,1260.59,3.9,1,0.0,0.0,0,Moderate-Spender
CUST-BD-02909,153,0.75,1398.8000000000002,1992.33,4.433333333333334,3,11.666666666666666,0.0,3,Low-Engagement
CUST-BD-02910,282,1.94,65.31,17417.43,3.6,1,0.0,0.0,0,Moderate-Spender
CUST-BD-02911,5,1.42,769.36,6127.65,4.166666666666667,3,3.3333333333333335,0.0,1,High-Value
CUST-BD-02912,270,1.15,1097.72,25895.13,4.233333333333333,3,8.333333333333334,0.3333333333333333,3,Low-Engagement
CUST-BD-02913,0,1.8700000000000003,5570.93,40833.14,4.279999999999999,20,4.75,0.1,1,High-Value
CUST-BD-02914,115,2.24,1533.96,14519.9,3.8666666666666667,3,1.6666666666666667,0.0,0,Moderate-Spender
CUST-BD-02915,12,0.67,1132.77,4771.33,4.25,4,3.75,0.0,1,High-Value
CUST-BD-02916,115,0.88,421.82000000000005,18768.51,3.5999999999999996,2,2.5,0.0,0,Moderate-Spender
CUST-BD-02917,37,1.81,1778.25,17811.29,4.16,5,3.0,0.0,1,High-Value
CUST-BD-02918,338,4.6,306.92,1684.81,3.4,1,10.0,0.0,3,Low-Engagement
CUST-BD-02919,8,2.86,3670.11,17971.58,4.173333333333334,15,7.0,0.06666666666666667,1,High-Value
CUST-BD-02921,2,1.45,8283.84,126282.52,4.096551724137931,29,6.206896551724138,0.0,2,VIP-Platinum
CUST-BD-02922,140,0.6,1728.08,1155.97,3.6333333333333333,3,3.3333333333333335,0.3333333333333333,0,Moderate-Spender
CUST-BD-02923,47,2.71,1681.6899999999998,15605.27,4.425,4,6.25,0.0,1,High-Value
CUST-BD-02925,9,2.25,4588.93,31382.91,3.936363636363636,11,4.090909090909091,0.09090909090909091,1,High-Value
CUST-BD-02926,13,3.15,3378.2799999999997,36316.13,3.9,11,3.6363636363636362,0.0,1,High-Value
CUST-BD-02927,351,1.2,1009.8199999999999,2599.6,4.5,2,0.0,0.5,0,Moderate-Spender
CUST-BD-02929,22,2.87,1482.38,17214.4,4.371428571428572,7,2.857142857142857,0.14285714285714285,1,High-Value
CUST-BD-02932,1,5.3,7818.200000000001,64548.11,4.195833333333334,24,3.5416666666666665,0.08333333333333333,2,VIP-Platinum
CUST-BD-02933,13,0.9899999999999999,2896.17,3504.98,4.25,6,10.0,0.0,1,High-Value
CUST-BD-02934,261,0.64,313.35,1074.13,5.0,1,10.0,0.0,3,Low-Engagement
CUST-BD-02935,41,1.3800000000000001,2006.65,6982.96,4.1,7,4.285714285714286,0.0,1,High-Value
CUST-BD-02936,238,0.36,564.4,3780.87,3.2,1,0.0,0.0,0,Moderate-Spender
CUST-BD-02937,14,5.07,6153.39,27616.78,4.1125,16,6.5625,0.0,1,High-Value
CUST-BD-02940,258,0.76,125.71,3285.62,4.5,1,10.0,0.0,3,Low-Engagement
CUST-BD-02941,4,3.53,8461.04,160344.72,3.9375,16,4.0625,0.0,2,VIP-Platinum
CUST-BD-02942,69,0.52,19.92,1963.97,4.0,1,15.0,0.0,3,Low-Engagement
CUST-BD-02943,49,2.34,2478.24,14280.34,3.9285714285714284,7,5.714285714285714,0.0,1,High-Value
CUST-BD-02944,107,2.07,277.77,8445.66,3.4,2,15.0,0.0,3,Low-Engagement
CUST-BD-02945,3,2.41,2739.7,16713.63,4.084615384615384,13,3.8461538461538463,0.23076923076923078,1,High-Value
CUST-BD-02946,376,0.83,69.2,3485.14,3.9,1,0.0,1.0,0,Moderate-Spender
CUST-BD-02947,2,3.07,3748.3,44835.35,4.085714285714286,14,4.642857142857143,0.07142857142857142,1,High-Value
CUST-BD-02948,0,3.47,13425.17,135632.89,4.065625,32,5.46875,0.09375,2,VIP-Platinum
CUST-BD-02949,75,0.64,938.41,4435.37,4.425,4,5.0,0.0,0,Moderate-Spender
CUST-BD-02951,0,7.1,8883.59,85523.21,4.1375,32,2.34375,0.0625,2,VIP-Platinum
CUST-BD-02952,167,0.63,1558.04,9271.69,4.46,5,3.0,0.0,0,Moderate-Spender
CUST-BD-02953,98,3.51,3102.9,43056.84,4.211111111111111,9,3.3333333333333335,0.0,1,High-Value
CUST-BD-02954,3,3.25,2586.46,32204.29,4.127272727272727,11,5.909090909090909,0.0,1,High-Value
CUST-BD-02955,123,0.25,129.54,2696.19,3.8000000000000003,2,0.0,0.0,0,Moderate-Spender
CUST-BD-02956,48,0.45,1001.6700000000001,1622.4,4.2,3,5.0,0.0,0,Moderate-Spender
CUST-BD-02957,363,0.92,1456.06,1349.5,3.8666666666666667,3,8.333333333333334,0.0,3,Low-Engagement
CUST-BD-02958,88,3.4300000000000006,469.53,6376.75,3.8200000000000003,5,5.0,0.0,1,High-Value
CUST-BD-02959,175,0.65,228.18,14123.64,3.9,2,0.0,0.0,0,Moderate-Spender
CUST-BD-02960,30,2.74,688.3299999999999,10720.72,2.8,2,2.5,0.0,1,High-Value
CUST-BD-02961,9,0.57,2799.7,8180.66,4.016666666666667,6,2.5,0.0,1,High-Value
CUST-BD-02962,8,6.9,2816.82,52109.68,4.344444444444445,9,1.1111111111111112,0.1111111111111111,1,High-Value
CUST-BD-02964,99,1.08,1748.04,8174.6,4.4799999999999995,5,3.0,0.2,0,Moderate-Spender
CUST-BD-02965,249,0.85,218.42,1304.6,3.4,1,5.0,0.0,0,Moderate-Spender
CUST-BD-02966,151,0.41,1461.5300000000002,4407.76,4.25,2,0.0,0.0,0,Moderate-Spender
CUST-BD-02968,11,2.99,4677.68,31353.38,4.1000000000000005,11,4.545454545454546,0.0,1,High-Value
CUST-BD-02970,357,0.45,230.18,2135.63,4.9,1,0.0,0.0,0,Moderate-Spender
CUST-BD-02971,93,1.78,881.41,13959.11,4.75,2,12.5,0.0,3,Low-Engagement
CUST-BD-02972,101,2.8800000000000003,1046.55,12110.28,4.133333333333334,3,5.0,0.0,1,High-Value
CUST-BD-02973,212,1.92,337.44,77060.86,4.8,1,0.0,0.0,0,Moderate-Spender
CUST-BD-02974,191,1.25,216.09,2306.46,4.4,1,5.0,0.0,0,Moderate-Spender
CUST-BD-02975,93,0.43,2260.19,4385.84,3.3,2,2.5,0.0,0,Moderate-Spender
CUST-BD-02976,188,1.04,1015.74,2150.92,4.05,2,0.0,0.0,0,Moderate-Spender
CUST-BD-02977,221,1.05,341.86,3274.99,4.033333333333334,3,10.0,0.0,3,Low-Engagement
CUST-BD-02978,77,0.29,310.59,2222.66,4.8,1,0.0,0.0,0,Moderate-Spender
CUST-BD-02979,10,2.93,2247.08,17727.85,3.9,8,5.625,0.125,1,High-Value
CUST-BD-02980,12,3.8300000000000005,5372.67,33047.33,4.0,14,5.0,0.07142857142857142,1,High-Value
CUST-BD-02982,63,0.59,282.40999999999997,1588.35,4.35,2,5.0,0.0,0,Moderate-Spender
CUST-BD-02983,5,1.81,1599.48,21701.15,3.9875,8,2.5,0.0,1,High-Value
CUST-BD-02984,32,2.26,1316.8899999999999,3556.06,3.9200000000000004,5,4.0,0.0,1,High-Value
CUST-BD-02985,18,1.89,2406.46,13699.74,4.042857142857143,7,4.285714285714286,0.0,1,High-Value
CUST-BD-02986,14,4.41,3314.5,23711.32,4.211764705882352,17,4.411764705882353,0.11764705882352941,1,High-Value
CUST-BD-02987,111,1.67,520.44,41066.51,3.95,2,7.5,0.0,3,Low-Engagement
CUST-BD-02988,111,1.79,2630.33,8285.46,4.2125,8,5.625,0.0,1,High-Value
CUST-BD-02989,191,0.59,273.48,5281.09,4.0,1,0.0,0.0,0,Moderate-Spender
CUST-BD-02990,2,10.85,8945.99,188763.66,4.04375,32,5.9375,0.0,2,VIP-Platinum
CUST-BD-02991,136,2.23,951.87,9490.47,4.0,3,6.666666666666667,0.3333333333333333,3,Low-Engagement
CUST-BD-02993,11,1.49,1479.1999999999998,10146.01,3.7285714285714286,7,3.5714285714285716,0.0,1,High-Value
CUST-BD-02994,379,0.26,395.57,4939.33,3.7,1,10.0,0.0,3,Low-Engagement
CUST-BD-02995,24,0.54,1124.6699999999998,43344.83,4.3999999999999995,3,1.6666666666666667,0.0,0,Moderate-Spender
CUST-BD-02996,109,0.57,119.16,1191.71,4.9,1,0.0,0.0,0,Moderate-Spender
CUST-BD-02997,42,3.21,1468.85,11094.64,3.95,4,3.75,0.0,1,High-Value
CUST-BD-02998,113,1.09,222.17000000000002,7653.65,3.6500000000000004,2,0.0,0.0,0,Moderate-Spender
CUST-BD-02999,116,1.11,647.3100000000001,8853.95,3.95,2,7.5,0.0,3,Low-Engagement
CUST-BD-03000,125,0.94,2068.2,30631.03,3.825,4,6.25,0.0,1,High-Value
CUST-BD-03001,57,0.34,1211.25,1575.46,4.5,1,0.0,0.0,0,Moderate-Spender
CUST-BD-03002,333,0.42,68.04,952.99,4.1,1,0.0,0.0,0,Moderate-Spender
CUST-BD-03003,0,1.86,4582.0599999999995,12417.54,4.172727272727273,11,3.1818181818181817,0.09090909090909091,1,High-Value
CUST-BD-03004,186,1.22,370.7,13813.46,3.95,2,0.0,0.0,0,Moderate-Spender
CUST-BD-03005,6,2.38,5476.49,27186.02,4.285714285714286,14,3.5714285714285716,0.14285714285714285,1,High-Value
CUST-BD-03006,330,0.5,557.6,1661.09,3.9,1,0.0,0.0,0,Moderate-Spender
CUST-BD-03007,11,1.8199999999999998,2689.02,12110.81,4.088888888888889,9,5.555555555555555,0.0,1,High-Value
CUST-BD-03008,0,3.9700000000000006,2624.31,15570.93,4.111111111111111,9,7.777777777777778,0.1111111111111111,1,High-Value
CUST-BD-03009,22,0.57,2402.7999999999997,14167.57,4.3428571428571425,7,5.0,0.14285714285714285,1,High-Value
CUST-BD-03010,96,0.46,2898.69,2029.24,3.775,4,1.25,0.0,0,Moderate-Spender
CUST-BD-03011,25,1.5200000000000002,1721.9,25282.15,4.066666666666666,6,9.166666666666666,0.0,1,High-Value
CUST-BD-03012,20,4.07,3514.71,42368.13,4.041666666666667,12,6.25,0.0,1,High-Value
CUST-BD-03013,38,1.72,2500.31,10032.33,4.1,8,8.125,0.0,1,High-Value
CUST-BD-03014,373,1.1,1007.95,2178.14,4.45,2,12.5,0.0,3,Low-Engagement
CUST-BD-03015,31,0.74,2252.1099999999997,3447.56,4.3,5,6.0,0.0,1,High-Value
CUST-BD-03016,257,0.88,289.05,2320.6,3.8,1,5.0,0.0,0,Moderate-Spender
CUST-BD-03017,35,4.94,751.13,9737.14,3.66,5,5.0,0.0,1,High-Value
CUST-BD-03018,2,6.16,8395.75,97976.46,4.083333333333333,24,4.791666666666667,0.0,2,VIP-Platinum
CUST-BD-03019,3,6.3,7613.35,84749.36,4.032,25,6.0,0.04,2,VIP-Platinum
CUST-BD-03020,5,2.13,2348.76,25916.52,3.9166666666666665,6,1.6666666666666667,0.16666666666666666,1,High-Value
CUST-BD-03021,5,2.37,3648.0299999999997,29784.58,3.8666666666666667,12,5.0,0.0,1,High-Value
CUST-BD-03022,4,1.8999999999999997,4199.21,21094.33,3.922222222222222,18,5.277777777777778,0.05555555555555555,1,High-Value
CUST-BD-03023,1,6.19,13814.57,34989.54,4.0815789473684205,38,5.394736842105263,0.02631578947368421,2,VIP-Platinum
CUST-BD-03024,41,1.29,2378.31,26783.76,4.3375,8,4.375,0.0,1,High-Value
CUST-BD-03025,18,3.98,3818.05,18673.89,4.161538461538462,13,6.153846153846154,0.0,1,High-Value
CUST-BD-03026,387,0.9499999999999998,752.9300000000001,1147.44,4.1000000000000005,3,5.0,0.0,0,Moderate-Spender
CUST-BD-03027,146,0.29,1056.12,2073.5,4.8,1,0.0,0.0,0,Moderate-Spender
CUST-BD-03029,26,1.42,3486.85,19276.94,3.5999999999999996,6,5.0,0.0,1,High-Value
CUST-BD-03030,0,12.0,6076.3,44021.59,4.0,20,6.75,0.0,2,VIP-Platinum
CUST-BD-03031,3,12.0,3343.69,97114.39,4.023529411764706,17,6.764705882352941,0.058823529411764705,2,VIP-Platinum
CUST-BD-03032,1,5.08,2527.82,45115.76,3.936363636363636,11,6.818181818181818,0.0,1,High-Value
CUST-BD-03033,10,6.23,1968.18,49707.84,4.211111111111111,9,5.0,0.0,1,High-Value
CUST-BD-03034,63,1.31,1240.44,28791.87,4.3999999999999995,3,5.0,0.0,1,High-Value
CUST-BD-03035,199,1.85,544.82,5452.58,4.4,1,10.0,0.0,3,Low-Engagement
CUST-BD-03036,34,1.39,819.08,6464.98,3.8666666666666667,3,1.6666666666666667,0.0,0,Moderate-Spender
CUST-BD-03037,154,0.4000000000000001,549.47,1679.89,4.2,3,6.666666666666667,0.0,3,Low-Engagement
CUST-BD-03038,6,3.35,3534.36,43604.58,4.12,15,3.0,0.06666666666666667,1,High-Value
CUST-BD-03039,18,1.53,1677.15,2148.54,4.285714285714286,7,2.857142857142857,0.14285714285714285,1,High-Value
CUST-BD-03040,299,0.63,257.22,2179.49,4.449999999999999,2,0.0,0.0,0,Moderate-Spender
CUST-BD-03041,17,1.55,817.69,3775.22,3.6999999999999997,3,10.0,0.0,3,Low-Engagement
CUST-BD-03042,5,1.65,2784.62,10984.65,4.65,4,0.0,0.0,1,High-Value
CUST-BD-03043,2,5.21,2628.7200000000003,121194.35,4.11,10,7.0,0.0,1,High-Value
CUST-BD-03044,13,2.32,965.56,60096.42,4.228571428571429,7,0.0,0.14285714285714285,1,High-Value
CUST-BD-03046,0,4.65,3972.5,27225.86,4.011111111111111,18,3.611111111111111,0.0,1,High-Value
CUST-BD-03047,58,1.12,1654.42,1465.83,4.225,4,7.5,0.0,3,Low-Engagement
CUST-BD-03048,190,0.85,317.05999999999995,5435.95,3.65,2,2.5,0.0,0,Moderate-Spender
CUST-BD-03049,12,0.86,903.71,2935.29,4.125,8,0.625,0.0,0,Moderate-Spender
CUST-BD-03050,2,2.98,2379.41,26891.47,4.0285714285714285,14,4.642857142857143,0.0,1,High-Value
CUST-BD-03051,10,3.74,2191.5,23044.22,3.9545454545454546,11,8.181818181818182,0.0,1,High-Value
CUST-BD-03052,377,0.39,66.75,1236.6,3.6,1,0.0,0.0,0,Moderate-Spender
CUST-BD-03053,3,1.05,3196.74,29755.59,3.97,10,3.5,0.3,1,High-Value
CUST-BD-03054,4,2.95,3410.44,13676.0,4.1066666666666665,15,5.666666666666667,0.0,1,High-Value
CUST-BD-03055,1,11.5,9101.83,46400.43,4.092592592592593,27,5.555555555555555,0.0,2,VIP-Platinum
CUST-BD-03056,252,0.79,1004.4,6511.76,4.5,1,0.0,0.0,0,Moderate-Spender
CUST-BD-03057,97,0.51,902.04,2354.99,3.7,2,2.5,0.0,0,Moderate-Spender
CUST-BD-03059,208,2.22,1378.05,24050.15,4.14,5,5.0,0.0,0,Moderate-Spender
CUST-BD-03060,384,0.56,296.19,2496.73,4.8,1,5.0,0.0,0,Moderate-Spender
CUST-BD-03061,156,2.38,241.83,8502.83,3.9499999999999997,2,2.5,0.0,0,Moderate-Spender
CUST-BD-03062,1,2.09,10280.22,61136.4,4.057575757575758,33,4.090909090909091,0.12121212121212122,2,VIP-Platinum
CUST-BD-03063,120,3.3,1099.0700000000002,4744.78,3.65,4,5.0,0.0,1,High-Value
CUST-BD-03064,9,5.33,2981.6499999999996,11268.89,4.014285714285714,7,4.285714285714286,0.0,1,High-Value
CUST-BD-03065,2,6.56,7045.5,66396.74,4.156521739130435,23,6.304347826086956,0.08695652173913043,2,VIP-Platinum
CUST-BD-03066,116,0.44,73.61,1886.67,4.7,1,0.0,0.0,0,Moderate-Spender
CUST-BD-03067,246,1.33,350.17,3713.92,3.7,2,7.5,0.5,3,Low-Engagement
CUST-BD-03069,77,1.2,387.8,10298.05,3.55,2,7.5,0.0,3,Low-Engagement
CUST-BD-03070,67,0.41,459.32,6824.42,4.4,2,0.0,0.5,0,Moderate-Spender
CUST-BD-03073,3,2.62,2236.08,5695.08,4.3625,8,5.625,0.0,1,High-Value
CUST-BD-03074,3,3.74,2986.16,32322.82,4.090909090909091,11,6.363636363636363,0.0,1,High-Value
CUST-BD-03075,163,2.05,1310.05,17646.26,3.975,4,7.5,0.0,3,Low-Engagement
CUST-BD-03076,2,2.66,5820.37,24564.08,4.257142857142857,14,2.5,0.0,1,High-Value
CUST-BD-03077,1,9.6,9454.56,92563.15,3.913513513513514,37,5.54054054054054,0.08108108108108109,2,VIP-Platinum
CUST-BD-03078,37,1.43,1421.87,7603.02,4.34,5,7.0,0.0,1,High-Value
CUST-BD-03079,46,4.4,1394.19,8612.84,3.85,4,2.5,0.0,1,High-Value
CUST-BD-03080,280,0.49,111.11,1161.68,4.1,1,10.0,0.0,3,Low-Engagement
CUST-BD-03081,68,1.99,1192.24,12480.03,3.733333333333333,3,8.333333333333334,0.3333333333333333,3,Low-Engagement
CUST-BD-03083,173,2.84,40.8,25695.55,4.8,1,15.0,0.0,3,Low-Engagement
CUST-BD-03084,5,9.04,4414.25,97502.76,3.69375,16,5.0,0.0,2,VIP-Platinum
CUST-BD-03087,193,2.91,264.15,41873.12,3.6,1,0.0,0.0,0,Moderate-Spender
CUST-BD-03088,1,4.41,9716.89,102307.2,4.103846153846154,26,6.346153846153846,0.11538461538461539,2,VIP-Platinum
CUST-BD-03089,11,1.38,4303.36,33357.66,4.011764705882353,17,2.3529411764705883,0.0,1,High-Value
CUST-BD-03090,67,1.0,1368.79,2630.85,3.7600000000000002,5,4.0,0.0,0,Moderate-Spender
CUST-BD-03091,10,0.6900000000000001,1950.01,6289.01,4.171428571428572,7,2.857142857142857,0.0,1,High-Value
CUST-BD-03092,9,2.29,604.49,10035.25,4.333333333333333,3,1.6666666666666667,0.0,1,High-Value
CUST-BD-03093,23,1.35,3044.48,9240.26,4.025,8,4.375,0.0,1,High-Value
CUST-BD-03094,27,0.95,2638.01,13055.06,4.1,5,2.0,0.0,1,High-Value
CUST-BD-03095,4,6.93,5577.18,65529.87,4.11875,16,5.3125,0.125,2,VIP-Platinum
CUST-BD-03096,69,0.32,537.92,4276.67,3.95,4,7.5,0.0,3,Low-Engagement
CUST-BD-03097,1,4.16,6105.16,123703.7,4.225,28,4.107142857142857,0.03571428571428571,2,VIP-Platinum
CUST-BD-03098,102,0.51,1184.71,851.69,3.9000000000000004,2,2.5,0.0,0,Moderate-Spender
CUST-BD-03099,167,0.76,173.92,1845.35,4.4,1,15.0,0.0,3,Low-Engagement
CUST-BD-03100,1,2.28,3350.75,11239.26,4.05,10,5.0,0.0,1,High-Value
CUST-BD-03101,37,3.5699999999999994,2107.1600000000003,20175.5,3.62,5,6.0,0.0,1,High-Value
CUST-BD-03102,141,0.75,278.88,9805.35,4.65,2,5.0,0.0,0,Moderate-Spender
CUST-BD-03104,315,0.39,523.32,1587.54,4.1,1,0.0,0.0,0,Moderate-Spender
CUST-BD-03105,79,3.56,222.73,5114.32,3.85,2,10.0,0.0,3,Low-Engagement
CUST-BD-03106,11,5.84,3638.64,35648.34,3.8454545454545452,11,3.6363636363636362,0.0,1,High-Value
CUST-BD-03107,32,0.66,603.77,2236.81,4.199999999999999,2,10.0,0.0,3,Low-Engagement
CUST-BD-03108,4,6.8,11600.05,98143.21,4.003030303030303,33,4.242424242424242,0.06060606060606061,2,VIP-Platinum
CUST-BD-03109,1,2.6000000000000005,5125.24,37862.14,4.153846153846154,13,2.6923076923076925,0.07692307692307693,1,High-Value
CUST-BD-03110,8,3.87,2337.73,30936.19,3.9818181818181815,11,5.0,0.09090909090909091,1,High-Value
CUST-BD-03111,72,2.13,1164.23,71544.15,3.9200000000000004,5,1.0,0.0,1,High-Value
CUST-BD-03112,86,2.36,833.1800000000001,22347.13,3.88,5,4.0,0.0,1,High-Value
CUST-BD-03113,15,1.77,611.9300000000001,11152.51,4.8,2,7.5,0.0,1,High-Value
CUST-BD-03114,59,1.86,1213.05,21034.34,3.825,4,5.0,0.0,1,High-Value
CUST-BD-03115,18,2.02,1257.6599999999999,12826.61,4.12,5,2.0,0.0,1,High-Value
CUST-BD-03116,11,0.86,1054.3799999999999,1676.38,4.05,4,6.25,0.0,1,High-Value
CUST-BD-03117,38,1.08,3706.6800000000003,24818.97,4.1499999999999995,6,3.3333333333333335,0.0,1,High-Value
CUST-BD-03119,171,2.12,3009.17,16245.24,3.94,5,3.0,0.0,0,Moderate-Spender
CUST-BD-03120,4,10.93,7372.6900000000005,45389.54,4.043478260869565,23,4.782608695652174,0.0,2,VIP-Platinum
CUST-BD-03121,37,1.4799999999999998,775.2699999999999,7973.8,4.466666666666666,3,5.0,0.0,1,High-Value
CUST-BD-03123,325,1.33,68.95,1447.57,4.0,1,15.0,0.0,3,Low-Engagement
CUST-BD-03125,90,0.88,280.33,2756.71,4.1,1,15.0,0.0,3,Low-Engagement
CUST-BD-03126,26,0.97,1120.79,14475.28,4.125,8,3.75,0.25,1,High-Value
CUST-BD-03127,29,5.22,2809.52,72701.12,4.125,12,5.833333333333333,0.0,1,High-Value
CUST-BD-03128,74,1.4400000000000002,1195.16,10415.88,4.3,3,5.0,0.0,0,Moderate-Spender
CUST-BD-03129,23,2.11,1512.63,8814.01,3.9166666666666665,6,5.833333333333333,0.0,1,High-Value
CUST-BD-03130,106,1.13,2298.7400000000002,4872.5,4.4399999999999995,5,2.0,0.0,0,Moderate-Spender
CUST-BD-03131,24,0.5,128.12,2954.5,4.3,2,7.5,0.5,3,Low-Engagement
CUST-BD-03132,42,1.09,1983.71,8044.45,4.666666666666667,3,5.0,0.0,1,High-Value
CUST-BD-03133,15,0.77,644.98,9315.35,4.075,4,6.25,0.0,1,High-Value
CUST-BD-03134,392,0.51,961.2,1708.93,3.6,1,0.0,0.0,0,Moderate-Spender
CUST-BD-03135,12,0.91,934.91,7648.07,3.3,4,10.0,0.0,3,Low-Engagement
CUST-BD-03136,41,0.96,400.65000000000003,3692.12,4.45,2,5.0,0.0,0,Moderate-Spender
CUST-BD-03138,36,1.11,2021.42,26963.84,3.84,5,0.0,0.0,0,Moderate-Spender
CUST-BD-03139,171,0.7,192.09,1227.4,4.1,1,0.0,0.0,0,Moderate-Spender
CUST-BD-03140,26,4.34,887.64,22368.35,3.766666666666667,3,5.0,0.0,1,High-Value
CUST-BD-03141,221,0.48,529.3000000000001,1785.92,4.175,4,2.5,0.0,0,Moderate-Spender
CUST-BD-03142,23,1.5,2971.7000000000003,32515.67,4.34,10,6.5,0.1,1,High-Value
CUST-BD-03143,65,0.78,1060.62,14212.27,3.8,5,11.0,0.0,3,Low-Engagement
CUST-BD-03144,181,0.44,300.35,4445.06,3.1,1,10.0,0.0,3,Low-Engagement
CUST-BD-03145,112,0.49,282.51,4551.41,4.0,1,0.0,0.0,0,Moderate-Spender
CUST-BD-03146,0,12.0,12362.23,170951.52,3.9625,32,4.53125,0.0,2,VIP-Platinum
CUST-BD-03147,32,2.72,611.93,9326.13,4.175,4,6.25,0.25,1,High-Value
CUST-BD-03148,7,2.69,6137.74,99762.77,3.96,15,5.333333333333333,0.0,2,VIP-Platinum
CUST-BD-03149,14,8.87,2155.81,48626.99,4.2,12,5.833333333333333,0.16666666666666666,1,High-Value
CUST-BD-03150,90,0.5,308.88,410.9,4.0,1,10.0,0.0,3,Low-Engagement
CUST-BD-03152,12,1.23,2449.96,8541.51,4.155555555555555,9,7.222222222222222,0.1111111111111111,1,High-Value
CUST-BD-03153,2,5.63,6582.84,28308.75,4.121052631578947,19,4.7368421052631575,0.15789473684210525,2,VIP-Platinum
CUST-BD-03154,12,1.54,876.3800000000001,15731.52,4.5600000000000005,5,4.0,0.2,1,High-Value
CUST-BD-03155,0,12.0,9440.43,111490.33,4.0476190476190474,21,7.380952380952381,0.09523809523809523,2,VIP-Platinum
CUST-BD-03156,396,2.03,86.45,7157.01,3.5,1,0.0,0.0,0,Moderate-Spender
CUST-BD-03157,9,5.28,5397.95,84197.31,4.205882352941177,17,3.823529411764706,0.058823529411764705,2,VIP-Platinum
CUST-BD-03158,141,0.26,599.52,1128.88,4.7,2,7.5,0.0,3,Low-Engagement
CUST-BD-03159,50,0.63,1831.07,4769.83,3.9666666666666663,3,0.0,0.0,0,Moderate-Spender
CUST-BD-03160,165,0.28,183.5,1272.07,4.4,1,0.0,0.0,0,Moderate-Spender
CUST-BD-03161,4,2.53,4567.48,44608.4,4.2,19,7.894736842105263,0.0,1,High-Value
CUST-BD-03162,257,0.3,836.5,3042.64,3.95,2,7.5,0.0,3,Low-Engagement
CUST-BD-03163,2,3.1699999999999995,1172.96,6596.19,4.185714285714286,7,6.428571428571429,0.14285714285714285,1,High-Value
CUST-BD-03165,179,0.98,560.8,2434.73,3.8,1,5.0,0.0,0,Moderate-Spender
CUST-BD-03166,87,0.53,101.09,1285.56,3.4,1,10.0,0.0,3,Low-Engagement
CUST-BD-03167,2,5.04,2776.3,55176.47,4.1899999999999995,10,3.5,0.1,1,High-Value
CUST-BD-03168,204,0.24,599.05,6246.72,4.0,1,15.0,0.0,3,Low-Engagement
CUST-BD-03169,73,3.12,1011.27,30717.66,4.36,5,6.0,0.0,1,High-Value
CUST-BD-03170,6,4.21,3410.26,42072.64,4.2,8,5.625,0.0,1,High-Value
CUST-BD-03171,1,8.28,6862.16,98992.27,3.892,25,5.2,0.08,2,VIP-Platinum
CUST-BD-03172,77,1.34,2974.48,24397.2,4.4399999999999995,5,8.0,0.0,1,High-Value
CUST-BD-03173,122,0.62,1244.67,34416.69,3.983333333333333,6,5.833333333333333,0.16666666666666666,0,Moderate-Spender
CUST-BD-03174,21,2.79,2798.99,8666.32,4.0,5,2.0,0.0,1,High-Value
CUST-BD-03175,14,0.56,427.98,2488.87,4.300000000000001,2,0.0,0.5,0,Moderate-Spender
CUST-BD-03176,90,1.3500000000000003,486.23999999999995,17974.8,3.733333333333333,3,1.6666666666666667,0.0,0,Moderate-Spender
CUST-BD-03177,5,10.85,6418.01,42034.44,4.11,20,5.25,0.1,2,VIP-Platinum
CUST-BD-03178,263,0.74,788.8,1412.59,3.5,2,0.0,0.0,0,Moderate-Spender
CUST-BD-03179,84,0.53,217.14,824.52,4.4,1,0.0,0.0,0,Moderate-Spender
CUST-BD-03180,141,1.16,1573.8400000000001,7506.28,4.183333333333334,6,3.3333333333333335,0.0,0,Moderate-Spender
CUST-BD-03181,26,4.56,3899.83,41608.03,4.084615384615384,13,5.769230769230769,0.07692307692307693,1,High-Value
CUST-BD-03183,16,4.24,2713.27,18151.15,4.190909090909091,11,2.727272727272727,0.0,1,High-Value
CUST-BD-03184,204,1.28,144.74,1723.51,4.4,1,15.0,0.0,3,Low-Engagement
CUST-BD-03185,182,1.52,52.56,32220.75,2.9,1,0.0,0.0,0,Moderate-Spender
CUST-BD-03186,0,10.33,7321.81,47134.72,3.7666666666666666,27,5.37037037037037,0.1111111111111111,2,VIP-Platinum
CUST-BD-03187,3,1.54,1527.48,8893.29,3.9000000000000004,4,3.75,0.25,1,High-Value
CUST-BD-03188,29,1.1,991.6800000000001,7881.22,4.44,5,4.0,0.0,1,High-Value
CUST-BD-03189,7,2.4,7231.72,300025.31,3.8619047619047615,21,3.8095238095238093,0.14285714285714285,2,VIP-Platinum
CUST-BD-03192,1,10.290000000000001,7931.45,96451.33,4.0321428571428575,28,5.892857142857143,0.0,2,VIP-Platinum
CUST-BD-03194,5,12.0,4245.83,181972.8,3.9866666666666664,15,5.0,0.0,2,VIP-Platinum
CUST-BD-03195,6,2.32,3896.8100000000004,63013.35,4.093333333333333,15,5.333333333333333,0.06666666666666667,1,High-Value
CUST-BD-03196,83,1.95,616.8399999999999,7046.76,3.8666666666666667,3,3.3333333333333335,0.6666666666666666,0,Moderate-Spender
CUST-BD-03197,307,1.1,223.67999999999998,12975.5,4.25,2,12.5,0.0,3,Low-Engagement
CUST-BD-03198,67,2.67,2051.95,9690.36,3.8200000000000003,5,5.0,0.0,1,High-Value
CUST-BD-03199,250,0.42,493.11,1856.63,4.8,1,5.0,0.0,0,Moderate-Spender
CUST-BD-03200,106,2.64,614.12,19780.76,4.5200000000000005,5,3.0,0.0,0,Moderate-Spender
CUST-BD-03201,12,2.13,1804.07,39850.18,3.775,8,11.25,0.0,1,High-Value
CUST-BD-03202,0,9.15,9381.17,241707.75,4.079411764705882,34,2.7941176470588234,0.11764705882352941,2,VIP-Platinum
CUST-BD-03203,1,11.65,8148.360000000001,123546.82,4.243333333333333,30,6.666666666666667,0.06666666666666667,2,VIP-Platinum
CUST-BD-03204,1,2.55,8146.12,161964.34,4.05,28,5.0,0.14285714285714285,2,VIP-Platinum
CUST-BD-03206,31,1.82,726.28,11351.88,3.7750000000000004,4,7.5,0.0,1,High-Value
CUST-BD-03207,64,0.75,854.31,3170.42,3.95,2,7.5,0.0,3,Low-Engagement
CUST-BD-03208,1,1.36,839.5600000000001,14744.48,3.825,4,6.25,0.0,1,High-Value
CUST-BD-03209,0,4.62,13255.08,235157.28,4.034285714285714,35,3.7142857142857144,0.0,2,VIP-Platinum
CUST-BD-03210,2,2.0,3456.92,49686.55,4.09,10,8.0,0.2,1,High-Value
CUST-BD-03211,0,3.84,1836.53,16569.59,3.7999999999999994,6,3.3333333333333335,0.0,1,High-Value
CUST-BD-03212,63,0.41,933.11,3385.47,3.95,4,3.75,0.0,0,Moderate-Spender
CUST-BD-03213,193,1.96,513.96,17822.32,4.233333333333333,3,5.0,0.0,0,Moderate-Spender
CUST-BD-03214,308,0.51,1788.03,1700.11,4.533333333333334,3,3.3333333333333335,0.0,0,Moderate-Spender
CUST-BD-03215,44,1.27,162.79000000000002,8427.85,4.6,2,0.0,0.0,0,Moderate-Spender
CUST-BD-03216,337,1.37,550.75,3933.35,3.5,2,2.5,0.0,0,Moderate-Spender
CUST-BD-03217,5,5.41,4254.87,34424.99,3.9076923076923076,13,10.384615384615385,0.0,1,High-Value
CUST-BD-03218,49,0.92,555.77,20829.54,4.15,4,3.75,0.0,0,Moderate-Spender
CUST-BD-03219,320,0.9899999999999999,1034.52,12083.71,3.4,3,3.3333333333333335,0.0,0,Moderate-Spender
CUST-BD-03220,1,4.91,3653.39,9288.78,3.891666666666667,12,6.666666666666667,0.0,1,High-Value
CUST-BD-03221,143,0.32,250.39,2546.01,5.0,1,0.0,0.0,0,Moderate-Spender
CUST-BD-03222,30,3.56,2357.18,8523.93,3.7,8,3.125,0.0,1,High-Value
CUST-BD-03223,2,3.45,4094.6,49841.06,4.321428571428571,14,5.357142857142857,0.07142857142857142,1,High-Value
CUST-BD-03224,2,4.37,10810.5,120549.43,4.093103448275862,29,5.0,0.034482758620689655,2,VIP-Platinum
CUST-BD-03225,216,0.7,286.48,1398.17,3.75,2,7.5,0.0,3,Low-Engagement
CUST-BD-03226,67,3.38,1978.85,12199.49,4.28,5,5.0,0.0,1,High-Value
CUST-BD-03227,15,0.5,1784.76,14940.07,3.8857142857142857,7,7.857142857142857,0.14285714285714285,1,High-Value
CUST-BD-03228,121,1.23,2418.65,3213.4,4.16,5,5.0,0.0,0,Moderate-Spender
CUST-BD-03229,36,1.35,735.36,4424.52,4.15,2,0.0,0.5,0,Moderate-Spender
CUST-BD-03230,4,1.34,3237.16,5865.84,3.9499999999999997,6,3.3333333333333335,0.0,1,High-Value
CUST-BD-03231,178,0.67,2756.17,2241.88,3.866666666666667,3,0.0,0.0,0,Moderate-Spender
CUST-BD-03232,56,1.72,2135.6099999999997,2845.72,4.1,5,2.0,0.2,1,High-Value
CUST-BD-03233,165,1.05,1556.42,4997.86,4.3,2,7.5,0.0,3,Low-Engagement
CUST-BD-03235,1,3.17,1741.58,32729.55,4.04,5,4.0,0.0,1,High-Value
CUST-BD-03236,108,0.66,33.75,2315.11,3.0,1,0.0,0.0,0,Moderate-Spender
CUST-BD-03237,200,1.02,157.68,3334.88,4.4,1,15.0,0.0,3,Low-Engagement
CUST-BD-03239,46,0.47,1001.1800000000001,2099.25,4.65,2,5.0,0.0,0,Moderate-Spender
CUST-BD-03240,6,1.67,3333.6800000000003,14063.71,4.2875,8,5.0,0.0,1,High-Value
CUST-BD-03241,21,2.11,1821.24,44436.66,4.377777777777777,9,7.777777777777778,0.0,1,High-Value
CUST-BD-03242,275,1.22,867.22,2941.19,4.199999999999999,2,0.0,0.5,0,Moderate-Spender
CUST-BD-03243,260,0.38999999999999996,1136.6799999999998,1634.74,4.333333333333333,3,8.333333333333334,0.0,3,Low-Engagement
CUST-BD-03244,1,0.3,106.0,3246.54,4.65,2,2.5,0.0,0,Moderate-Spender
CUST-BD-03245,14,6.13,1675.51,73380.54,4.18,5,3.0,0.2,1,High-Value
CUST-BD-03246,53,0.85,492.18,5650.45,3.5666666666666664,3,3.3333333333333335,0.0,0,Moderate-Spender
CUST-BD-03247,201,0.74,521.41,1199.0,3.6500000000000004,2,0.0,0.0,0,Moderate-Spender
CUST-BD-03248,85,0.43,708.4499999999999,4553.7,4.449999999999999,2,0.0,0.0,0,Moderate-Spender
CUST-BD-03249,6,3.07,4135.96,65055.55,4.072727272727272,11,6.818181818181818,0.18181818181818182,1,High-Value
CUST-BD-03250,55,0.85,2388.64,14090.97,4.066666666666666,9,3.888888888888889,0.0,1,High-Value
CUST-BD-03251,32,0.69,562.29,744.07,4.2,2,2.5,0.0,0,Moderate-Spender
CUST-BD-03252,186,0.84,456.2,1811.24,4.25,2,0.0,0.0,0,Moderate-Spender
CUST-BD-03253,1,2.37,3923.43,37350.11,4.091666666666667,12,5.416666666666667,0.0,1,High-Value
CUST-BD-03254,151,0.46,2056.8,2170.02,4.15,4,6.25,0.0,3,Low-Engagement
CUST-BD-03255,3,1.22,4032.15,2994.38,4.1,7,5.714285714285714,0.14285714285714285,1,High-Value
CUST-BD-03256,16,5.01,4699.11,29921.5,4.2125,16,5.625,0.0,1,High-Value
CUST-BD-03257,313,0.78,112.5,1430.31,3.1,1,0.0,0.0,0,Moderate-Spender
CUST-BD-03258,213,0.29,305.32,3563.66,4.0,1,15.0,0.0,3,Low-Engagement
CUST-BD-03259,68,2.38,1909.1000000000001,14670.71,4.066666666666666,6,3.3333333333333335,0.0,1,High-Value
CUST-BD-03260,66,2.16,1642.8600000000001,15055.5,4.257142857142857,7,5.0,0.0,1,High-Value
CUST-BD-03261,372,1.77,301.11,8813.38,3.6,1,5.0,0.0,0,Moderate-Spender
CUST-BD-03262,55,3.96,1892.76,11134.68,4.214285714285714,7,0.0,0.0,1,High-Value
CUST-BD-03263,184,1.62,923.96,10459.9,3.65,4,6.25,0.0,3,Low-Engagement
CUST-BD-03264,32,2.03,833.36,19031.09,3.7600000000000002,5,6.0,0.2,1,High-Value
CUST-BD-03265,365,0.91,230.04,1815.38,4.25,2,10.0,0.5,3,Low-Engagement
CUST-BD-03266,100,1.13,1093.64,1587.2,4.25,2,2.5,0.0,0,Moderate-Spender
CUST-BD-03268,251,1.12,182.27,18000.75,3.4499999999999997,2,0.0,0.0,0,Moderate-Spender
CUST-BD-03269,383,1.2,566.77,3306.37,4.8,1,10.0,0.0,3,Low-Engagement
CUST-BD-03271,4,3.23,550.78,38510.87,4.633333333333333,3,8.333333333333334,0.0,1,High-Value
CUST-BD-03272,0,7.54,7546.83,198793.7,4.084,25,4.6,0.0,2,VIP-Platinum
CUST-BD-03273,22,0.65,2966.45,7025.1,4.2555555555555555,9,8.88888888888889,0.0,1,High-Value
CUST-BD-03274,9,1.75,3285.99,18111.61,4.07,10,3.0,0.1,1,High-Value
CUST-BD-03275,265,0.71,732.94,2670.94,3.8000000000000003,3,6.666666666666667,0.0,3,Low-Engagement
CUST-BD-03276,10,6.29,3461.95,24977.28,4.15,14,4.285714285714286,0.14285714285714285,1,High-Value
CUST-BD-03277,49,2.86,1493.17,7051.36,4.12,5,4.0,0.0,1,High-Value
CUST-BD-03278,10,4.48,6616.6900000000005,41137.16,4.123529411764705,17,4.411764705882353,0.0,2,VIP-Platinum
CUST-BD-03279,2,1.92,4960.12,155086.43,3.994117647058824,17,2.3529411764705883,0.0,2,VIP-Platinum
CUST-BD-03280,203,0.44,189.32,5719.52,3.5,1,10.0,0.0,3,Low-Engagement
CUST-BD-03281,5,2.62,2137.58,52447.7,4.133333333333334,12,5.416666666666667,0.0,1,High-Value
CUST-BD-03282,25,1.33,1630.93,15521.93,4.325,8,8.125,0.0,1,High-Value
CUST-BD-03283,25,1.75,1467.92,9721.84,4.675,4,6.25,0.0,1,High-Value
CUST-BD-03284,13,3.6100000000000003,2016.75,12526.05,4.144444444444444,9,4.444444444444445,0.0,1,High-Value
CUST-BD-03286,33,1.93,3743.3599999999997,49131.41,4.066666666666666,6,0.8333333333333334,0.16666666666666666,1,High-Value
CUST-BD-03287,72,0.44,1057.4199999999998,3239.18,4.033333333333333,3,3.3333333333333335,0.0,0,Moderate-Spender
CUST-BD-03288,68,0.9700000000000001,4514.95,34689.16,4.25,6,1.6666666666666667,0.0,1,High-Value
CUST-BD-03290,240,1.09,219.96,5109.26,3.45,2,2.5,0.0,0,Moderate-Spender
CUST-BD-03291,351,2.72,109.03,8275.25,3.7,1,10.0,0.0,3,Low-Engagement
CUST-BD-03292,34,2.6000000000000005,4383.92,96889.17,3.8153846153846156,13,7.3076923076923075,0.07692307692307693,1,High-Value
CUST-BD-03293,85,3.15,267.29999999999995,83515.96,4.133333333333334,3,1.6666666666666667,0.0,1,High-Value
CUST-BD-03294,11,4.02,1302.8300000000002,21694.53,4.057142857142857,7,6.428571428571429,0.0,1,High-Value
CUST-BD-03295,82,0.71,620.0799999999999,11404.77,3.8000000000000003,3,5.0,0.0,0,Moderate-Spender
CUST-BD-03296,1,8.52,5154.7,83140.8,4.2749999999999995,24,4.375,0.0,2,VIP-Platinum
CUST-BD-03297,8,2.14,1455.1399999999999,8804.9,4.183333333333334,6,8.333333333333334,0.5,1,High-Value
CUST-BD-03298,44,1.36,881.66,6136.52,4.45,4,7.5,0.0,3,Low-Engagement
CUST-BD-03299,56,3.17,222.76,46336.68,3.766666666666667,3,3.3333333333333335,0.0,1,High-Value
CUST-BD-03300,8,4.03,5961.72,30154.28,4.307142857142857,14,2.142857142857143,0.0,1,High-Value
CUST-BD-03301,1,2.72,2877.5,44033.73,4.242857142857143,7,5.714285714285714,0.0,1,High-Value
CUST-BD-03302,20,1.13,2563.8599999999997,12180.02,4.083333333333333,6,4.166666666666667,0.0,1,High-Value
CUST-BD-03303,40,1.08,1415.78,5775.61,3.8285714285714287,7,6.428571428571429,0.2857142857142857,1,High-Value
CUST-BD-03304,79,4.46,958.4399999999999,20793.97,4.35,2,5.0,0.5,1,High-Value
CUST-BD-03305,51,1.26,948.12,11652.85,4.475,4,0.0,0.0,0,Moderate-Spender
CUST-BD-03308,45,0.62,428.93,1580.82,4.2,1,15.0,0.0,3,Low-Engagement
CUST-BD-03309,30,1.63,1932.74,8692.65,4.033333333333333,6,4.166666666666667,0.0,1,High-Value
CUST-BD-03310,113,0.92,309.14,2892.25,2.9,1,10.0,0.0,3,Low-Engagement
CUST-BD-03311,44,1.0,1992.5900000000001,10337.24,3.4285714285714284,7,5.0,0.0,1,High-Value
CUST-BD-03312,348,0.3,52.44,5668.36,4.8,1,5.0,0.0,0,Moderate-Spender
CUST-BD-03313,25,0.47,2192.96,4650.91,4.275,4,5.0,0.0,1,High-Value
CUST-BD-03314,3,8.28,2917.82,22573.88,4.035714285714286,14,5.714285714285714,0.0,1,High-Value
CUST-BD-03315,55,1.17,451.23,64434.86,4.0,3,5.0,0.0,1,High-Value
CUST-BD-03316,3,3.4399999999999995,5876.889999999999,33263.31,4.086363636363637,22,6.136363636363637,0.0,1,High-Value
CUST-BD-03317,174,0.34,626.9,5425.04,3.9,3,3.3333333333333335,0.0,0,Moderate-Spender
CUST-BD-03320,316,0.55,761.54,4420.38,4.7,2,10.0,0.0,3,Low-Engagement
CUST-BD-03321,239,0.65,142.66,1013.82,3.3,1,0.0,0.0,0,Moderate-Spender
CUST-BD-03323,102,0.89,1549.56,1564.41,4.9,2,2.5,0.0,0,Moderate-Spender
CUST-BD-03324,34,2.94,1047.8700000000001,28385.76,4.08,5,9.0,0.0,1,High-Value
CUST-BD-03325,46,0.33,512.21,7650.67,4.1,4,6.25,0.0,3,Low-Engagement
CUST-BD-03326,393,1.47,113.04,1778.83,4.7,1,0.0,0.0,0,Moderate-Spender
CUST-BD-03327,6,2.18,4131.49,25617.6,4.2272727272727275,11,5.909090909090909,0.0,1,High-Value
CUST-BD-03328,95,1.0,539.0799999999999,5373.64,4.6,2,0.0,0.0,0,Moderate-Spender
CUST-BD-03329,331,0.46,43.32,3947.31,4.2,1,0.0,0.0,0,Moderate-Spender
CUST-BD-03330,57,3.58,168.23,11787.56,4.0,2,5.0,0.0,1,High-Value
CUST-BD-03331,46,1.56,1462.4299999999998,10124.11,4.375,4,5.0,0.0,1,High-Value
CUST-BD-03332,24,0.69,3695.35,20237.72,4.25,12,8.75,0.0,1,High-Value
CUST-BD-03333,1,5.36,7515.93,274165.67,4.135714285714285,28,4.821428571428571,0.14285714285714285,2,VIP-Platinum
CUST-BD-03335,4,1.95,1918.1599999999999,29137.6,4.04,5,4.0,0.0,1,High-Value
CUST-BD-03336,24,2.59,2199.4,34516.8,4.166666666666667,9,2.7777777777777777,0.0,1,High-Value
CUST-BD-03337,44,0.67,1976.31,4890.69,3.8333333333333335,6,5.833333333333333,0.16666666666666666,1,High-Value
CUST-BD-03338,3,5.7299999999999995,9248.66,121692.95,4.2,28,6.25,0.03571428571428571,2,VIP-Platinum
CUST-BD-03339,7,3.1,4105.36,32628.88,3.9111111111111114,9,5.0,0.1111111111111111,1,High-Value
CUST-BD-03340,47,0.8,1969.93,18434.42,3.757142857142857,7,3.5714285714285716,0.0,1,High-Value
CUST-BD-03341,45,0.54,1036.72,12002.68,4.18,5,3.0,0.0,0,Moderate-Spender
CUST-BD-03342,27,1.87,1761.17,13625.96,4.0,6,5.833333333333333,0.0,1,High-Value
CUST-BD-03343,0,0.6,1009.74,1925.45,3.8499999999999996,2,0.0,0.0,0,Moderate-Spender
CUST-BD-03344,57,1.42,1644.6,5934.82,4.7,4,6.25,0.0,1,High-Value
CUST-BD-03345,380,1.05,383.24,3901.45,3.6500000000000004,2,5.0,0.5,0,Moderate-Spender
CUST-BD-03346,381,0.55,253.68,8027.87,4.4,1,0.0,0.0,0,Moderate-Spender
CUST-BD-03347,126,1.65,745.22,14003.78,4.225,4,6.25,0.0,3,Low-Engagement
CUST-BD-03348,1,8.64,11500.56,231687.32,3.817241379310345,29,2.413793103448276,0.10344827586206896,2,VIP-Platinum
CUST-BD-03349,118,0.63,543.61,2271.44,3.8000000000000003,3,8.333333333333334,0.0,3,Low-Engagement
CUST-BD-03350,9,0.73,2471.7700000000004,16742.39,4.2,4,7.5,0.25,1,High-Value
CUST-BD-03351,389,0.49,413.3,2454.53,3.6,1,5.0,0.0,0,Moderate-Spender
CUST-BD-03352,38,1.25,2106.58,8838.39,3.733333333333333,3,3.3333333333333335,0.0,1,High-Value
CUST-BD-03354,20,1.9600000000000002,1488.37,10743.02,3.88,5,5.0,0.0,1,High-Value
CUST-BD-03355,149,1.6,369.95,9967.77,4.3,2,10.0,0.0,3,Low-Engagement
CUST-BD-03356,128,0.49,361.59,1482.62,3.6,1,0.0,0.0,0,Moderate-Spender
CUST-BD-03357,49,2.75,1562.3400000000001,3244.12,4.52,5,9.0,0.0,3,Low-Engagement
CUST-BD-03358,44,0.53,763.75,917.77,4.3,4,6.25,0.0,1,High-Value
CUST-BD-03359,33,1.58,997.77,7296.82,4.08,5,6.0,0.0,1,High-Value
CUST-BD-03360,3,2.76,5330.9400000000005,35803.09,4.0375,16,4.375,0.0,1,High-Value
CUST-BD-03361,308,0.41,290.7,1056.08,4.0,1,15.0,0.0,3,Low-Engagement
CUST-BD-03362,220,0.42,119.0,1741.98,3.4,1,15.0,0.0,3,Low-Engagement
CUST-BD-03363,0,6.31,6905.88,95579.61,4.0181818181818185,22,4.318181818181818,0.045454545454545456,2,VIP-Platinum
CUST-BD-03364,33,0.38999999999999996,930.71,3272.64,4.433333333333334,3,10.0,0.0,3,Low-Engagement
CUST-BD-03365,256,0.76,428.91,2173.54,4.2,1,0.0,0.0,0,Moderate-Spender
CUST-BD-03366,71,1.28,1410.54,36989.1,4.04,5,9.0,0.0,3,Low-Engagement
CUST-BD-03367,240,1.27,531.4,38050.37,3.9,2,12.5,0.5,3,Low-Engagement
CUST-BD-03368,46,1.5599999999999998,1621.8,13841.69,4.6000000000000005,3,1.6666666666666667,0.0,0,Moderate-Spender
CUST-BD-03369,147,2.78,1787.64,8829.95,4.057142857142857,7,5.0,0.0,1,High-Value
CUST-BD-03370,1,4.45,10949.88,119513.79,4.137931034482759,29,2.413793103448276,0.06896551724137931,2,VIP-Platinum
CUST-BD-03371,93,0.77,1548.0700000000002,1126.31,4.3,5,3.0,0.2,0,Moderate-Spender
CUST-BD-03372,15,2.04,2148.63,20037.02,4.220000000000001,5,2.0,0.0,1,High-Value
CUST-BD-03373,0,3.08,6039.98,105310.34,3.9916666666666667,24,6.041666666666667,0.041666666666666664,2,VIP-Platinum
CUST-BD-03374,192,0.93,411.91,1211.77,2.9,1,10.0,0.0,3,Low-Engagement
CUST-BD-03375,6,9.4,4297.98,66908.03,4.225,16,5.625,0.0,2,VIP-Platinum
CUST-BD-03376,1,10.21,13971.42,134014.9,4.0058823529411764,34,3.823529411764706,0.0,2,VIP-Platinum
CUST-BD-03377,1,3.26,8345.08,34979.45,4.055555555555555,27,3.1481481481481484,0.1111111111111111,2,VIP-Platinum
CUST-BD-03378,228,0.4,692.64,1462.55,4.4,1,0.0,0.0,0,Moderate-Spender
CUST-BD-03379,23,1.55,1491.31,8317.61,4.116666666666666,6,5.0,0.0,1,High-Value
CUST-BD-03380,24,3.01,2481.72,62832.86,4.2125,8,3.125,0.25,1,High-Value
CUST-BD-03381,64,0.71,471.05000000000007,6993.0,3.6666666666666665,3,0.0,0.0,0,Moderate-Spender
CUST-BD-03382,44,1.32,2512.52,13806.44,4.114285714285715,7,4.285714285714286,0.0,1,High-Value
CUST-BD-03383,109,0.78,96.9,375.38,4.0,1,0.0,0.0,0,Moderate-Spender
CUST-BD-03384,92,0.20000000000000004,890.15,1279.19,4.1000000000000005,3,5.0,0.0,0,Moderate-Spender
CUST-BD-03385,17,4.6,3147.48,285070.16,4.15,8,5.625,0.0,2,VIP-Platinum
CUST-BD-03386,7,12.0,5849.58,104409.85,4.288888888888889,18,7.222222222222222,0.05555555555555555,2,VIP-Platinum
CUST-BD-03387,214,0.52,51.24,523.33,4.3,1,15.0,0.0,3,Low-Engagement
CUST-BD-03388,326,0.78,100.62,10380.76,4.6,1,0.0,0.0,0,Moderate-Spender
CUST-BD-03389,35,4.03,2239.7799999999997,4934.7,4.285714285714286,7,7.142857142857143,0.2857142857142857,1,High-Value
CUST-BD-03390,319,0.71,474.39,3526.76,3.7,1,15.0,0.0,3,Low-Engagement
CUST-BD-03391,4,1.89,3312.38,5529.61,4.2,7,7.857142857142857,0.0,1,High-Value
CUST-BD-03392,44,4.41,876.8299999999999,41231.45,4.0,4,2.5,0.0,1,High-Value
CUST-BD-03393,44,4.9,1210.8999999999999,4700.92,4.233333333333333,3,0.0,0.0,1,High-Value
CUST-BD-03394,14,1.79,2518.36,24634.89,3.8272727272727276,11,8.181818181818182,0.0,1,High-Value
CUST-BD-03395,374,0.56,280.21,4691.2,4.4,2,7.5,0.0,3,Low-Engagement
CUST-BD-03396,73,1.14,954.49,1793.94,3.9,4,8.75,0.0,3,Low-Engagement
CUST-BD-03397,1,4.21,1156.41,46859.69,4.3,3,3.3333333333333335,0.0,1,High-Value
CUST-BD-03398,289,1.03,793.71,4115.29,4.0,2,5.0,0.5,0,Moderate-Spender
CUST-BD-03399,342,0.2,561.6,2780.31,4.35,2,7.5,0.0,3,Low-Engagement
CUST-BD-03400,3,0.55,1257.23,5647.67,3.85,6,8.333333333333334,0.0,1,High-Value
CUST-BD-03402,26,2.45,2757.0,8739.38,4.183333333333334,6,9.166666666666666,0.0,1,High-Value
CUST-BD-03403,1,3.89,3838.09,49787.5,4.190909090909091,11,6.818181818181818,0.0,1,High-Value
CUST-BD-03404,167,0.35,343.97999999999996,4068.64,4.15,2,5.0,0.0,0,Moderate-Spender
CUST-BD-03405,145,1.27,1672.3100000000002,12440.57,3.925,4,2.5,0.0,0,Moderate-Spender
CUST-BD-03406,46,0.96,61.05,3809.85,5.0,1,0.0,0.0,0,Moderate-Spender
CUST-BD-03407,8,0.75,1789.91,4233.0,4.244444444444444,9,5.0,0.0,1,High-Value
CUST-BD-03408,357,0.47,384.18,2988.92,3.6,1,0.0,0.0,0,Moderate-Spender
CUST-BD-03409,7,3.93,5371.76,33663.56,4.00625,16,6.25,0.0625,1,High-Value
CUST-BD-03410,182,0.97,1504.24,3364.99,4.050000000000001,2,0.0,0.5,0,Moderate-Spender
CUST-BD-03411,317,2.4,54.63,54965.8,4.3,1,10.0,0.0,3,Low-Engagement
CUST-BD-03412,2,5.49,5258.41,18628.44,4.14,15,5.0,0.0,1,High-Value
CUST-BD-03413,3,5.4,5861.74,32764.61,4.12,15,5.0,0.0,1,High-Value
CUST-BD-03414,110,0.6,1357.32,24497.76,4.166666666666667,3,3.3333333333333335,0.0,0,Moderate-Spender
CUST-BD-03415,251,1.72,592.92,3000.16,4.6,1,10.0,0.0,3,Low-Engagement
CUST-BD-03416,1,3.0400000000000005,1825.74,10357.85,3.5833333333333335,6,8.333333333333334,0.16666666666666666,1,High-Value
CUST-BD-03417,342,0.78,815.85,1203.91,3.7,1,0.0,0.0,0,Moderate-Spender
CUST-BD-03419,0,2.47,1706.0,4776.65,4.185714285714286,7,4.285714285714286,0.0,1,High-Value
CUST-BD-03420,28,2.15,1776.84,9883.38,4.4,4,10.0,0.25,3,Low-Engagement
CUST-BD-03421,44,1.38,1910.8400000000001,8192.03,3.8600000000000003,5,4.0,0.0,1,High-Value
CUST-BD-03422,1,12.0,9898.45,120293.73,4.012121212121213,33,5.757575757575758,0.030303030303030304,2,VIP-Platinum
CUST-BD-03423,13,0.5,1468.55,7680.47,4.4,5,10.0,0.0,3,Low-Engagement
CUST-BD-03424,139,1.11,1012.73,9032.43,4.266666666666667,3,8.333333333333334,0.0,3,Low-Engagement
CUST-BD-03425,2,2.05,1714.18,6369.17,3.94,5,4.0,0.0,1,High-Value
CUST-BD-03426,136,1.55,421.15,9476.68,3.65,2,7.5,0.0,3,Low-Engagement
CUST-BD-03427,162,2.35,300.95,12512.59,4.4,1,0.0,0.0,0,Moderate-Spender
CUST-BD-03428,1,0.33,918.75,2029.64,4.533333333333333,3,3.3333333333333335,0.0,0,Moderate-Spender
CUST-BD-03429,53,1.39,349.67,9113.75,4.1,2,12.5,0.0,3,Low-Engagement
CUST-BD-03430,10,3.01,701.26,12141.31,4.0,3,8.333333333333334,0.0,1,High-Value
CUST-BD-03431,51,0.31,1220.49,4558.3,4.25,2,2.5,0.0,0,Moderate-Spender
CUST-BD-03432,31,0.61,724.2,3908.12,4.1,1,15.0,0.0,3,Low-Engagement
CUST-BD-03433,85,0.52,1269.6399999999999,1150.3,4.15,2,0.0,0.0,0,Moderate-Spender
CUST-BD-03435,158,0.87,656.64,5680.29,2.5,1,15.0,0.0,3,Low-Engagement
CUST-BD-03436,6,3.38,4017.34,53450.86,4.2,13,4.615384615384615,0.07692307692307693,1,High-Value
CUST-BD-03437,22,1.36,423.52000000000004,2585.17,4.1000000000000005,3,1.6666666666666667,0.0,0,Moderate-Spender
CUST-BD-03439,4,5.48,4829.11,217884.86,3.9842105263157896,19,4.7368421052631575,0.05263157894736842,2,VIP-Platinum
CUST-BD-03440,73,1.57,906.3199999999999,8404.14,3.975,4,1.25,0.0,0,Moderate-Spender
CUST-BD-03441,169,1.56,62.5,14244.61,4.4,1,0.0,0.0,0,Moderate-Spender
CUST-BD-03442,5,1.6499999999999997,2938.53,9461.11,3.9916666666666667,12,8.333333333333334,0.0,1,High-Value
CUST-BD-03443,56,3.86,2673.13,38207.69,3.775,4,2.5,0.0,1,High-Value
CUST-BD-03444,7,0.95,1953.91,16978.16,4.5,5,5.0,0.0,1,High-Value
CUST-BD-03445,386,2.05,741.28,2771.92,3.95,2,2.5,0.0,0,Moderate-Spender
CUST-BD-03446,1,3.36,4745.4,38388.08,4.1,14,3.9285714285714284,0.0,1,High-Value
CUST-BD-03448,34,1.41,2803.43,7788.94,4.45,8,3.75,0.0,1,High-Value
CUST-BD-03449,4,1.43,803.6800000000001,49380.05,3.85,2,0.0,0.0,0,Moderate-Spender
CUST-BD-03450,52,2.26,1510.3,9846.4,4.044444444444444,9,2.7777777777777777,0.0,1,High-Value
CUST-BD-03451,147,2.24,881.45,18936.38,3.95,4,8.75,0.0,3,Low-Engagement
CUST-BD-03452,32,1.4799999999999998,1095.3,2334.65,4.2,3,6.666666666666667,0.0,1,High-Value
CUST-BD-03453,235,1.27,137.08,3482.17,4.5,1,5.0,0.0,0,Moderate-Spender
CUST-BD-03454,26,3.02,5082.2,58158.92,4.128571428571428,14,5.0,0.07142857142857142,1,High-Value
CUST-BD-03455,86,2.19,598.0600000000001,103136.12,3.75,2,12.5,0.0,3,Low-Engagement
CUST-BD-03456,1,4.99,5757.58,81010.27,4.315789473684211,19,4.473684210526316,0.0,2,VIP-Platinum
CUST-BD-03457,226,2.41,629.62,1215.61,4.0,2,5.0,0.0,0,Moderate-Spender
CUST-BD-03458,1,4.3,7322.02,347549.05,4.188888888888889,27,3.5185185185185186,0.0,2,VIP-Platinum
CUST-BD-03460,67,0.38000000000000006,247.59999999999997,1915.63,4.233333333333333,3,3.3333333333333335,0.0,0,Moderate-Spender
CUST-BD-03461,3,6.12,4513.55,38842.31,3.9785714285714286,14,3.5714285714285716,0.0,1,High-Value
CUST-BD-03462,26,1.14,1799.97,9056.6,4.08,5,3.0,0.0,1,High-Value
CUST-BD-03463,5,1.1,804.07,13026.03,4.2,5,8.0,0.0,1,High-Value
CUST-BD-03464,28,1.37,1385.8200000000002,9940.77,3.96,5,3.0,0.0,1,High-Value
CUST-BD-03465,11,2.09,2183.24,75656.16,3.8083333333333336,12,5.0,0.16666666666666666,1,High-Value
CUST-BD-03466,173,0.88,440.18,1871.88,4.9,1,15.0,0.0,3,Low-Engagement
CUST-BD-03467,164,1.37,267.45,2332.42,3.9,2,12.5,0.0,3,Low-Engagement
CUST-BD-03468,289,0.5,79.8,31842.3,3.8,1,5.0,1.0,0,Moderate-Spender
CUST-BD-03469,17,2.91,6000.96,62566.11,4.25,12,3.75,0.08333333333333333,1,High-Value
CUST-BD-03470,8,1.76,3140.66,31608.24,3.657142857142857,7,5.0,0.0,1,High-Value
CUST-BD-03471,16,1.15,1464.08,3319.06,4.0,3,6.666666666666667,0.0,1,High-Value
CUST-BD-03472,117,3.49,525.08,33834.72,3.466666666666667,3,1.6666666666666667,0.0,0,Moderate-Spender
CUST-BD-03473,64,0.64,1535.45,1089.31,4.3999999999999995,3,3.3333333333333335,0.0,0,Moderate-Spender
CUST-BD-03474,69,0.48,431.2,1301.87,4.7,1,0.0,0.0,0,Moderate-Spender
CUST-BD-03475,88,0.29,854.43,1770.97,3.75,2,7.5,0.5,3,Low-Engagement
CUST-BD-03476,334,2.04,125.12,2847.97,3.4,1,0.0,0.0,0,Moderate-Spender
CUST-BD-03477,5,1.45,1166.04,4469.7,4.1000000000000005,3,6.666666666666667,0.0,1,High-Value
CUST-BD-03478,100,0.24,1346.95,1579.91,4.25,4,3.75,0.0,0,Moderate-Spender
CUST-BD-03479,129,1.0,925.53,1420.92,4.025,4,3.75,0.0,0,Moderate-Spender
CUST-BD-03480,5,1.74,6204.9,15932.48,4.2,16,4.6875,0.0,1,High-Value
CUST-BD-03482,28,1.61,3085.19,23615.37,3.96,10,8.0,0.0,1,High-Value
CUST-BD-03483,2,1.06,6439.349999999999,9557.01,4.1466666666666665,15,5.333333333333333,0.0,1,High-Value
CUST-BD-03484,44,1.5599999999999998,3102.75,7854.61,4.0,6,2.5,0.0,1,High-Value
CUST-BD-03485,35,4.54,726.97,5860.22,3.8,2,7.5,0.0,1,High-Value
CUST-BD-03486,59,0.42,1262.15,2265.86,3.6333333333333333,3,3.3333333333333335,0.0,0,Moderate-Spender
CUST-BD-03488,24,2.85,2452.3,4228.41,3.9857142857142853,7,8.571428571428571,0.0,1,High-Value
CUST-BD-03489,57,2.38,1102.54,20211.61,3.975,4,7.5,0.0,1,High-Value
CUST-BD-03490,235,4.8,155.32,29919.49,3.85,2,7.5,0.0,3,Low-Engagement
CUST-BD-03491,9,5.41,735.3399999999999,62444.01,4.3,4,5.0,0.25,1,High-Value
CUST-BD-03492,32,4.32,3124.77,13508.74,4.05,10,2.5,0.0,1,High-Value
CUST-BD-03493,112,0.85,717.26,24198.33,4.4,3,0.0,0.3333333333333333,0,Moderate-Spender
CUST-BD-03494,179,1.05,214.51000000000002,3654.76,4.3,2,0.0,0.0,0,Moderate-Spender
CUST-BD-03495,2,7.35,3062.44,68153.66,4.225,16,4.375,0.0,2,VIP-Platinum
CUST-BD-03496,2,3.92,9570.73,102011.09,4.016,25,5.8,0.08,2,VIP-Platinum
CUST-BD-03497,41,0.24,833.47,5822.36,3.8666666666666667,3,6.666666666666667,0.3333333333333333,3,Low-Engagement
CUST-BD-03498,0,1.59,3195.03,70358.22,4.254545454545454,11,5.454545454545454,0.0,1,High-Value
CUST-BD-03499,192,1.07,953.44,52650.28,3.966666666666667,3,5.0,0.0,0,Moderate-Spender
CUST-BD-03500,353,0.9499999999999998,465.48,2038.15,3.8333333333333335,3,8.333333333333334,0.3333333333333333,3,Low-Engagement
CUST-BD-03501,2,2.34,3400.05,35477.42,4.117647058823529,17,4.411764705882353,0.11764705882352941,1,High-Value
CUST-BD-03502,39,1.6000000000000003,1706.39,11764.6,3.6666666666666665,3,3.3333333333333335,0.0,1,High-Value
CUST-BD-03503,55,1.15,3004.61,4556.16,3.6,6,6.666666666666667,0.0,1,High-Value
CUST-BD-03504,248,1.49,365.75,6612.31,4.9,1,5.0,0.0,0,Moderate-Spender
CUST-BD-03505,179,1.54,758.57,13205.17,4.3,3,5.0,0.0,0,Moderate-Spender
CUST-BD-03506,117,0.49,706.36,2363.07,4.3,1,5.0,0.0,0,Moderate-Spender
CUST-BD-03507,294,2.51,51.99,11110.89,3.8,1,5.0,0.0,0,Moderate-Spender
CUST-BD-03508,281,1.5,90.99,2540.09,4.35,2,5.0,0.0,0,Moderate-Spender
CUST-BD-03509,168,0.37,705.2900000000001,2331.62,4.35,2,0.0,0.0,0,Moderate-Spender
CUST-BD-03511,379,0.32,301.14,3245.42,4.3,1,10.0,0.0,3,Low-Engagement
CUST-BD-03512,13,1.22,3940.43,42625.74,4.033333333333333,12,4.166666666666667,0.0,1,High-Value
CUST-BD-03513,259,1.24,684.0,1474.23,3.8,1,5.0,0.0,0,Moderate-Spender
CUST-BD-03514,325,2.11,100.89,3206.35,3.3,1,10.0,0.0,3,Low-Engagement
CUST-BD-03515,133,2.67,556.51,24077.67,3.6,3,1.6666666666666667,0.3333333333333333,0,Moderate-Spender
CUST-BD-03516,13,8.77,4070.29,51790.23,3.8615384615384616,13,5.769230769230769,0.0,2,VIP-Platinum
CUST-BD-03517,1,1.12,1610.92,10718.74,3.6999999999999997,4,3.75,0.25,1,High-Value
CUST-BD-03518,0,5.27,12194.57,120349.08,4.022222222222222,36,5.277777777777778,0.027777777777777776,2,VIP-Platinum
CUST-BD-03519,3,4.0,2147.78,12225.3,3.6999999999999997,9,9.444444444444445,0.0,1,High-Value
CUST-BD-03520,77,0.97,455.6,10634.48,3.95,4,2.5,0.0,0,Moderate-Spender
CUST-BD-03521,50,2.65,1113.2599999999998,13385.0,4.233333333333333,3,3.3333333333333335,0.0,1,High-Value
CUST-BD-03522,350,0.58,1236.9,4143.58,3.3,1,5.0,0.0,0,Moderate-Spender
CUST-BD-03523,16,1.08,1168.8899999999999,11824.75,4.279999999999999,5,4.0,0.0,1,High-Value
CUST-BD-03524,3,2.42,4232.5199999999995,37259.48,3.936363636363636,11,3.1818181818181817,0.0,1,High-Value
CUST-BD-03525,23,0.49,1201.42,8895.72,4.3999999999999995,6,7.5,0.0,1,High-Value
CUST-BD-03526,11,6.4,3444.1099999999997,11753.33,4.157142857142857,7,7.142857142857143,0.0,1,High-Value
CUST-BD-03527,302,1.81,441.0,11225.01,3.6,1,0.0,0.0,0,Moderate-Spender
CUST-BD-03528,75,1.47,1257.77,5145.37,4.085714285714285,7,2.142857142857143,0.0,0,Moderate-Spender
CUST-BD-03529,227,0.48,130.38,1780.19,4.4,2,10.0,0.0,3,Low-Engagement
CUST-BD-03530,135,0.83,24.98,1486.88,5.0,1,5.0,1.0,0,Moderate-Spender
CUST-BD-03531,3,2.6,3538.95,7151.72,3.9818181818181815,11,6.363636363636363,0.09090909090909091,1,High-Value
CUST-BD-03532,186,0.6,1193.98,1687.39,4.1000000000000005,3,3.3333333333333335,0.0,0,Moderate-Spender
CUST-BD-03533,4,5.4399999999999995,4809.84,46836.74,4.1923076923076925,13,5.0,0.0,1,High-Value
CUST-BD-03534,84,0.81,75.72,3052.43,4.9,1,0.0,0.0,0,Moderate-Spender
CUST-BD-03535,309,0.66,875.81,2672.1,3.55,2,15.0,0.0,3,Low-Engagement
CUST-BD-03536,10,2.64,4340.77,22727.28,3.822222222222222,9,7.777777777777778,0.0,1,High-Value
CUST-BD-03537,66,0.53,436.48,15664.3,3.9,1,0.0,0.0,0,Moderate-Spender
CUST-BD-03538,4,0.8,2105.82,14914.94,3.8125,8,6.875,0.0,1,High-Value
CUST-BD-03539,248,0.68,150.32,4310.82,3.4,1,0.0,0.0,0,Moderate-Spender
CUST-BD-03540,101,0.71,406.71999999999997,2957.94,4.5,3,10.0,0.3333333333333333,3,Low-Engagement
CUST-BD-03541,68,1.42,1204.48,16226.7,3.775,4,2.5,0.0,0,Moderate-Spender
CUST-BD-03542,155,1.3500000000000003,1471.8899999999999,943.35,4.5,3,1.6666666666666667,0.0,0,Moderate-Spender
CUST-BD-03543,61,2.11,2088.0,2170.88,3.914285714285714,7,4.285714285714286,0.0,1,High-Value
CUST-BD-03544,131,0.66,848.5699999999999,703.2,3.8,2,2.5,0.0,0,Moderate-Spender
CUST-BD-03545,43,1.6,690.32,7562.05,4.375,4,8.75,0.0,3,Low-Engagement
CUST-BD-03546,100,1.67,1149.61,24978.5,4.033333333333333,3,1.6666666666666667,0.0,0,Moderate-Spender
CUST-BD-03547,152,0.93,577.06,2913.94,4.25,2,5.0,0.0,0,Moderate-Spender
CUST-BD-03548,76,1.6499999999999997,1183.1399999999999,8701.54,4.1000000000000005,3,3.3333333333333335,0.0,0,Moderate-Spender
CUST-BD-03549,3,1.47,677.0,15480.17,4.175,4,2.5,0.0,1,High-Value
CUST-BD-03550,58,1.54,1371.54,43259.59,4.3,4,2.5,0.0,1,High-Value
CUST-BD-03551,11,2.17,3367.96,15521.96,4.1625,16,5.0,0.0625,1,High-Value
CUST-BD-03552,7,1.86,4672.72,14573.87,4.054545454545455,11,8.181818181818182,0.0,1,High-Value
CUST-BD-03553,175,0.78,232.82,4119.32,4.3,2,10.0,0.0,3,Low-Engagement
CUST-BD-03554,3,1.41,3387.7700000000004,123449.94,3.8846153846153846,13,3.076923076923077,0.0,1,High-Value
CUST-BD-03555,42,1.17,1968.17,10487.36,4.171428571428572,7,2.857142857142857,0.2857142857142857,1,High-Value
CUST-BD-03556,0,1.9200000000000002,6110.17,96699.62,3.984615384615385,13,5.0,0.0,1,High-Value
CUST-BD-03557,24,3.3899999999999997,3830.88,8628.07,4.13,10,3.0,0.0,1,High-Value
CUST-BD-03558,303,0.8,262.25,10096.29,4.550000000000001,2,0.0,0.0,0,Moderate-Spender
CUST-BD-03559,12,4.05,4389.31,24492.17,4.0,14,6.428571428571429,0.0,1,High-Value
CUST-BD-03560,12,3.0800000000000005,3638.58,51467.09,4.185714285714286,14,5.0,0.0,1,High-Value
CUST-BD-03561,75,0.5,292.4,2969.14,4.1,1,10.0,0.0,3,Low-Engagement
CUST-BD-03562,9,1.25,1014.47,26890.26,4.15,4,7.5,0.0,1,High-Value
CUST-BD-03563,163,2.1,294.31,24798.51,4.35,2,2.5,0.0,0,Moderate-Spender
CUST-BD-03564,245,1.39,606.76,5885.11,5.0,2,7.5,0.0,3,Low-Engagement
CUST-BD-03565,13,4.22,3150.4900000000002,28605.64,3.9571428571428577,7,4.285714285714286,0.0,1,High-Value
CUST-BD-03566,30,0.76,355.28,8953.9,4.45,2,10.0,0.0,3,Low-Engagement
CUST-BD-03567,69,0.82,207.16,2653.14,4.266666666666667,3,5.0,0.0,0,Moderate-Spender
CUST-BD-03569,52,2.4,1414.2,18414.51,4.185714285714286,7,4.285714285714286,0.0,1,High-Value
CUST-BD-03570,73,0.59,1587.62,2157.07,4.375,4,3.75,0.0,0,Moderate-Spender
CUST-BD-03571,5,2.64,2002.4299999999998,7189.91,3.8875,8,5.625,0.0,1,High-Value
CUST-BD-03572,11,8.74,1873.34,61004.26,4.2625,8,3.75,0.125,1,High-Value
CUST-BD-03573,1,5.3,5262.34,54484.17,3.864705882352941,17,5.0,0.058823529411764705,2,VIP-Platinum
CUST-BD-03574,69,0.20000000000000004,647.19,5209.35,4.333333333333333,3,10.0,0.0,3,Low-Engagement
CUST-BD-03575,78,0.46,130.9,1303.59,4.1,1,0.0,0.0,0,Moderate-Spender
CUST-BD-03576,1,6.39,11241.8,132036.48,4.0,37,5.0,0.08108108108108109,2,VIP-Platinum
CUST-BD-03577,24,0.87,602.37,11134.02,4.3,2,7.5,0.0,3,Low-Engagement
CUST-BD-03578,32,0.37,1242.05,576.65,4.58,5,7.0,0.0,1,High-Value
CUST-BD-03579,228,0.56,325.09,3300.94,4.0,1,0.0,0.0,0,Moderate-Spender
CUST-BD-03580,5,3.87,5090.37,75986.35,3.9909090909090907,11,4.090909090909091,0.2727272727272727,1,High-Value
CUST-BD-03581,2,4.49,3400.94,89818.83,3.66875,16,5.0,0.0,1,High-Value
CUST-BD-03582,73,1.31,403.98,10769.16,3.9333333333333336,3,1.6666666666666667,0.0,0,Moderate-Spender
CUST-BD-03583,46,0.55,757.88,4112.47,4.75,2,2.5,0.0,0,Moderate-Spender
CUST-BD-03584,42,1.01,1487.27,15258.24,4.3,4,1.25,0.0,0,Moderate-Spender
CUST-BD-03585,55,0.93,54.72,1584.41,3.7,1,0.0,0.0,0,Moderate-Spender
CUST-BD-03586,4,4.08,3407.21,20437.06,4.073333333333333,15,5.666666666666667,0.06666666666666667,1,High-Value
CUST-BD-03587,158,1.15,169.8,2429.21,3.9,1,0.0,0.0,0,Moderate-Spender
CUST-BD-03588,19,0.75,2099.26,2170.23,4.275,4,1.25,0.25,0,Moderate-Spender
CUST-BD-03589,309,0.34,162.74,2635.88,4.1,2,7.5,0.0,3,Low-Engagement
CUST-BD-03592,181,0.62,213.1,5801.17,4.2,2,0.0,0.5,0,Moderate-Spender
CUST-BD-03593,159,1.53,1002.89,27440.32,3.8000000000000003,3,11.666666666666666,0.3333333333333333,3,Low-Engagement
CUST-BD-03594,360,1.87,1345.86,3691.19,4.1000000000000005,3,1.6666666666666667,0.0,0,Moderate-Spender
CUST-BD-03596,127,0.5,1086.9,2212.53,4.2,3,3.3333333333333335,0.0,0,Moderate-Spender
CUST-BD-03597,63,1.5,1816.75,10141.36,4.057142857142857,7,2.857142857142857,0.0,1,High-Value
CUST-BD-03598,126,4.05,237.82999999999998,6629.43,4.366666666666667,3,8.333333333333334,0.0,3,Low-Engagement
CUST-BD-03599,262,0.51,528.75,1009.7,4.7,1,0.0,1.0,0,Moderate-Spender
CUST-BD-03600,3,5.78,4433.08,40429.44,3.8461538461538463,13,3.8461538461538463,0.07692307692307693,1,High-Value
CUST-BD-03601,191,0.87,403.37,2210.81,4.1,1,5.0,0.0,0,Moderate-Spender
CUST-BD-03602,41,0.62,576.56,3148.68,3.85,2,2.5,0.0,0,Moderate-Spender
CUST-BD-03604,39,1.4799999999999998,1034.79,30810.05,4.233333333333333,6,3.3333333333333335,0.0,1,High-Value
CUST-BD-03606,256,0.22,392.35,403.04,3.9,1,5.0,0.0,0,Moderate-Spender
CUST-BD-03607,48,1.37,1074.27,12319.24,3.8200000000000003,5,5.0,0.0,1,High-Value
CUST-BD-03609,243,0.65,299.88,1266.63,5.0,1,0.0,0.0,0,Moderate-Spender
CUST-BD-03610,29,2.9,1608.73,23037.2,3.733333333333333,3,5.0,0.0,1,High-Value
CUST-BD-03611,30,1.25,3114.26,19215.63,4.4625,8,5.0,0.125,1,High-Value
CUST-BD-03612,115,0.92,584.71,3069.0,4.4,2,5.0,0.0,0,Moderate-Spender
CUST-BD-03615,9,5.56,1410.93,36859.93,4.228571428571429,7,4.285714285714286,0.0,1,High-Value
CUST-BD-03616,30,3.82,4692.21,39265.98,4.2272727272727275,11,4.090909090909091,0.0,1,High-Value
CUST-BD-03617,72,0.65,565.57,5253.25,4.45,2,5.0,0.0,0,Moderate-Spender
CUST-BD-03618,4,3.49,9769.71,177312.74,4.048148148148148,27,2.962962962962963,0.037037037037037035,2,VIP-Platinum
CUST-BD-03619,35,3.86,1089.77,5856.44,4.183333333333334,6,5.0,0.0,1,High-Value
CUST-BD-03620,317,0.46,388.44,2794.43,4.1,1,10.0,0.0,3,Low-Engagement
CUST-BD-03621,0,4.61,8422.62,48433.95,4.211538461538462,26,4.8076923076923075,0.038461538461538464,2,VIP-Platinum
CUST-BD-03622,185,1.0,542.87,12086.95,3.85,2,2.5,0.0,0,Moderate-Spender
CUST-BD-03623,83,2.0,320.97,7004.69,4.2,2,7.5,0.0,3,Low-Engagement
CUST-BD-03624,26,1.23,1508.7099999999998,6526.63,4.0200000000000005,5,0.0,0.0,0,Moderate-Spender
CUST-BD-03625,19,12.0,1864.59,117771.27,4.066666666666666,6,5.0,0.0,2,VIP-Platinum
CUST-BD-03626,131,0.94,1474.85,1617.43,4.475,4,8.75,0.0,3,Low-Engagement
CUST-BD-03627,6,0.6,741.21,1551.9,4.033333333333334,3,5.0,0.3333333333333333,1,High-Value
CUST-BD-03628,15,0.97,1280.03,13583.79,3.9200000000000004,5,3.0,0.2,1,High-Value
CUST-BD-03629,11,5.65,2683.58,39055.29,4.34,10,5.5,0.0,1,High-Value
CUST-BD-03631,215,0.68,378.54,994.09,4.3,1,0.0,0.0,0,Moderate-Spender
CUST-BD-03632,145,1.48,319.76,4878.72,4.5,2,7.5,0.0,3,Low-Engagement
CUST-BD-03633,246,0.4000000000000001,912.97,5046.6,3.9666666666666663,3,3.3333333333333335,0.0,0,Moderate-Spender
CUST-BD-03634,206,5.489999999999999,1222.54,8568.43,4.033333333333333,3,0.0,0.0,0,Moderate-Spender
CUST-BD-03636,8,1.5,4803.44,58318.21,4.292307692307692,13,7.3076923076923075,0.0,1,High-Value
CUST-BD-03637,36,0.89,855.77,29005.67,4.266666666666667,3,5.0,0.0,1,High-Value
CUST-BD-03638,191,1.32,1071.01,12792.69,4.3,3,3.3333333333333335,0.0,0,Moderate-Spender
CUST-BD-03639,45,9.33,2582.81,64571.96,4.111111111111111,9,1.1111111111111112,0.1111111111111111,1,High-Value
CUST-BD-03640,94,0.64,1502.74,1795.56,4.166666666666667,3,3.3333333333333335,0.0,0,Moderate-Spender
CUST-BD-03641,334,1.3,784.3,11364.84,3.6,1,0.0,0.0,0,Moderate-Spender
CUST-BD-03642,13,2.55,1574.69,11048.47,4.166666666666667,6,7.5,0.16666666666666666,1,High-Value
CUST-BD-03643,258,1.16,257.28,3036.18,3.55,2,5.0,0.0,0,Moderate-Spender
CUST-BD-03644,99,1.01,517.52,4459.66,4.333333333333333,3,13.333333333333334,0.0,3,Low-Engagement
CUST-BD-03645,2,1.79,4270.66,4554.79,4.136363636363637,11,1.8181818181818181,0.2727272727272727,1,High-Value
CUST-BD-03646,149,0.87,544.23,6448.33,4.65,2,12.5,0.0,3,Low-Engagement
CUST-BD-03647,1,1.06,2873.6099999999997,8221.3,4.171428571428572,7,2.142857142857143,0.14285714285714285,1,High-Value
CUST-BD-03650,6,4.75,6947.9400000000005,108233.38,4.183333333333334,18,5.833333333333333,0.05555555555555555,2,VIP-Platinum
CUST-BD-03651,198,0.52,272.24,2589.48,4.9,2,7.5,0.0,3,Low-Engagement
CUST-BD-03652,3,7.0,9414.04,74609.02,4.392307692307693,26,5.961538461538462,0.0,2,VIP-Platinum
CUST-BD-03653,33,1.11,2389.91,24693.87,3.6625,8,3.125,0.0,1,High-Value
CUST-BD-03654,28,1.33,2892.01,12526.75,4.471428571428571,7,2.857142857142857,0.0,1,High-Value
CUST-BD-03655,210,0.54,1066.17,2284.54,4.5,2,7.5,0.0,3,Low-Engagement
CUST-BD-03656,20,3.14,3169.17,36425.68,4.236363636363636,11,2.272727272727273,0.09090909090909091,1,High-Value
CUST-BD-03657,34,3.91,1511.46,54704.56,4.5,5,8.0,0.2,1,High-Value
CUST-BD-03658,110,0.76,1958.74,12506.6,3.7249999999999996,4,6.25,0.0,3,Low-Engagement
CUST-BD-03659,187,2.05,643.86,6549.43,3.75,2,7.5,0.0,3,Low-Engagement
CUST-BD-03660,81,1.85,1111.68,31677.28,4.18,5,10.0,0.0,3,Low-Engagement
CUST-BD-03661,115,0.88,531.6,3298.51,4.25,2,0.0,0.0,0,Moderate-Spender
CUST-BD-03662,3,6.46,9230.99,47592.2,3.872,25,6.6,0.0,2,VIP-Platinum
CUST-BD-03664,28,1.27,1657.94,16629.57,4.433333333333334,6,8.333333333333334,0.3333333333333333,1,High-Value
CUST-BD-03665,256,0.89,238.68,5429.42,4.1,1,0.0,0.0,0,Moderate-Spender
CUST-BD-03666,5,6.010000000000001,3466.71,45903.7,3.891666666666667,12,4.166666666666667,0.0,1,High-Value
CUST-BD-03667,46,1.22,1936.0500000000002,15887.07,4.3,5,3.0,0.0,1,High-Value
CUST-BD-03668,3,1.24,1683.74,16128.96,4.485714285714286,7,5.714285714285714,0.0,1,High-Value
CUST-BD-03671,155,0.47,1136.58,1643.72,3.7,2,0.0,0.0,0,Moderate-Spender
CUST-BD-03672,1,7.57,7223.2,153027.58,4.2620689655172415,29,5.517241379310345,0.06896551724137931,2,VIP-Platinum
CUST-BD-03674,0,11.75,5473.59,84478.56,4.245,20,3.75,0.0,2,VIP-Platinum
CUST-BD-03676,18,2.04,2574.26,38848.32,4.4,8,3.75,0.0,1,High-Value
CUST-BD-03677,0,1.6,1781.6200000000001,8953.26,3.957142857142857,7,7.142857142857143,0.0,1,High-Value
CUST-BD-03678,9,4.07,5688.9,33369.16,3.9214285714285713,14,5.714285714285714,0.07142857142857142,1,High-Value
CUST-BD-03679,43,1.9099999999999997,1077.49,11908.31,4.3,5,7.0,0.0,1,High-Value
CUST-BD-03680,1,4.3,3525.09,21955.63,4.33,10,6.5,0.1,1,High-Value
CUST-BD-03681,26,1.18,1762.72,17777.4,4.185714285714286,7,7.857142857142857,0.0,1,High-Value
CUST-BD-03682,2,1.31,762.5699999999999,2264.77,4.8,2,2.5,0.0,0,Moderate-Spender
CUST-BD-03683,1,2.41,9388.79,127284.59,3.9222222222222225,27,2.962962962962963,0.037037037037037035,2,VIP-Platinum
CUST-BD-03684,8,1.04,3352.76,11427.03,3.8000000000000003,9,4.444444444444445,0.1111111111111111,1,High-Value
CUST-BD-03685,67,0.71,1064.54,6306.94,4.3,2,5.0,0.0,0,Moderate-Spender
CUST-BD-03686,348,0.48,263.79,3462.66,3.7,1,0.0,0.0,0,Moderate-Spender
CUST-BD-03687,72,1.3500000000000003,1230.4199999999998,14047.61,3.85,6,5.0,0.0,1,High-Value
CUST-BD-03688,4,1.86,6153.36,43733.66,4.0473684210526315,19,7.368421052631579,0.0,1,High-Value
CUST-BD-03689,0,2.85,1671.23,122209.38,3.7666666666666666,9,3.888888888888889,0.1111111111111111,1,High-Value
CUST-BD-03691,264,1.19,808.4499999999999,12136.77,4.2,2,10.0,0.0,3,Low-Engagement
CUST-BD-03692,51,0.43,579.1,2662.25,3.625,4,7.5,0.0,3,Low-Engagement
CUST-BD-03693,198,0.54,1648.1,768.51,3.6666666666666665,3,6.666666666666667,0.0,3,Low-Engagement
CUST-BD-03694,26,5.87,1675.69,37008.82,4.328571428571428,7,2.857142857142857,0.14285714285714285,1,High-Value
CUST-BD-03695,3,1.28,415.40999999999997,4599.99,4.35,2,12.5,0.0,3,Low-Engagement
CUST-BD-03696,297,0.54,146.97,3404.71,4.3,1,5.0,0.0,0,Moderate-Spender
CUST-BD-03697,66,0.93,2135.2599999999998,6189.97,4.4,5,6.0,0.0,1,High-Value
CUST-BD-03698,227,0.69,720.19,4005.34,3.866666666666667,3,11.666666666666666,0.0,3,Low-Engagement
CUST-BD-03699,393,1.42,868.53,3378.78,4.05,2,5.0,0.0,0,Moderate-Spender
CUST-BD-03700,144,0.78,342.41999999999996,4261.39,4.15,2,0.0,0.0,0,Moderate-Spender
CUST-BD-03701,104,1.43,1754.13,13691.16,3.725,4,6.25,0.25,1,High-Value
CUST-BD-03702,3,7.709999999999999,6790.95,29576.23,4.08,20,4.25,0.05,2,VIP-Platinum
CUST-BD-03703,19,0.42,616.12,2314.46,4.2,2,7.5,0.0,3,Low-Engagement
CUST-BD-03704,10,3.81,2796.74,8377.3,4.038461538461538,13,2.3076923076923075,0.07692307692307693,1,High-Value
CUST-BD-03705,7,3.39,1881.0300000000002,28643.73,4.6,4,5.0,0.0,1,High-Value
CUST-BD-03706,90,1.01,846.75,2219.59,3.5,2,0.0,0.0,0,Moderate-Spender
CUST-BD-03707,108,0.46,1608.4099999999999,1336.72,3.6,2,10.0,0.5,3,Low-Engagement
CUST-BD-03708,51,0.45,212.96,2006.71,4.233333333333333,3,0.0,0.0,0,Moderate-Spender
CUST-BD-03709,1,1.47,4722.7699999999995,100447.86,3.9214285714285713,14,7.142857142857143,0.07142857142857142,1,High-Value
CUST-BD-03710,31,3.6199999999999997,2474.75,11484.55,4.266666666666667,6,6.666666666666667,0.0,1,High-Value
CUST-BD-03711,165,0.38000000000000006,542.6800000000001,2916.74,3.6,3,5.0,0.0,0,Moderate-Spender
CUST-BD-03712,237,1.04,833.66,8740.84,4.2,1,0.0,0.0,0,Moderate-Spender
CUST-BD-03713,71,0.32,550.29,4127.0,4.2,1,15.0,0.0,3,Low-Engagement
CUST-BD-03714,17,6.53,499.28000000000003,9253.36,3.825,4,5.0,0.0,1,High-Value
CUST-BD-03715,88,0.33,1818.5,901.58,3.875,4,7.5,0.0,3,Low-Engagement
CUST-BD-03716,22,1.64,1003.9,16140.07,4.0,4,6.25,0.0,1,High-Value
CUST-BD-03717,326,3.12,254.22,7322.56,4.4,2,5.0,0.0,0,Moderate-Spender
CUST-BD-03718,313,1.09,150.48,16343.74,3.7,1,15.0,0.0,3,Low-Engagement
CUST-BD-03720,27,1.37,2000.8899999999999,14057.5,3.7625,8,5.0,0.0,1,High-Value
CUST-BD-03721,100,1.9799999999999998,901.14,18829.15,4.266666666666667,3,0.0,0.0,0,Moderate-Spender
CUST-BD-03722,0,5.799999999999999,4872.44,12401.2,4.046153846153846,13,5.769230769230769,0.0,1,High-Value
CUST-BD-03723,30,1.26,3168.92,11883.25,4.344444444444445,9,3.3333333333333335,0.0,1,High-Value
CUST-BD-03724,36,3.6399999999999997,2531.98,10880.61,3.7,5,1.0,0.0,1,High-Value
CUST-BD-03725,309,0.85,676.48,2971.44,5.0,1,0.0,0.0,0,Moderate-Spender
CUST-BD-03726,65,4.67,1909.24,14887.62,4.05,6,7.5,0.0,1,High-Value
CUST-BD-03727,206,1.01,422.8,12050.37,4.3,3,15.0,0.3333333333333333,3,Low-Engagement
CUST-BD-03728,5,1.12,3120.74,7457.23,4.4,8,3.125,0.25,1,High-Value
CUST-BD-03729,16,1.41,1304.29,5585.94,4.266666666666667,3,0.0,0.3333333333333333,0,Moderate-Spender
CUST-BD-03730,10,1.64,1692.8600000000001,13500.47,4.257142857142857,7,7.857142857142857,0.0,1,High-Value
CUST-BD-03731,4,5.32,4424.67,37605.57,4.408333333333333,12,6.25,0.0,1,High-Value
CUST-BD-03732,272,0.67,470.61,3429.17,4.85,2,5.0,0.0,0,Moderate-Spender
CUST-BD-03734,12,2.04,6310.74,57615.56,4.3375,16,4.0625,0.0625,1,High-Value
CUST-BD-03735,379,0.99,224.95999999999998,10269.82,3.5,2,10.0,0.0,3,Low-Engagement
CUST-BD-03736,0,9.97,6608.25,90242.33,4.158333333333333,24,6.666666666666667,0.125,2,VIP-Platinum
CUST-BD-03737,2,2.06,1109.35,4641.13,3.9199999999999995,5,2.0,0.0,1,High-Value
CUST-BD-03738,30,5.58,964.6,72810.27,3.8249999999999997,4,6.25,0.0,1,High-Value
CUST-BD-03739,60,0.57,136.89,4343.57,4.5,1,10.0,0.0,3,Low-Engagement
CUST-BD-03740,40,1.4,1525.27,25442.6,4.220000000000001,5,3.0,0.0,1,High-Value
CUST-BD-03741,64,4.26,3007.07,9813.04,4.357142857142857,7,3.5714285714285716,0.0,1,High-Value
CUST-BD-03742,189,0.62,324.78,4206.25,4.35,2,5.0,0.0,0,Moderate-Spender
CUST-BD-03743,188,1.12,337.03999999999996,5841.29,4.15,2,5.0,0.0,0,Moderate-Spender
CUST-BD-03744,255,0.58,90.58,1424.56,3.9,1,15.0,0.0,3,Low-Engagement
CUST-BD-03745,1,1.77,448.39,3024.55,4.15,4,5.0,0.0,1,High-Value
CUST-BD-03746,1,3.07,6331.29,106492.67,4.124,25,5.8,0.0,2,VIP-Platinum
CUST-BD-03747,4,9.35,6717.97,181070.96,4.032,25,2.2,0.08,2,VIP-Platinum
CUST-BD-03748,12,2.11,6137.6,21205.85,3.7933333333333334,15,3.6666666666666665,0.26666666666666666,1,High-Value
CUST-BD-03749,5,12.0,6887.0,114812.68,4.235,20,3.75,0.05,2,VIP-Platinum
CUST-BD-03750,2,4.7,2034.73,29974.93,4.130769230769231,13,6.923076923076923,0.0,1,High-Value
CUST-BD-03751,5,2.35,4539.71,122591.78,4.033333333333333,18,3.611111111111111,0.05555555555555555,2,VIP-Platinum
CUST-BD-03752,19,0.42,410.11,5202.42,4.8,2,5.0,0.0,0,Moderate-Spender
CUST-BD-03754,14,4.589999999999999,4823.44,73219.03,4.207142857142857,14,2.857142857142857,0.07142857142857142,1,High-Value
CUST-BD-03755,4,2.2,1249.26,6072.31,4.1571428571428575,7,4.285714285714286,0.0,1,High-Value
CUST-BD-03756,236,1.74,507.66,8282.4,4.550000000000001,2,7.5,0.0,3,Low-Engagement
CUST-BD-03757,15,1.34,2222.82,20119.9,4.05,10,3.0,0.0,1,High-Value
CUST-BD-03759,106,0.44,189.8,2135.42,4.7,1,0.0,0.0,0,Moderate-Spender
CUST-BD-03760,40,1.65,2310.8,6347.24,3.9,5,3.0,0.0,1,High-Value
CUST-BD-03761,5,1.14,1554.0500000000002,1055.3,4.05,6,5.0,0.0,1,High-Value
CUST-BD-03762,374,0.48,65.8,960.59,4.8,1,0.0,0.0,0,Moderate-Spender
CUST-BD-03763,240,1.24,947.71,9157.87,4.0,2,12.5,0.0,3,Low-Engagement
CUST-BD-03764,146,1.07,663.98,9241.7,4.566666666666666,3,3.3333333333333335,0.0,0,Moderate-Spender
CUST-BD-03765,140,2.16,1230.0700000000002,14076.99,3.733333333333333,3,3.3333333333333335,0.0,0,Moderate-Spender
CUST-BD-03766,77,0.71,991.36,15782.1,4.525,4,2.5,0.0,0,Moderate-Spender
CUST-BD-03767,61,2.03,1475.8,42662.09,4.066666666666666,3,6.666666666666667,0.0,1,High-Value
CUST-BD-03768,4,4.23,6275.72,59858.64,4.325,20,4.75,0.1,2,VIP-Platinum
CUST-BD-03769,194,1.63,67.1,3411.63,3.6,1,0.0,0.0,0,Moderate-Spender
CUST-BD-03770,2,5.47,5405.55,54409.4,4.053846153846154,26,6.346153846153846,0.038461538461538464,2,VIP-Platinum
CUST-BD-03771,19,2.43,3617.57,95716.34,4.0227272727272725,22,5.454545454545454,0.13636363636363635,2,VIP-Platinum
CUST-BD-03772,11,6.24,4660.71,35271.68,4.45,10,3.0,0.0,1,High-Value
CUST-BD-03773,10,2.61,7114.59,64249.45,4.05,12,4.166666666666667,0.08333333333333333,1,High-Value
CUST-BD-03774,5,2.36,1771.27,7847.39,4.04,5,5.0,0.0,1,High-Value
CUST-BD-03775,2,2.37,2033.05,8142.07,4.1,8,3.125,0.0,1,High-Value
CUST-BD-03776,14,1.38,2210.79,3932.91,4.483333333333333,6,6.666666666666667,0.0,1,High-Value
CUST-BD-03777,382,0.35,543.46,2050.0,5.0,1,0.0,0.0,0,Moderate-Spender
CUST-BD-03779,163,1.41,858.15,4207.26,3.5,2,7.5,0.0,3,Low-Engagement
CUST-BD-03780,115,2.1,1293.88,15402.47,4.2,5,7.0,0.0,3,Low-Engagement
CUST-BD-03782,18,1.17,720.79,10030.19,3.72,5,8.0,0.0,1,High-Value
CUST-BD-03783,157,1.81,183.38,2891.57,4.8,1,10.0,0.0,3,Low-Engagement
CUST-BD-03784,51,0.43,751.0999999999999,2476.71,4.5,3,8.333333333333334,0.0,3,Low-Engagement
CUST-BD-03785,9,1.73,2407.93,7248.8,3.8299999999999996,10,3.5,0.0,1,High-Value
CUST-BD-03786,7,4.22,5429.63,44752.45,4.153333333333333,15,4.0,0.0,1,High-Value
CUST-BD-03788,36,2.11,1650.1100000000001,94941.52,4.175,8,3.75,0.125,1,High-Value
CUST-BD-03790,112,2.57,1831.95,8971.07,4.3,3,1.6666666666666667,0.3333333333333333,0,Moderate-Spender
CUST-BD-03791,370,0.55,241.8,1185.35,4.1,1,0.0,1.0,0,Moderate-Spender
CUST-BD-03792,139,0.32,269.70000000000005,3062.76,4.033333333333333,3,10.0,0.3333333333333333,3,Low-Engagement
CUST-BD-03793,214,0.3,819.3399999999999,1127.25,4.366666666666667,3,8.333333333333334,0.3333333333333333,3,Low-Engagement
CUST-BD-03794,113,0.46,302.22,2487.87,4.6,1,0.0,0.0,0,Moderate-Spender
CUST-BD-03795,42,0.71,2317.8900000000003,5454.96,3.9,8,1.875,0.125,1,High-Value
CUST-BD-03796,45,2.44,1698.29,6096.55,4.0,4,1.25,0.0,1,High-Value
CUST-BD-03797,395,1.09,323.0,1579.86,3.9,2,7.5,0.0,3,Low-Engagement
CUST-BD-03798,11,3.21,2395.58,54219.91,4.2124999999999995,8,5.625,0.0,1,High-Value
CUST-BD-03800,258,1.05,607.1800000000001,2322.48,3.8,2,7.5,0.0,3,Low-Engagement
CUST-BD-03801,26,2.35,1180.37,15415.22,4.033333333333333,6,4.166666666666667,0.0,1,High-Value
CUST-BD-03803,3,2.01,2222.75,10760.71,4.142857142857143,7,1.4285714285714286,0.14285714285714285,1,High-Value
CUST-BD-03804,5,2.36,1789.54,5689.04,3.957142857142857,7,2.142857142857143,0.0,1,High-Value
CUST-BD-03805,240,0.81,1302.19,2105.89,3.766666666666667,3,3.3333333333333335,0.0,0,Moderate-Spender
CUST-BD-03806,267,0.98,350.81,2427.64,4.25,2,5.0,0.0,0,Moderate-Spender
CUST-BD-03808,15,1.06,1373.55,10082.0,4.5,6,5.833333333333333,0.0,1,High-Value
CUST-BD-03809,74,2.07,1634.9099999999999,20247.85,3.85,2,0.0,0.0,0,Moderate-Spender
CUST-BD-03810,1,4.12,8872.85,118012.82,3.9648648648648646,37,3.918918918918919,0.02702702702702703,2,VIP-Platinum
CUST-BD-03811,96,0.3,316.82,1074.03,3.6999999999999997,2,10.0,0.0,3,Low-Engagement
CUST-BD-03813,92,0.63,1244.14,1365.94,4.266666666666667,3,3.3333333333333335,0.0,0,Moderate-Spender
CUST-BD-03814,113,1.78,965.96,2715.55,4.2,3,1.6666666666666667,0.0,0,Moderate-Spender
CUST-BD-03815,10,1.01,1855.5299999999997,13742.91,4.2,7,7.857142857142857,0.0,1,High-Value
CUST-BD-03816,3,5.8,3447.27,89175.85,4.1375,8,3.75,0.0,1,High-Value
CUST-BD-03817,5,4.92,1101.38,11822.86,3.1500000000000004,2,7.5,0.0,1,High-Value
CUST-BD-03818,189,0.38,1792.82,5521.36,4.449999999999999,2,0.0,0.0,0,Moderate-Spender
CUST-BD-03819,100,4.6,51.3,35295.61,3.9,1,10.0,0.0,3,Low-Engagement
CUST-BD-03820,9,2.16,4276.62,43175.33,4.127272727272727,11,5.454545454545454,0.09090909090909091,1,High-Value
CUST-BD-03821,66,0.87,931.82,6515.56,4.2,1,15.0,0.0,3,Low-Engagement
CUST-BD-03822,9,12.0,5030.68,32042.9,4.017647058823529,17,6.176470588235294,0.0,2,VIP-Platinum
CUST-BD-03823,1,2.47,2127.31,30682.95,4.085714285714286,7,2.142857142857143,0.14285714285714285,1,High-Value
CUST-BD-03824,3,3.48,1926.6599999999999,7537.34,4.428571428571429,7,5.714285714285714,0.0,1,High-Value
CUST-BD-03825,6,0.95,3149.12,6701.15,3.9125,8,5.625,0.125,1,High-Value
CUST-BD-03826,135,0.64,1143.53,1787.48,3.65,2,0.0,0.5,0,Moderate-Spender
CUST-BD-03827,5,2.34,1082.4,13136.29,4.3,6,1.6666666666666667,0.0,1,High-Value
CUST-BD-03828,150,0.72,968.44,9964.0,4.1,5,7.0,0.0,3,Low-Engagement
CUST-BD-03829,12,1.8600000000000003,4516.24,92127.23,4.211111111111111,18,4.166666666666667,0.16666666666666666,1,High-Value
CUST-BD-03830,370,0.44,102.43,3897.41,3.0,1,10.0,0.0,3,Low-Engagement
CUST-BD-03831,87,0.69,462.07,3822.81,4.0,1,0.0,0.0,0,Moderate-Spender
CUST-BD-03832,69,2.9599999999999995,1048.83,12207.22,4.2,3,1.6666666666666667,0.0,0,Moderate-Spender
CUST-BD-03833,21,1.07,2182.46,21519.19,4.0125,8,5.625,0.0,1,High-Value
CUST-BD-03834,29,1.78,2471.58,16197.36,3.8,5,5.0,0.0,1,High-Value
CUST-BD-03835,88,0.63,1220.17,9051.56,4.233333333333333,3,1.6666666666666667,0.0,0,Moderate-Spender
CUST-BD-03836,21,1.03,2144.9500000000003,11814.66,4.357142857142857,7,5.0,0.0,1,High-Value
CUST-BD-03837,77,0.42000000000000004,1345.4,7511.76,4.3,5,6.0,0.0,1,High-Value
CUST-BD-03838,40,2.39,536.51,1198.41,3.9333333333333336,3,10.0,0.0,3,Low-Engagement
CUST-BD-03839,2,1.78,3272.21,14219.92,4.0600000000000005,10,7.5,0.1,1,High-Value
CUST-BD-03840,127,1.75,1564.8899999999999,4475.25,3.733333333333333,3,1.6666666666666667,0.0,0,Moderate-Spender
CUST-BD-03841,9,4.3,3297.13,31276.87,4.2,13,3.076923076923077,0.07692307692307693,1,High-Value
CUST-BD-03842,84,6.44,705.0300000000001,2770.67,4.525,4,2.5,0.0,1,High-Value
CUST-BD-03843,106,1.26,744.35,11478.58,3.94,5,4.0,0.2,0,Moderate-Spender
CUST-BD-03844,394,0.41,294.06,1616.24,4.8,1,0.0,1.0,0,Moderate-Spender
CUST-BD-03845,207,2.1,425.53,3515.6,4.15,2,7.5,0.0,3,Low-Engagement
CUST-BD-03847,89,3.27,916.38,10189.36,4.324999999999999,4,0.0,0.25,0,Moderate-Spender
CUST-BD-03848,6,3.07,4001.88,36113.3,4.007692307692308,13,3.076923076923077,0.0,1,High-Value
CUST-BD-03849,8,7.61,5053.46,65825.26,4.036842105263158,19,5.2631578947368425,0.0,2,VIP-Platinum
CUST-BD-03850,13,0.73,3113.08,7830.0,4.125,8,4.375,0.25,1,High-Value
CUST-BD-03851,53,6.66,2777.33,7832.05,3.7,8,3.75,0.0,1,High-Value
CUST-BD-03852,1,1.3,1187.34,10204.14,3.9599999999999995,5,9.0,0.0,1,High-Value
CUST-BD-03853,34,1.09,2690.81,7875.24,3.957142857142857,7,1.4285714285714286,0.0,1,High-Value
CUST-BD-03854,5,2.16,6949.02,14413.58,3.8153846153846156,13,5.0,0.0,1,High-Value
CUST-BD-03855,13,1.12,1640.16,3803.98,3.84,5,1.0,0.0,1,High-Value
CUST-BD-03856,254,2.02,1117.99,4474.56,4.6000000000000005,3,1.6666666666666667,0.0,0,Moderate-Spender
CUST-BD-03857,18,1.6,5189.38,108689.67,4.2384615384615385,13,5.769230769230769,0.15384615384615385,1,High-Value
CUST-BD-03858,208,1.73,1423.62,8477.45,4.9,2,10.0,0.0,3,Low-Engagement
CUST-BD-03859,123,0.5,181.32,1359.98,4.199999999999999,2,7.5,0.0,3,Low-Engagement
CUST-BD-03860,13,1.04,1032.8,10833.01,4.333333333333333,3,5.0,0.0,1,High-Value
CUST-BD-03861,1,3.58,7327.45,150525.99,3.988,25,5.2,0.16,2,VIP-Platinum
CUST-BD-03863,0,4.95,9656.62,60640.17,4.057894736842105,38,4.473684210526316,0.05263157894736842,2,VIP-Platinum
CUST-BD-03864,2,5.42,5363.33,69844.68,3.959090909090909,22,3.409090909090909,0.0,2,VIP-Platinum
CUST-BD-03865,7,2.02,2878.96,9003.87,4.2875,8,5.0,0.0,1,High-Value
CUST-BD-03866,71,1.31,36.6,3013.55,3.4,1,0.0,0.0,0,Moderate-Spender
CUST-BD-03867,107,0.42,388.43999999999994,2569.16,4.25,2,5.0,0.0,0,Moderate-Spender
CUST-BD-03869,35,0.42,598.0,1841.5,4.266666666666667,3,5.0,0.0,0,Moderate-Spender
CUST-BD-03870,9,2.85,9656.76,29849.48,4.090909090909091,22,4.090909090909091,0.0,2,VIP-Platinum
CUST-BD-03871,0,10.78,7911.16,231158.5,4.184615384615385,26,5.769230769230769,0.0,2,VIP-Platinum
CUST-BD-03872,366,0.2,70.29,2247.63,4.1,1,0.0,1.0,0,Moderate-Spender
CUST-BD-03873,12,0.9599999999999999,1827.69,80087.56,4.5,11,5.0,0.0,1,High-Value
CUST-BD-03874,149,1.41,310.2,9359.25,4.05,2,0.0,0.0,0,Moderate-Spender
CUST-BD-03876,34,3.13,2443.61,13580.37,4.0,8,7.5,0.125,1,High-Value
CUST-BD-03877,3,1.26,4651.12,65606.02,4.133333333333334,15,4.333333333333333,0.0,1,High-Value
CUST-BD-03878,11,3.49,1967.4099999999999,14628.2,4.1625,8,10.0,0.0,1,High-Value
CUST-BD-03880,12,1.4,2121.69,8759.0,4.055555555555555,9,2.7777777777777777,0.0,1,High-Value
CUST-BD-03881,30,0.31,922.66,2107.0,4.45,2,5.0,0.0,0,Moderate-Spender
CUST-BD-03882,1,4.38,4192.95,23509.63,4.105555555555556,18,6.388888888888889,0.05555555555555555,1,High-Value
CUST-BD-03883,3,10.54,7248.1,159064.27,4.242105263157894,19,3.6842105263157894,0.05263157894736842,2,VIP-Platinum
CUST-BD-03885,67,1.45,1096.27,21883.27,3.7600000000000002,5,9.0,0.0,3,Low-Engagement
CUST-BD-03886,10,1.8799999999999997,6936.1,25426.25,4.0600000000000005,20,4.75,0.0,1,High-Value
CUST-BD-03887,49,2.4,3153.35,10652.6,3.9200000000000004,5,6.0,0.0,1,High-Value
CUST-BD-03888,85,1.47,385.66,23275.69,3.75,2,10.0,0.0,3,Low-Engagement
CUST-BD-03889,0,5.27,9155.99,211752.5,4.108333333333333,24,5.416666666666667,0.125,2,VIP-Platinum
CUST-BD-03890,315,0.66,112.5,4141.36,4.8,1,0.0,0.0,0,Moderate-Spender
CUST-BD-03891,216,1.12,47.74,3579.46,3.7,1,0.0,0.0,0,Moderate-Spender
CUST-BD-03892,292,0.45,434.6,1161.91,3.8,2,5.0,0.0,0,Moderate-Spender
CUST-BD-03893,42,0.3,685.01,3807.48,4.4,2,2.5,0.0,0,Moderate-Spender
CUST-BD-03894,17,2.28,5375.4800000000005,23018.39,3.9947368421052634,19,6.052631578947368,0.10526315789473684,1,High-Value
CUST-BD-03895,157,0.59,996.9,11497.69,3.1666666666666665,3,6.666666666666667,0.0,3,Low-Engagement
CUST-BD-03896,56,2.09,952.05,12457.86,3.8333333333333335,3,5.0,0.0,1,High-Value
CUST-BD-03897,86,0.48,1164.21,2915.36,4.3999999999999995,3,6.666666666666667,0.0,3,Low-Engagement
CUST-BD-03898,178,2.58,921.69,18576.65,5.0,1,5.0,0.0,0,Moderate-Spender
CUST-BD-03899,326,0.69,1342.68,4618.2,4.1,2,2.5,0.0,0,Moderate-Spender
CUST-BD-03900,10,1.03,2560.7200000000003,8030.32,4.333333333333333,9,5.0,0.0,1,High-Value
CUST-BD-03901,104,0.37,708.3,3561.59,3.4000000000000004,2,0.0,0.0,0,Moderate-Spender
CUST-BD-03902,92,1.81,306.65999999999997,9714.21,4.199999999999999,2,2.5,0.5,0,Moderate-Spender
CUST-BD-03903,13,4.52,1983.1399999999999,34827.53,3.85,4,7.5,0.0,1,High-Value
CUST-BD-03904,72,1.15,1362.0,5961.92,3.95,2,0.0,0.0,0,Moderate-Spender
CUST-BD-03905,74,3.23,494.46000000000004,39522.01,3.6666666666666665,3,5.0,0.3333333333333333,1,High-Value
CUST-BD-03906,109,0.78,880.36,29653.25,3.85,2,5.0,0.0,0,Moderate-Spender
CUST-BD-03907,9,1.44,2096.2,10148.42,3.8200000000000003,5,2.0,0.0,1,High-Value
CUST-BD-03908,70,1.43,1357.61,7984.71,4.475,4,5.0,0.0,1,High-Value
CUST-BD-03909,2,7.02,2573.32,17709.35,4.1875,8,6.875,0.0,1,High-Value
CUST-BD-03910,309,1.16,847.65,2933.0,4.533333333333334,3,1.6666666666666667,0.0,0,Moderate-Spender
CUST-BD-03911,218,0.64,692.03,2536.79,4.7,2,2.5,0.0,0,Moderate-Spender
CUST-BD-03913,44,0.37,852.35,1520.2,3.95,2,2.5,0.0,0,Moderate-Spender
CUST-BD-03914,14,2.27,2370.81,13660.24,4.257142857142857,7,5.714285714285714,0.0,1,High-Value
CUST-BD-03915,58,0.59,436.93,1988.07,3.9,2,5.0,0.0,0,Moderate-Spender
CUST-BD-03917,52,0.98,723.19,2758.32,3.9,3,15.0,0.0,3,Low-Engagement
CUST-BD-03918,64,2.98,1298.33,10497.88,3.75,4,3.75,0.0,1,High-Value
CUST-BD-03919,16,1.04,2431.75,4674.8,3.925,8,3.125,0.0,1,High-Value
CUST-BD-03920,2,2.22,1876.73,6856.99,3.84,5,2.0,0.0,1,High-Value
CUST-BD-03921,7,12.0,8057.72,130770.33,4.116666666666666,30,6.166666666666667,0.03333333333333333,2,VIP-Platinum
CUST-BD-03923,86,1.19,952.24,3429.34,4.233333333333333,3,0.0,0.3333333333333333,0,Moderate-Spender
CUST-BD-03925,8,4.84,1659.42,33977.02,3.7625,8,7.5,0.0,1,High-Value
CUST-BD-03926,69,0.71,124.44,1322.14,5.0,1,0.0,1.0,0,Moderate-Spender
CUST-BD-03927,0,5.23,6088.5599999999995,63594.31,4.129411764705883,17,6.470588235294118,0.0,2,VIP-Platinum
CUST-BD-03928,22,0.62,582.89,12146.37,4.0,5,5.0,0.2,1,High-Value
CUST-BD-03929,17,0.99,1957.93,2923.32,4.325,4,1.25,0.5,0,Moderate-Spender
CUST-BD-03930,3,1.09,2433.88,14156.99,4.0,5,1.0,0.0,1,High-Value
CUST-BD-03931,218,0.35,601.17,4519.19,4.3,1,0.0,0.0,0,Moderate-Spender
CUST-BD-03932,176,0.74,547.47,4265.81,4.55,2,2.5,0.0,0,Moderate-Spender
CUST-BD-03933,6,5.15,6204.02,69958.05,4.089473684210526,19,4.473684210526316,0.05263157894736842,2,VIP-Platinum
CUST-BD-03934,8,2.54,2404.34,21919.7,4.11,10,5.0,0.0,1,High-Value
CUST-BD-03935,52,0.21,852.36,4649.1,4.366666666666667,3,6.666666666666667,0.3333333333333333,3,Low-Engagement
CUST-BD-03936,40,0.66,1124.41,2943.73,3.9,6,8.333333333333334,0.0,3,Low-Engagement
CUST-BD-03937,305,0.81,356.6,1514.54,3.3,1,0.0,0.0,0,Moderate-Spender
CUST-BD-03938,52,3.58,2452.67,46313.18,3.675,8,0.625,0.0,1,High-Value
CUST-BD-03939,250,1.08,304.55,14292.63,4.05,4,1.25,0.0,0,Moderate-Spender
CUST-BD-03940,6,0.82,3217.04,27721.32,4.2444444444444445,9,6.666666666666667,0.0,1,High-Value
CUST-BD-03941,77,1.14,1160.5700000000002,5127.38,4.275,4,5.0,0.25,0,Moderate-Spender
CUST-BD-03942,5,3.88,3517.24,23127.04,3.9214285714285713,14,3.2142857142857144,0.07142857142857142,1,High-Value
CUST-BD-03943,2,0.48,1115.1499999999999,3066.98,4.225,4,10.0,0.25,3,Low-Engagement
CUST-BD-03944,2,0.31,2154.14,3047.33,4.16,5,3.0,0.0,1,High-Value
CUST-BD-03945,4,6.78,3825.23,110460.71,4.381818181818182,11,5.0,0.09090909090909091,2,VIP-Platinum
CUST-BD-03946,79,0.9800000000000001,2128.63,9161.31,3.9200000000000004,5,3.0,0.2,0,Moderate-Spender
CUST-BD-03947,85,1.97,2079.84,31522.6,4.6,5,6.0,0.2,1,High-Value
CUST-BD-03948,17,3.49,6554.27,24082.36,4.2444444444444445,18,3.3333333333333335,0.0,1,High-Value
CUST-BD-03949,392,2.19,578.45,6794.56,3.4666666666666663,3,3.3333333333333335,0.0,0,Moderate-Spender
CUST-BD-03950,106,0.67,857.81,1063.33,4.75,2,5.0,0.0,0,Moderate-Spender
CUST-BD-03951,44,2.1,516.22,1988.62,4.3,3,0.0,0.0,0,Moderate-Spender
CUST-BD-03953,73,1.11,3053.48,5848.56,3.957142857142857,7,5.0,0.14285714285714285,1,High-Value
CUST-BD-03954,20,0.9,2128.9,7077.32,4.142857142857143,7,5.714285714285714,0.0,1,High-Value
CUST-BD-03955,7,0.99,2843.39,15163.2,4.0,9,7.222222222222222,0.0,1,High-Value
CUST-BD-03956,11,4.05,4915.3,12407.71,3.9411764705882355,17,4.117647058823529,0.058823529411764705,1,High-Value
CUST-BD-03957,96,0.75,2005.08,4850.88,4.533333333333334,3,5.0,0.0,0,Moderate-Spender
CUST-BD-03958,239,0.25,49.64,6070.42,4.4,1,15.0,0.0,3,Low-Engagement
CUST-BD-03959,191,1.23,459.36,6228.76,4.7,1,0.0,0.0,0,Moderate-Spender
CUST-BD-03960,6,7.21,2800.42,42549.42,4.4625,8,6.25,0.0,1,High-Value
CUST-BD-03961,145,0.58,245.31,8509.8,4.15,2,10.0,0.0,3,Low-Engagement
CUST-BD-03962,3,10.47,9252.54,76433.26,4.056,25,2.8,0.08,2,VIP-Platinum
CUST-BD-03963,2,8.08,3144.95,41585.9,3.8666666666666663,9,2.7777777777777777,0.0,1,High-Value
CUST-BD-03964,55,1.19,3098.01,37829.87,4.05,8,3.75,0.125,1,High-Value
CUST-BD-03965,13,2.47,2910.16,27860.66,3.757142857142857,14,5.357142857142857,0.0,1,High-Value
CUST-BD-03966,4,1.0,529.2,28453.41,4.25,2,5.0,0.0,1,High-Value
CUST-BD-03967,6,5.47,1201.82,30193.84,4.38,5,7.0,0.0,1,High-Value
CUST-BD-03968,177,1.27,2189.31,26056.44,4.066666666666666,3,0.0,0.3333333333333333,0,Moderate-Spender
CUST-BD-03969,80,0.55,42.56,2654.47,4.2,1,0.0,0.0,0,Moderate-Spender
CUST-BD-03970,248,0.88,709.49,2557.5,4.133333333333333,3,8.333333333333334,0.6666666666666666,3,Low-Engagement
CUST-BD-03971,8,7.55,4652.02,47759.34,4.19375,16,6.875,0.125,2,VIP-Platinum
CUST-BD-03972,228,0.68,75.24,3384.91,5.0,1,0.0,0.0,0,Moderate-Spender
CUST-BD-03973,33,2.47,724.3000000000001,32092.2,3.05,2,15.0,0.0,3,Low-Engagement
CUST-BD-03974,5,5.13,6889.35,133311.38,4.0476190476190474,21,5.476190476190476,0.0,2,VIP-Platinum
CUST-BD-03976,239,0.34,1680.15,6741.16,4.5,3,0.0,0.0,0,Moderate-Spender
CUST-BD-03977,19,0.69,1030.0,2609.3,4.55,2,7.5,0.0,3,Low-Engagement
CUST-BD-03978,82,0.96,601.38,6885.34,4.3,1,15.0,0.0,3,Low-Engagement
CUST-BD-03979,28,0.83,2751.57,7325.17,4.257142857142857,7,6.428571428571429,0.0,1,High-Value
CUST-BD-03980,327,0.24,853.74,10350.59,4.7,1,10.0,0.0,3,Low-Engagement
CUST-BD-03981,120,1.21,869.73,3560.97,4.45,4,7.5,0.0,3,Low-Engagement
CUST-BD-03982,172,2.9,242.42000000000002,5386.73,4.3,2,0.0,0.0,0,Moderate-Spender
CUST-BD-03984,133,0.94,328.35,1728.42,4.166666666666667,3,1.6666666666666667,0.0,0,Moderate-Spender
CUST-BD-03985,156,0.49,551.4100000000001,4086.17,4.1,2,2.5,0.0,0,Moderate-Spender
CUST-BD-03986,10,1.78,4471.4,54282.11,4.166666666666667,12,4.583333333333333,0.0,1,High-Value
CUST-BD-03988,155,1.44,195.66,6162.83,3.7,1,0.0,0.0,0,Moderate-Spender
CUST-BD-03989,83,3.65,253.82,5674.02,4.266666666666667,3,6.666666666666667,0.0,1,High-Value
CUST-BD-03990,25,1.87,1655.25,7067.77,4.483333333333333,6,5.833333333333333,0.0,1,High-Value
CUST-BD-03991,42,3.08,905.0500000000001,89910.88,4.033333333333333,3,0.0,0.0,1,High-Value
CUST-BD-03992,144,1.98,1071.12,5026.09,3.9000000000000004,4,6.25,0.0,3,Low-Engagement
CUST-BD-03993,32,6.25,2117.26,13545.02,4.0,7,2.142857142857143,0.0,1,High-Value
CUST-BD-03995,3,5.97,2236.42,7358.09,4.116666666666666,12,8.75,0.0,1,High-Value
CUST-BD-03996,56,1.16,747.52,8982.55,4.5,1,0.0,0.0,0,Moderate-Spender
CUST-BD-03997,65,1.01,995.7,19422.62,3.966666666666667,3,3.3333333333333335,0.3333333333333333,0,Moderate-Spender
CUST-BD-03998,32,1.85,245.85000000000002,2126.04,3.95,2,0.0,0.0,0,Moderate-Spender
CUST-BD-03999,16,1.6,2983.11,11398.47,3.9375,8,3.75,0.125,1,High-Value
CUST-BD-04000,6,3.62,3685.0699999999997,39179.98,4.00625,16,5.625,0.0,1,High-Value
CUST-BD-04002,76,0.43,984.9000000000001,1541.52,4.55,4,5.0,0.0,0,Moderate-Spender
CUST-BD-04003,202,1.26,193.26,17420.35,4.366666666666667,3,3.3333333333333335,0.0,0,Moderate-Spender
CUST-BD-04004,6,2.25,5166.65,40786.46,4.199999999999999,18,5.0,0.05555555555555555,1,High-Value
CUST-BD-04005,39,0.84,59.98,1256.89,4.4,1,15.0,0.0,3,Low-Engagement
CUST-BD-04006,11,3.91,3726.65,26468.51,4.141666666666667,12,5.416666666666667,0.08333333333333333,1,High-Value
CUST-BD-04007,50,0.5,565.18,1070.79,3.4333333333333336,3,5.0,0.3333333333333333,0,Moderate-Spender
CUST-BD-04008,2,9.76,3362.5699999999997,39791.52,4.26,10,5.0,0.0,1,High-Value
CUST-BD-04009,3,3.15,3614.1,46980.8,3.8000000000000003,9,7.222222222222222,0.0,1,High-Value
CUST-BD-04010,2,3.39,4906.66,39751.16,4.014285714285714,14,5.714285714285714,0.14285714285714285,1,High-Value
CUST-BD-04011,9,6.7,2659.11,48678.85,3.88,10,2.5,0.1,1,High-Value
CUST-BD-04012,9,3.71,5108.06,102921.05,4.195652173913044,23,5.0,0.08695652173913043,2,VIP-Platinum
CUST-BD-04013,8,2.4,4535.11,55291.37,3.988888888888889,9,8.333333333333334,0.1111111111111111,1,High-Value
CUST-BD-04014,14,1.8699999999999999,2014.26,10187.41,3.942857142857143,7,1.4285714285714286,0.0,1,High-Value
CUST-BD-04015,63,0.71,2896.7,16759.71,4.383333333333334,6,6.666666666666667,0.0,1,High-Value
CUST-BD-04017,380,2.16,142.99,1081.06,2.9,1,10.0,0.0,3,Low-Engagement
CUST-BD-04018,9,4.38,2318.46,11586.77,4.1,8,5.0,0.0,1,High-Value
CUST-BD-04019,101,1.15,231.81,3769.6,4.0,1,15.0,0.0,3,Low-Engagement
CUST-BD-04020,6,11.5,7590.41,80464.5,4.085714285714286,28,5.714285714285714,0.10714285714285714,2,VIP-Platinum
CUST-BD-04021,29,0.92,2934.78,3666.21,4.057142857142857,7,2.857142857142857,0.14285714285714285,1,High-Value
CUST-BD-04022,39,0.55,1824.6399999999999,3010.83,4.533333333333333,3,3.3333333333333335,0.0,0,Moderate-Spender
CUST-BD-04024,58,0.42,324.45,10077.61,4.199999999999999,2,7.5,0.0,3,Low-Engagement
CUST-BD-04025,50,1.19,43.4,1174.78,4.1,1,0.0,0.0,0,Moderate-Spender
CUST-BD-04026,49,1.2099999999999997,2220.95,6240.47,3.485714285714286,7,5.714285714285714,0.0,1,High-Value
CUST-BD-04028,2,4.3,4307.7,35417.14,4.1,16,5.0,0.0625,1,High-Value
CUST-BD-04029,52,4.9,2511.6099999999997,6939.37,4.38,5,1.0,0.0,1,High-Value
CUST-BD-04030,199,3.51,121.05,8298.98,3.9,1,0.0,0.0,0,Moderate-Spender
CUST-BD-04032,352,0.72,376.72,1546.68,4.1,1,0.0,0.0,0,Moderate-Spender
CUST-BD-04033,357,1.08,840.32,4014.33,4.3,1,0.0,0.0,0,Moderate-Spender
CUST-BD-04034,7,6.779999999999999,6355.35,25957.86,3.978947368421052,19,5.526315789473684,0.0,2,VIP-Platinum
CUST-BD-04035,255,0.61,35.5,5794.05,4.0,1,0.0,0.0,0,Moderate-Spender
CUST-BD-04037,8,0.9,660.86,10021.06,3.88,5,6.0,0.0,1,High-Value
CUST-BD-04038,21,0.62,1827.52,1594.94,4.04,5,9.0,0.0,3,Low-Engagement
CUST-BD-04039,100,0.35,33.74,2078.19,3.8,1,0.0,0.0,0,Moderate-Spender
CUST-BD-04041,11,1.55,4284.58,26228.77,4.45,14,7.142857142857143,0.07142857142857142,1,High-Value
CUST-BD-04043,9,2.21,1367.66,7241.37,3.8,4,2.5,0.0,1,High-Value
CUST-BD-04044,39,0.45,791.0500000000001,5763.66,3.6,3,1.6666666666666667,0.0,0,Moderate-Spender
CUST-BD-04045,95,0.43,821.91,9218.91,4.066666666666666,3,5.0,0.0,0,Moderate-Spender
CUST-BD-04046,220,0.87,109.44,2570.14,4.7,1,10.0,0.0,3,Low-Engagement
CUST-BD-04047,36,1.87,2972.8199999999997,16993.54,4.225,8,1.875,0.125,1,High-Value
CUST-BD-04048,61,8.16,1618.4299999999998,19913.71,3.975,4,2.5,0.0,1,High-Value
CUST-BD-04049,12,5.35,4466.4,24563.25,4.088888888888889,9,2.7777777777777777,0.2222222222222222,1,High-Value
CUST-BD-04050,339,0.4,108.11,3274.81,3.5,1,5.0,0.0,0,Moderate-Spender
CUST-BD-04052,76,1.06,228.13,3974.36,3.9,2,5.0,0.0,0,Moderate-Spender
CUST-BD-04053,14,1.97,4613.01,24943.23,3.9266666666666667,15,3.3333333333333335,0.13333333333333333,1,High-Value
CUST-BD-04054,49,1.34,1223.23,5761.34,3.8166666666666664,6,10.0,0.0,3,Low-Engagement
CUST-BD-04055,11,1.25,3844.0,44179.1,3.8874999999999997,16,9.0625,0.0,1,High-Value
CUST-BD-04057,0,3.2,2879.9700000000003,9116.5,3.9111111111111114,9,7.777777777777778,0.0,1,High-Value
CUST-BD-04058,13,1.75,974.0,13107.42,4.285714285714286,7,4.285714285714286,0.0,1,High-Value
CUST-BD-04059,75,1.13,2017.8,14441.48,4.32,5,11.0,0.0,3,Low-Engagement
CUST-BD-04060,49,1.22,1717.36,12703.75,4.3,4,3.75,0.25,1,High-Value
CUST-BD-04061,228,1.8,114.16,1374.75,3.8,1,10.0,0.0,3,Low-Engagement
CUST-BD-04062,16,1.11,1374.6,12578.73,4.279999999999999,5,2.0,0.0,1,High-Value
CUST-BD-04063,0,7.78,7397.82,106099.31,4.008695652173913,23,7.608695652173913,0.17391304347826086,2,VIP-Platinum
CUST-BD-04064,85,1.13,319.12,486.01,4.433333333333334,3,8.333333333333334,0.0,3,Low-Engagement
CUST-BD-04065,28,3.54,1738.1,18401.63,4.0600000000000005,5,4.0,0.0,1,High-Value
CUST-BD-04066,7,3.76,2768.64,38539.46,4.266666666666667,6,5.833333333333333,0.0,1,High-Value
CUST-BD-04067,27,0.74,2749.04,11879.83,3.625,4,11.25,0.0,3,Low-Engagement
CUST-BD-04068,93,0.87,788.29,27345.46,3.9,4,3.75,0.0,0,Moderate-Spender
CUST-BD-04069,33,1.05,1678.4499999999998,2159.76,3.95,4,0.0,0.25,0,Moderate-Spender
CUST-BD-04070,0,9.57,4151.21,18684.24,3.87,10,4.0,0.0,1,High-Value
CUST-BD-04071,6,4.88,2957.72,48951.87,4.4875,8,3.125,0.25,1,High-Value
CUST-BD-04072,0,4.17,6580.86,220305.41,4.042307692307692,26,5.769230769230769,0.15384615384615385,2,VIP-Platinum
CUST-BD-04073,299,1.35,70.08,1285.47,4.5,1,0.0,0.0,0,Moderate-Spender
CUST-BD-04074,43,2.47,2618.79,8495.86,4.2444444444444445,9,5.555555555555555,0.1111111111111111,1,High-Value
CUST-BD-04076,47,1.33,2484.43,18364.24,4.114285714285715,7,5.714285714285714,0.0,1,High-Value
CUST-BD-04077,345,0.51,102.06,3149.43,5.0,1,10.0,0.0,3,Low-Engagement
CUST-BD-04078,151,0.48,849.5799999999999,849.08,4.2,3,3.3333333333333335,0.0,0,Moderate-Spender
CUST-BD-04079,37,3.13,1019.4000000000001,15744.65,4.4799999999999995,5,4.0,0.0,1,High-Value
CUST-BD-04080,73,1.2,1776.58,20450.93,4.166666666666667,6,2.5,0.16666666666666666,1,High-Value
CUST-BD-04081,1,2.51,8367.55,346441.78,3.87,20,4.25,0.1,2,VIP-Platinum
CUST-BD-04082,289,0.97,539.52,2111.55,4.3,1,0.0,0.0,0,Moderate-Spender
CUST-BD-04083,1,1.8899999999999997,6436.76,38504.62,3.922222222222222,18,5.833333333333333,0.0,1,High-Value
CUST-BD-04084,108,0.96,579.08,3023.14,4.300000000000001,2,2.5,0.0,0,Moderate-Spender
CUST-BD-04085,168,1.03,262.98,4469.62,4.3,1,0.0,0.0,0,Moderate-Spender
CUST-BD-04086,19,0.47,737.9300000000001,4405.32,4.6,2,5.0,0.0,0,Moderate-Spender
CUST-BD-04087,6,2.49,3111.25,44596.54,4.0125,16,5.3125,0.0,1,High-Value
CUST-BD-04088,7,3.28,5271.39,71373.31,3.94,20,6.0,0.1,2,VIP-Platinum
CUST-BD-04090,25,1.26,1409.23,9650.52,4.05,6,6.666666666666667,0.0,1,High-Value
CUST-BD-04091,50,0.44,742.1600000000001,9879.35,4.075,4,3.75,0.0,0,Moderate-Spender
CUST-BD-04092,14,1.45,2008.87,21272.63,4.5,7,0.7142857142857143,0.0,1,High-Value
CUST-BD-04093,7,3.89,999.44,21560.99,4.0,4,3.75,0.0,1,High-Value
CUST-BD-04094,5,4.52,5419.74,42350.11,3.99375,16,5.0,0.0625,1,High-Value
CUST-BD-04096,56,0.91,1565.8000000000002,3479.35,3.9333333333333336,3,1.6666666666666667,0.3333333333333333,0,Moderate-Spender
CUST-BD-04097,368,0.99,116.11,2042.94,4.0,1,15.0,0.0,3,Low-Engagement
CUST-BD-04098,0,3.78,8035.42,215055.03,3.9586206896551723,29,4.482758620689655,0.0,2,VIP-Platinum
CUST-BD-04099,42,3.19,3232.19,8387.44,3.875,8,8.125,0.0,1,High-Value
CUST-BD-04100,329,0.77,150.82,3234.97,3.75,2,5.0,0.0,0,Moderate-Spender
CUST-BD-04101,7,2.69,3196.04,24473.29,3.8833333333333333,12,2.9166666666666665,0.0,1,High-Value
CUST-BD-04102,14,3.84,1307.31,19413.97,3.3333333333333335,3,0.0,0.0,1,High-Value
CUST-BD-04103,280,0.22,481.16,2354.98,3.7,1,0.0,0.0,0,Moderate-Spender
CUST-BD-04105,12,4.55,5138.0599999999995,32442.68,4.133333333333334,12,4.583333333333333,0.0,1,High-Value
CUST-BD-04106,5,2.32,2167.55,19304.06,4.16,5,8.0,0.2,1,High-Value
CUST-BD-04107,133,1.73,464.05999999999995,1712.57,3.9000000000000004,2,2.5,0.0,0,Moderate-Spender
CUST-BD-04108,202,0.2,386.8,2079.13,4.0,1,5.0,0.0,0,Moderate-Spender
CUST-BD-04109,47,1.12,637.8,2437.72,4.2,3,6.666666666666667,0.0,3,Low-Engagement
CUST-BD-04110,27,0.81,2254.44,13581.7,4.05,6,10.0,0.16666666666666666,3,Low-Engagement
CUST-BD-04111,307,0.88,28.46,1597.42,4.3,1,5.0,0.0,0,Moderate-Spender
CUST-BD-04113,46,1.12,207.6,2637.57,3.5,1,0.0,0.0,0,Moderate-Spender
CUST-BD-04114,0,5.27,6810.54,120674.32,3.8560000000000003,25,4.6,0.08,2,VIP-Platinum
CUST-BD-04115,93,2.7900000000000005,635.53,10763.0,3.7999999999999994,3,1.6666666666666667,0.0,0,Moderate-Spender
CUST-BD-04116,105,0.44,1816.44,2244.85,4.25,4,11.25,0.0,3,Low-Engagement
CUST-BD-04117,56,1.53,97.22,4960.32,3.6,1,5.0,0.0,0,Moderate-Spender
CUST-BD-04118,32,1.78,1653.77,14851.93,3.925,4,3.75,0.0,1,High-Value
CUST-BD-04119,0,8.05,3065.55,58036.14,4.414285714285714,14,3.9285714285714284,0.0,1,High-Value
CUST-BD-04120,1,9.49,7728.54,169117.5,3.832142857142857,28,5.357142857142857,0.03571428571428571,2,VIP-Platinum
CUST-BD-04121,72,1.79,613.5,12036.88,4.5,2,5.0,0.0,0,Moderate-Spender
CUST-BD-04122,39,2.27,709.24,7659.1,3.72,5,7.0,0.0,1,High-Value
CUST-BD-04124,23,3.93,5500.14,38394.83,3.8400000000000003,15,5.333333333333333,0.06666666666666667,1,High-Value
CUST-BD-04125,9,0.91,566.11,10876.88,4.225,4,7.5,0.0,1,High-Value
CUST-BD-04126,34,0.99,74.49,1505.59,4.4,1,0.0,0.0,0,Moderate-Spender
CUST-BD-04127,73,1.58,2074.35,4008.78,3.7399999999999998,5,3.0,0.0,1,High-Value
CUST-BD-04128,132,0.58,315.40999999999997,1791.27,4.449999999999999,2,7.5,0.0,3,Low-Engagement
CUST-BD-04129,15,1.04,1946.19,9316.23,4.166666666666667,6,4.166666666666667,0.0,1,High-Value
CUST-BD-04130,180,0.96,1056.81,3009.52,4.15,2,2.5,0.0,0,Moderate-Spender
CUST-BD-04131,6,0.93,2114.26,1955.18,3.9,3,0.0,0.0,0,Moderate-Spender
CUST-BD-04132,3,0.41,1590.8,2149.83,4.475,4,6.25,0.0,1,High-Value
CUST-BD-04133,22,0.38,783.1800000000001,2673.16,3.65,4,7.5,0.0,3,Low-Engagement
CUST-BD-04134,149,1.98,256.12,6399.94,2.7,1,15.0,0.0,3,Low-Engagement
CUST-BD-04135,57,2.57,3305.87,9954.99,4.0181818181818185,11,3.6363636363636362,0.09090909090909091,1,High-Value
CUST-BD-04136,22,1.68,617.31,4343.54,3.9,4,0.0,0.25,0,Moderate-Spender
CUST-BD-04137,260,2.23,294.15,7294.96,3.8499999999999996,2,12.5,0.0,3,Low-Engagement
CUST-BD-04138,51,0.54,359.82,7397.08,4.3,1,0.0,0.0,0,Moderate-Spender
CUST-BD-04139,8,2.9100000000000006,3102.04,82750.02,4.218181818181818,11,7.7272727272727275,0.09090909090909091,1,High-Value
CUST-BD-04140,51,3.24,959.43,61504.44,4.0,4,3.75,0.0,1,High-Value
CUST-BD-04141,36,2.72,971.7,16756.89,4.175,4,8.75,0.0,1,High-Value
CUST-BD-04142,12,0.74,2130.98,16872.28,4.355555555555555,9,6.666666666666667,0.2222222222222222,1,High-Value
CUST-BD-04143,36,1.83,1431.22,30324.83,4.1125,8,3.75,0.0,1,High-Value
CUST-BD-04144,4,0.82,2579.86,18509.3,4.1000000000000005,6,4.166666666666667,0.0,1,High-Value
CUST-BD-04145,348,1.12,42.02,4306.04,3.5,1,0.0,0.0,0,Moderate-Spender
CUST-BD-04146,3,1.51,1770.8899999999999,18257.48,3.8200000000000003,5,10.0,0.0,1,High-Value
CUST-BD-04147,149,0.42,430.03,1745.62,4.5,1,15.0,1.0,3,Low-Engagement
CUST-BD-04148,15,2.83,4301.04,28804.21,3.8666666666666667,15,3.3333333333333335,0.0,1,High-Value
CUST-BD-04149,8,1.13,1387.01,7484.53,3.8833333333333333,6,2.5,0.0,1,High-Value
CUST-BD-04150,4,2.73,10398.24,172783.6,4.117857142857143,28,4.107142857142857,0.0,2,VIP-Platinum
CUST-BD-04151,183,1.4,73.55,2998.67,3.4,1,10.0,0.0,3,Low-Engagement
CUST-BD-04152,14,1.47,1325.9099999999999,13917.95,3.8333333333333335,3,3.3333333333333335,0.0,1,High-Value
CUST-BD-04153,86,3.24,534.59,15537.13,4.166666666666667,3,3.3333333333333335,0.0,0,Moderate-Spender
CUST-BD-04154,14,1.4400000000000002,3504.23,15001.24,4.1000000000000005,12,9.166666666666666,0.0,1,High-Value
CUST-BD-04155,5,4.22,4731.25,59410.07,4.178571428571429,14,3.2142857142857144,0.0,1,High-Value
CUST-BD-04157,0,12.0,10830.15,72522.7,4.06,35,3.857142857142857,0.05714285714285714,2,VIP-Platinum
CUST-BD-04158,26,2.32,3541.82,57537.95,4.027272727272727,11,4.545454545454546,0.0,1,High-Value
CUST-BD-04159,1,12.0,6836.1,99671.59,4.096,25,4.8,0.08,2,VIP-Platinum
CUST-BD-04160,95,1.58,563.74,10567.69,3.633333333333333,3,10.0,0.0,3,Low-Engagement
CUST-BD-04161,9,2.89,5441.59,15191.14,3.6333333333333333,12,2.5,0.0,1,High-Value
CUST-BD-04162,6,0.97,724.7,854.56,3.9,4,5.0,0.0,1,High-Value
CUST-BD-04163,288,0.42,437.7,2213.97,4.2,1,0.0,0.0,0,Moderate-Spender
CUST-BD-04164,232,1.08,453.57,4074.17,3.2,1,0.0,0.0,0,Moderate-Spender
CUST-BD-04165,74,2.57,1834.37,16917.92,3.6,4,1.25,0.0,0,Moderate-Spender
CUST-BD-04166,2,6.04,11893.66,173166.8,4.096551724137931,29,5.0,0.0,2,VIP-Platinum
CUST-BD-04167,13,1.84,305.52,9769.21,3.8333333333333335,3,5.0,0.0,1,High-Value
CUST-BD-04168,6,4.62,498.92999999999995,8896.72,4.2,3,1.6666666666666667,0.0,1,High-Value
CUST-BD-04169,6,4.58,1931.5499999999997,32743.83,3.966666666666667,3,0.0,0.0,1,High-Value
CUST-BD-04170,68,1.04,1174.51,17824.68,3.7399999999999998,5,5.0,0.0,1,High-Value
CUST-BD-04171,43,2.42,827.6400000000001,28946.64,4.175,4,12.5,0.0,3,Low-Engagement
CUST-BD-04172,48,1.19,879.76,8345.14,4.45,4,3.75,0.0,0,Moderate-Spender
CUST-BD-04174,114,2.12,758.95,11205.9,4.16,5,0.0,0.2,0,Moderate-Spender
CUST-BD-04175,5,1.84,5161.14,29850.28,3.8800000000000003,15,5.333333333333333,0.2,1,High-Value
CUST-BD-04176,7,1.64,3027.85,7763.87,3.9444444444444446,9,3.888888888888889,0.1111111111111111,1,High-Value
CUST-BD-04177,16,2.32,2582.9500000000003,10201.16,4.057142857142857,7,6.428571428571429,0.0,1,High-Value
CUST-BD-04178,0,4.57,1440.0,6844.84,3.7600000000000002,5,5.0,0.0,1,High-Value
CUST-BD-04179,23,4.55,2425.8199999999997,54092.21,3.84,5,7.0,0.0,1,High-Value
CUST-BD-04180,324,0.71,811.22,26634.45,3.9333333333333336,3,1.6666666666666667,0.0,0,Moderate-Spender
CUST-BD-04181,3,1.55,4574.66,29517.33,4.1899999999999995,10,6.0,0.2,1,High-Value
CUST-BD-04182,13,4.14,2076.7599999999998,29836.63,3.414285714285714,7,2.142857142857143,0.14285714285714285,1,High-Value
CUST-BD-04183,196,0.49,507.07000000000005,2343.23,4.25,2,0.0,0.0,0,Moderate-Spender
CUST-BD-04184,17,0.6900000000000001,2010.56,7238.69,3.8000000000000003,7,3.5714285714285716,0.14285714285714285,1,High-Value
CUST-BD-04185,269,0.4,552.16,3773.85,3.2,1,0.0,0.0,0,Moderate-Spender
CUST-BD-04186,172,1.08,526.09,1435.87,4.4,1,10.0,0.0,3,Low-Engagement
CUST-BD-04187,251,0.74,1189.85,3635.18,3.75,2,10.0,0.0,3,Low-Engagement
CUST-BD-04188,9,2.28,1040.46,12810.28,3.8600000000000003,5,4.0,0.0,1,High-Value
CUST-BD-04189,157,1.57,1361.41,8633.86,3.975,4,8.75,0.0,3,Low-Engagement
CUST-BD-04190,30,0.87,1172.42,8103.17,4.25,8,3.125,0.0,1,High-Value
CUST-BD-04191,19,0.6,893.28,6515.8,3.966666666666667,3,5.0,0.0,1,High-Value
CUST-BD-04192,204,0.44,356.74,4642.47,4.2,2,0.0,0.0,0,Moderate-Spender
CUST-BD-04193,19,3.42,4594.01,30621.79,4.109090909090909,11,5.454545454545454,0.0,1,High-Value
CUST-BD-04194,2,3.13,7981.46,114503.82,3.958064516129032,31,3.870967741935484,0.0967741935483871,2,VIP-Platinum
CUST-BD-04195,4,5.49,4437.37,34769.67,4.207142857142857,14,4.642857142857143,0.0,1,High-Value
CUST-BD-04196,51,0.4,419.26,2201.25,4.3,1,10.0,0.0,3,Low-Engagement
CUST-BD-04197,30,1.29,1052.98,42571.35,3.8249999999999997,4,6.25,0.0,1,High-Value
CUST-BD-04198,0,3.2,3287.84,47586.43,4.11,10,2.5,0.1,1,High-Value
CUST-BD-04199,278,1.06,588.24,2716.64,5.0,1,10.0,0.0,3,Low-Engagement
CUST-BD-04200,166,1.59,141.12,2232.12,4.6,1,0.0,0.0,0,Moderate-Spender
CUST-BD-04202,50,3.5,1242.15,7658.25,4.12,5,5.0,0.2,1,High-Value
CUST-BD-04203,11,1.7700000000000002,2247.44,9154.49,3.9499999999999997,6,9.166666666666666,0.0,1,High-Value
CUST-BD-04204,218,0.5,714.5999999999999,2524.19,4.5,2,2.5,0.0,0,Moderate-Spender
CUST-BD-04205,158,1.02,1044.7,880.59,4.2,1,5.0,0.0,0,Moderate-Spender
CUST-BD-04206,68,3.3699999999999997,2101.0,15951.84,4.133333333333334,6,2.5,0.0,1,High-Value
CUST-BD-04207,1,0.64,2236.93,13337.08,4.2,6,8.333333333333334,0.0,1,High-Value
CUST-BD-04208,35,1.26,1222.19,7758.02,4.2,5,6.0,0.2,1,High-Value
CUST-BD-04210,75,2.26,1535.0500000000002,7285.7,4.0200000000000005,5,4.0,0.0,1,High-Value
CUST-BD-04211,0,12.0,3213.39,42934.13,3.9076923076923076,13,6.153846153846154,0.07692307692307693,2,VIP-Platinum
CUST-BD-04212,72,0.73,143.17000000000002,2039.48,4.15,2,5.0,0.0,0,Moderate-Spender
CUST-BD-04214,36,0.89,191.63,4337.81,3.8,2,7.5,0.0,3,Low-Engagement
CUST-BD-04215,321,0.62,69.38,3323.0,5.0,1,15.0,0.0,3,Low-Engagement
CUST-BD-04216,17,0.97,3036.64,73967.14,3.790909090909091,11,5.0,0.0,1,High-Value
CUST-BD-04217,0,7.97,9344.17,101616.68,4.067741935483871,31,3.870967741935484,0.0967741935483871,2,VIP-Platinum
CUST-BD-04220,298,0.37,395.93,2065.06,4.3,1,10.0,0.0,3,Low-Engagement
CUST-BD-04221,374,2.23,677.94,4351.53,4.366666666666667,3,0.0,0.0,0,Moderate-Spender
CUST-BD-04222,170,1.63,1012.78,2853.26,4.066666666666666,3,3.3333333333333335,0.0,0,Moderate-Spender
CUST-BD-04223,154,6.44,668.38,4237.54,4.9,2,0.0,0.0,0,Moderate-Spender
CUST-BD-04224,198,0.91,424.12,2376.22,4.8,1,0.0,1.0,0,Moderate-Spender
CUST-BD-04225,55,2.75,1675.67,8270.68,4.183333333333334,6,5.0,0.0,1,High-Value
CUST-BD-04226,19,1.85,1961.5500000000002,47921.4,4.5,7,6.428571428571429,0.0,1,High-Value
CUST-BD-04227,137,0.38,251.06,4430.06,4.15,2,7.5,0.0,3,Low-Engagement
CUST-BD-04228,36,5.510000000000001,4333.63,28803.21,3.983333333333333,12,2.0833333333333335,0.16666666666666666,1,High-Value
CUST-BD-04229,18,1.04,1794.83,27595.77,3.9699999999999998,10,4.0,0.1,1,High-Value
CUST-BD-04231,6,7.03,1949.1100000000001,22093.57,4.075,12,3.3333333333333335,0.08333333333333333,1,High-Value
CUST-BD-04232,32,2.37,729.23,11433.83,3.9,3,3.3333333333333335,0.3333333333333333,1,High-Value
CUST-BD-04233,69,2.36,1013.43,15222.74,4.225,4,5.0,0.25,1,High-Value
CUST-BD-04234,67,1.56,1100.6,6845.13,3.9599999999999995,5,8.0,0.0,3,Low-Engagement
CUST-BD-04235,155,0.56,1456.32,2087.37,4.35,4,1.25,0.0,0,Moderate-Spender
CUST-BD-04236,350,2.29,67.2,2656.03,5.0,1,0.0,0.0,0,Moderate-Spender
CUST-BD-04237,377,3.15,215.29,24442.72,4.7,1,10.0,0.0,3,Low-Engagement
CUST-BD-04238,136,2.55,299.85,5323.93,4.3,2,5.0,0.0,0,Moderate-Spender
CUST-BD-04239,27,3.25,4443.8,32003.09,3.7416666666666667,12,6.25,0.0,1,High-Value
CUST-BD-04240,99,1.16,602.04,24782.62,3.1,1,0.0,0.0,0,Moderate-Spender
CUST-BD-04241,7,1.27,889.41,4477.66,3.475,4,8.75,0.0,3,Low-Engagement
CUST-BD-04242,79,0.59,434.0,2119.01,3.6,1,5.0,0.0,0,Moderate-Spender
CUST-BD-04243,0,6.27,10615.6,91020.7,4.130769230769231,26,3.8461538461538463,0.07692307692307693,2,VIP-Platinum
CUST-BD-04244,71,0.98,1391.19,3293.49,4.2,2,7.5,0.0,3,Low-Engagement
CUST-BD-04245,2,3.59,6966.04,46685.09,4.147058823529412,17,5.882352941176471,0.0,2,VIP-Platinum
CUST-BD-04246,254,1.64,101.85,5715.46,4.6,1,0.0,0.0,0,Moderate-Spender
CUST-BD-04247,122,0.34,383.34,4929.15,4.1,2,5.0,0.0,0,Moderate-Spender
CUST-BD-04248,238,0.73,485.14,1090.81,3.9,2,5.0,0.0,0,Moderate-Spender
CUST-BD-04249,9,5.19,3739.21,4224.35,4.077777777777778,9,2.2222222222222223,0.0,1,High-Value
CUST-BD-04251,3,2.87,4091.27,11517.22,3.835294117647059,17,5.882352941176471,0.0,1,High-Value
CUST-BD-04252,56,2.48,1189.45,24175.94,4.166666666666667,3,1.6666666666666667,0.0,0,Moderate-Spender
CUST-BD-04254,0,3.58,1637.1399999999999,9192.53,3.6999999999999997,6,2.5,0.16666666666666666,1,High-Value
CUST-BD-04255,1,1.1,591.88,1482.29,4.05,2,7.5,0.0,3,Low-Engagement
CUST-BD-04256,92,0.9899999999999999,2328.19,4244.58,3.9166666666666665,6,5.0,0.0,1,High-Value
CUST-BD-04257,11,3.65,5957.99,71079.62,3.8866666666666663,15,5.333333333333333,0.13333333333333333,1,High-Value
CUST-BD-04258,3,7.55,3320.1,67210.93,4.0,10,0.5,0.0,1,High-Value
CUST-BD-04259,1,2.07,2579.76,34540.2,4.12,5,4.0,0.0,1,High-Value
CUST-BD-04260,336,0.83,97.2,5809.73,4.4,1,10.0,0.0,3,Low-Engagement
CUST-BD-04261,2,2.18,3045.04,10979.11,3.688888888888889,9,7.222222222222222,0.1111111111111111,1,High-Value
CUST-BD-04262,55,2.01,365.55,3129.16,4.16,5,9.0,0.0,3,Low-Engagement
CUST-BD-04263,15,1.08,1336.0,8969.01,4.38,5,6.0,0.0,1,High-Value
CUST-BD-04264,316,0.54,132.72,9853.54,2.9,1,0.0,0.0,0,Moderate-Spender
CUST-BD-04265,69,0.61,2051.81,3232.35,3.9,5,2.0,0.0,0,Moderate-Spender
CUST-BD-04266,1,6.32,9308.93,85926.69,3.9,27,5.37037037037037,0.07407407407407407,2,VIP-Platinum
CUST-BD-04267,83,2.79,2499.15,24251.41,4.199999999999999,9,4.444444444444445,0.0,1,High-Value
CUST-BD-04268,10,1.28,1813.44,4257.18,3.775,4,3.75,0.0,1,High-Value
CUST-BD-04269,0,3.54,10699.55,118593.29,4.147058823529412,34,4.852941176470588,0.08823529411764706,2,VIP-Platinum
CUST-BD-04270,0,1.23,3967.31,41499.59,3.7600000000000002,10,6.5,0.0,1,High-Value
CUST-BD-04271,39,2.06,339.0,4942.91,4.5,1,0.0,0.0,0,Moderate-Spender
CUST-BD-04272,6,2.04,4352.59,67006.06,4.077777777777778,18,5.277777777777778,0.0,1,High-Value
CUST-BD-04273,1,10.99,7604.88,123497.47,4.164285714285714,28,5.892857142857143,0.07142857142857142,2,VIP-Platinum
CUST-BD-04274,5,2.24,3414.58,4245.14,3.925,8,6.25,0.125,1,High-Value
CUST-BD-04275,12,2.08,5414.95,19413.46,4.0928571428571425,14,4.642857142857143,0.0,1,High-Value
CUST-BD-04276,224,0.65,664.35,1726.92,4.050000000000001,2,0.0,0.0,0,Moderate-Spender
CUST-BD-04277,38,1.37,1425.0,10756.75,3.466666666666667,3,8.333333333333334,0.0,3,Low-Engagement
CUST-BD-04278,116,1.95,232.03,27039.56,4.866666666666666,3,8.333333333333334,0.0,3,Low-Engagement
CUST-BD-04279,37,1.05,1803.74,37692.4,4.3500000000000005,6,5.833333333333333,0.0,1,High-Value
CUST-BD-04280,36,0.64,630.73,3162.29,3.466666666666667,3,0.0,0.0,0,Moderate-Spender
CUST-BD-04281,12,1.57,827.1,15302.51,3.62,5,7.0,0.0,1,High-Value
CUST-BD-04282,3,5.87,3285.62,14134.5,3.9692307692307693,13,6.153846153846154,0.0,1,High-Value
CUST-BD-04283,20,2.55,6163.38,27158.26,4.073333333333333,15,3.3333333333333335,0.06666666666666667,1,High-Value
CUST-BD-04284,253,0.41,486.49,1793.93,5.0,1,10.0,0.0,3,Low-Engagement
CUST-BD-04285,49,1.19,1614.92,7507.52,4.25,6,5.0,0.0,1,High-Value
CUST-BD-04286,261,0.86,1239.3899999999999,3539.98,4.300000000000001,2,5.0,0.0,0,Moderate-Spender
CUST-BD-04287,22,0.6,1791.6100000000001,8392.32,3.825,8,2.5,0.0,1,High-Value
CUST-BD-04288,330,1.35,267.53999999999996,801.88,3.4,2,7.5,0.0,3,Low-Engagement
CUST-BD-04289,2,6.07,8441.06,157501.49,4.0636363636363635,33,4.393939393939394,0.09090909090909091,2,VIP-Platinum
CUST-BD-04290,71,2.03,1099.3400000000001,22646.19,4.566666666666666,3,1.6666666666666667,0.0,0,Moderate-Spender
CUST-BD-04291,108,1.8,913.8199999999999,13077.02,3.7600000000000002,5,4.0,0.2,0,Moderate-Spender
CUST-BD-04292,69,1.11,1644.5300000000002,9943.97,4.033333333333333,6,5.833333333333333,0.0,1,High-Value
CUST-BD-04294,397,0.48,887.14,1512.72,4.1,2,10.0,0.0,3,Low-Engagement
CUST-BD-04295,347,0.31,716.19,4753.44,3.5999999999999996,2,2.5,0.5,0,Moderate-Spender
CUST-BD-04296,2,1.9400000000000002,1476.33,7020.75,3.783333333333333,6,5.0,0.3333333333333333,1,High-Value
CUST-BD-04297,6,2.93,3254.44,117089.71,3.85,14,4.285714285714286,0.07142857142857142,1,High-Value
CUST-BD-04298,84,0.3,471.01,4419.65,3.5,1,5.0,0.0,0,Moderate-Spender
CUST-BD-04299,1,2.28,5760.96,42911.47,4.164705882352941,17,4.411764705882353,0.0,1,High-Value
CUST-BD-04300,291,1.0,250.7,12743.52,3.6,1,0.0,0.0,0,Moderate-Spender
CUST-BD-04301,125,1.43,488.39,5374.84,4.033333333333333,3,1.6666666666666667,0.0,0,Moderate-Spender
CUST-BD-04302,189,0.79,252.62,8496.38,4.15,2,7.5,0.0,3,Low-Engagement
CUST-BD-04303,4,10.51,4003.67,18937.79,3.99375,16,7.1875,0.0,2,VIP-Platinum
CUST-BD-04304,2,3.5399999999999996,7223.35,73661.56,3.977272727272727,22,5.681818181818182,0.045454545454545456,2,VIP-Platinum
CUST-BD-04305,20,0.63,2587.71,10342.68,4.316666666666666,6,6.666666666666667,0.0,1,High-Value
CUST-BD-04306,20,4.21,2522.6400000000003,6978.91,3.8,8,8.125,0.125,1,High-Value
CUST-BD-04307,319,0.39,1356.52,1273.31,4.15,2,0.0,0.5,0,Moderate-Spender
CUST-BD-04308,61,1.62,818.44,2879.31,4.5,1,0.0,0.0,0,Moderate-Spender
CUST-BD-04309,13,2.22,2996.3599999999997,59636.87,4.2444444444444445,9,3.3333333333333335,0.0,1,High-Value
CUST-BD-04311,164,0.34,407.72,2617.73,3.6999999999999997,3,13.333333333333334,0.3333333333333333,3,Low-Engagement
CUST-BD-04314,3,2.23,6453.84,58587.52,4.09,20,5.25,0.0,2,VIP-Platinum
CUST-BD-04315,77,1.54,1122.0900000000001,6005.0,3.35,4,3.75,0.0,0,Moderate-Spender
CUST-BD-04316,1,8.64,6919.6,114063.92,4.125,20,6.75,0.2,2,VIP-Platinum
CUST-BD-04317,65,1.23,2201.29,10719.02,4.18,5,6.0,0.0,1,High-Value
CUST-BD-04318,2,6.779999999999999,4250.7,30272.19,3.8,10,4.5,0.0,1,High-Value
CUST-BD-04320,0,0.53,1595.07,1587.38,3.8666666666666667,6,2.5,0.0,1,High-Value
CUST-BD-04321,39,0.29,397.04,1409.98,3.6333333333333333,3,3.3333333333333335,0.0,0,Moderate-Spender
CUST-BD-04322,129,0.34,100.28,1750.39,3.9,1,15.0,0.0,3,Low-Engagement
CUST-BD-04323,1,8.29,11229.71,193125.06,4.281818181818182,33,4.545454545454546,0.030303030303030304,2,VIP-Platinum
CUST-BD-04324,26,3.6399999999999997,5138.74,28324.43,3.9555555555555557,9,3.888888888888889,0.0,1,High-Value
CUST-BD-04325,173,1.1,86.19,1669.54,4.7,1,15.0,0.0,3,Low-Engagement
CUST-BD-04326,5,1.17,2838.17,16242.46,3.9,8,3.125,0.125,1,High-Value
CUST-BD-04327,264,0.65,887.22,13381.12,4.449999999999999,2,0.0,0.0,0,Moderate-Spender
CUST-BD-04328,6,1.22,3081.17,37235.74,4.228571428571429,7,6.428571428571429,0.0,1,High-Value
CUST-BD-04329,68,2.15,49.72,4585.81,4.4,1,0.0,0.0,0,Moderate-Spender
CUST-BD-04330,334,0.41,489.82,758.02,4.0,2,7.5,0.0,3,Low-Engagement
CUST-BD-04331,42,0.69,1125.1,4052.75,4.300000000000001,2,2.5,0.0,0,Moderate-Spender
CUST-BD-04332,17,0.85,4503.900000000001,52827.89,4.014285714285714,14,5.714285714285714,0.0,1,High-Value
CUST-BD-04333,19,1.2,927.14,29772.66,3.575,4,1.25,0.0,1,High-Value
CUST-BD-04334,55,1.27,464.08,9765.0,4.4,2,2.5,0.0,0,Moderate-Spender
CUST-BD-04335,16,3.84,1833.21,67570.75,4.4714285714285715,7,2.857142857142857,0.14285714285714285,1,High-Value
CUST-BD-04336,188,0.59,266.0,2020.85,3.2,1,5.0,1.0,0,Moderate-Spender
CUST-BD-04337,286,0.3,728.0799999999999,2975.91,4.0,2,7.5,0.0,3,Low-Engagement
CUST-BD-04338,61,0.49000000000000005,1190.42,1327.54,4.3,5,7.0,0.0,3,Low-Engagement
CUST-BD-04339,9,1.43,4474.8,4822.18,4.3999999999999995,12,5.0,0.0,1,High-Value
CUST-BD-04340,16,0.93,849.16,18535.05,3.6999999999999997,3,10.0,0.0,3,Low-Engagement
CUST-BD-04342,131,1.22,1048.27,1159.32,3.2,2,7.5,0.0,3,Low-Engagement
CUST-BD-04343,71,1.13,1410.4,17932.29,4.46,5,5.0,0.0,1,High-Value
CUST-BD-04344,67,2.04,1403.56,2130.86,4.32,5,5.0,0.0,1,High-Value
CUST-BD-04345,177,0.64,885.27,1537.81,4.6000000000000005,3,10.0,0.3333333333333333,3,Low-Engagement
CUST-BD-04346,3,1.63,4328.01,12921.72,3.8076923076923075,13,7.6923076923076925,0.15384615384615385,1,High-Value
CUST-BD-04348,110,0.82,354.68,1927.37,3.9749999999999996,4,6.25,0.0,3,Low-Engagement
CUST-BD-04349,120,1.82,537.88,2621.2,4.0,2,5.0,0.5,0,Moderate-Spender
CUST-BD-04350,174,1.05,1569.75,13202.69,4.0,3,0.0,0.0,0,Moderate-Spender
CUST-BD-04351,16,1.53,1435.58,17868.64,4.271428571428571,7,4.285714285714286,0.0,1,High-Value
CUST-BD-04352,117,2.64,1119.63,16694.67,3.966666666666667,3,11.666666666666666,0.0,3,Low-Engagement
CUST-BD-04353,241,1.4,161.5,4043.2,4.4,1,5.0,0.0,0,Moderate-Spender
CUST-BD-04354,12,1.12,2999.66,9380.14,4.190909090909091,11,3.1818181818181817,0.09090909090909091,1,High-Value
CUST-BD-04355,167,0.64,150.35,4171.01,4.0,1,0.0,0.0,0,Moderate-Spender
CUST-BD-04356,12,1.2900000000000003,1278.66,1687.16,4.014285714285714,7,2.857142857142857,0.0,1,High-Value
CUST-BD-04357,85,2.12,2047.98,8642.55,4.25,6,9.166666666666666,0.0,3,Low-Engagement
CUST-BD-04358,319,2.82,846.0699999999999,4374.66,4.166666666666667,3,6.666666666666667,0.0,3,Low-Engagement
CUST-BD-04359,95,1.33,156.33,6835.46,3.5,1,5.0,0.0,0,Moderate-Spender
CUST-BD-04360,135,0.95,58.89,1377.27,5.0,1,0.0,0.0,0,Moderate-Spender
CUST-BD-04361,81,0.7600000000000001,614.2700000000001,5828.64,3.9333333333333336,3,3.3333333333333335,0.0,0,Moderate-Spender
CUST-BD-04362,1,1.11,3820.73,15184.52,3.9857142857142853,7,0.7142857142857143,0.14285714285714285,1,High-Value
CUST-BD-04363,13,1.4,2348.8,12397.04,3.9800000000000004,5,7.0,0.0,1,High-Value
CUST-BD-04364,2,1.45,1919.4,13709.56,4.44,5,2.0,0.0,1,High-Value
CUST-BD-04365,79,1.35,23.63,1319.35,4.2,1,10.0,0.0,3,Low-Engagement
CUST-BD-04368,130,0.41,774.09,4590.7,4.35,2,7.5,0.0,3,Low-Engagement
CUST-BD-04369,8,6.21,4057.93,25264.25,4.11,10,3.5,0.0,1,High-Value
CUST-BD-04370,158,0.46,61.43,1059.13,4.1,1,15.0,0.0,3,Low-Engagement
CUST-BD-04371,32,0.6,1444.24,8218.12,3.8,4,1.25,0.5,0,Moderate-Spender
CUST-BD-04372,273,1.44,201.41,1740.56,4.8,1,5.0,0.0,0,Moderate-Spender
CUST-BD-04373,62,1.14,390.66,3298.26,3.5,2,5.0,0.0,0,Moderate-Spender
CUST-BD-04374,15,2.01,3565.46,5689.86,4.211111111111111,9,6.666666666666667,0.0,1,High-Value
CUST-BD-04375,0,3.31,7224.92,91042.02,4.114705882352942,34,7.0588235294117645,0.08823529411764706,2,VIP-Platinum
CUST-BD-04376,30,1.43,2906.63,15805.07,4.2444444444444445,9,5.555555555555555,0.1111111111111111,1,High-Value
CUST-BD-04377,259,0.51,404.89,2723.18,4.066666666666666,3,6.666666666666667,0.0,3,Low-Engagement
CUST-BD-04378,22,0.71,2778.26,10371.77,4.216666666666666,6,7.5,0.3333333333333333,1,High-Value
CUST-BD-04379,11,1.06,1305.45,9691.73,4.0,2,7.5,0.0,1,High-Value
CUST-BD-04380,48,0.35,1064.66,18545.71,3.8428571428571425,7,5.714285714285714,0.0,1,High-Value
CUST-BD-04381,318,1.15,208.67,1150.38,4.55,2,2.5,0.5,0,Moderate-Spender
CUST-BD-04382,294,1.11,749.25,2168.98,4.4,2,10.0,0.0,3,Low-Engagement
CUST-BD-04383,170,1.52,190.26999999999998,5912.71,3.4000000000000004,2,10.0,0.0,3,Low-Engagement
CUST-BD-04384,39,0.85,316.16,1027.03,3.9,1,0.0,0.0,0,Moderate-Spender
CUST-BD-04385,89,1.25,2412.13,10319.15,4.279999999999999,5,3.0,0.0,0,Moderate-Spender
CUST-BD-04386,0,5.62,3096.42,18054.07,4.25,12,5.0,0.08333333333333333,1,High-Value
CUST-BD-04387,157,0.48,618.56,2994.82,4.449999999999999,2,12.5,0.0,3,Low-Engagement
CUST-BD-04388,35,1.54,2785.16,35700.65,4.35,4,3.75,0.0,1,High-Value
CUST-BD-04389,7,0.65,966.03,1418.92,4.3,5,7.0,0.0,1,High-Value
CUST-BD-04390,277,0.88,730.53,2536.63,4.0,2,7.5,0.0,3,Low-Engagement
CUST-BD-04391,32,1.02,3584.82,11442.62,4.088888888888889,9,2.2222222222222223,0.0,1,High-Value
CUST-BD-04392,166,0.39,430.66,1734.52,4.7,1,15.0,0.0,3,Low-Engagement
CUST-BD-04393,15,2.54,4822.43,27259.62,3.8307692307692305,13,8.076923076923077,0.0,1,High-Value
CUST-BD-04394,1,7.529999999999999,4792.59,64396.41,4.238888888888889,18,3.611111111111111,0.0,2,VIP-Platinum
CUST-BD-04395,269,0.65,90.63,636.36,3.8,2,2.5,0.0,0,Moderate-Spender
CUST-BD-04396,28,2.98,149.18,4359.86,3.8499999999999996,2,7.5,0.0,1,High-Value
CUST-BD-04397,156,0.65,364.82,5120.19,3.6666666666666665,3,5.0,0.3333333333333333,0,Moderate-Spender
CUST-BD-04398,4,4.839999999999999,2812.49,12246.24,4.085714285714286,7,5.714285714285714,0.0,1,High-Value
CUST-BD-04400,6,4.42,5040.16,44533.34,4.2,12,1.25,0.08333333333333333,1,High-Value
CUST-BD-04401,74,0.54,2065.05,1290.46,4.575,4,6.25,0.25,1,High-Value
CUST-BD-04402,4,1.59,2627.2799999999997,9702.29,4.242857142857143,7,3.5714285714285716,0.0,1,High-Value
CUST-BD-04403,133,1.77,2183.98,1637.12,3.625,4,7.5,0.5,3,Low-Engagement
CUST-BD-04404,3,2.61,3198.38,60906.62,3.994117647058824,17,6.176470588235294,0.11764705882352941,1,High-Value
CUST-BD-04405,261,0.78,170.51,6342.95,4.6,1,0.0,0.0,0,Moderate-Spender
CUST-BD-04406,13,0.37,1762.32,8935.6,4.15,4,5.0,0.0,1,High-Value
CUST-BD-04407,338,0.77,61.88,5009.92,4.1,1,0.0,0.0,0,Moderate-Spender
CUST-BD-04408,1,1.71,3920.84,5274.73,4.055555555555555,9,5.0,0.1111111111111111,1,High-Value
CUST-BD-04409,9,1.67,1515.5900000000001,29398.74,4.3875,8,6.875,0.25,1,High-Value
CUST-BD-04410,26,1.58,3598.59,54230.97,4.108333333333333,12,4.166666666666667,0.0,1,High-Value
CUST-BD-04411,227,2.13,671.99,2283.97,4.699999999999999,2,0.0,0.0,0,Moderate-Spender
CUST-BD-04412,4,7.16,2354.37,52498.85,3.933333333333333,9,6.666666666666667,0.0,1,High-Value
CUST-BD-04413,398,0.75,738.7,4353.95,4.4,1,0.0,0.0,0,Moderate-Spender
CUST-BD-04414,58,1.39,1766.37,22205.83,4.05,10,3.0,0.0,1,High-Value
CUST-BD-04415,2,7.65,3070.31,57761.69,3.6875,8,6.25,0.0,1,High-Value
CUST-BD-04416,23,2.99,757.3,8484.67,4.133333333333333,3,8.333333333333334,0.0,1,High-Value
CUST-BD-04417,15,6.35,6444.8099999999995,154846.55,4.124,25,4.8,0.12,2,VIP-Platinum
CUST-BD-04418,22,3.09,292.88,10135.52,3.5749999999999997,4,3.75,0.0,1,High-Value
CUST-BD-04419,18,1.22,1230.1,6010.4,4.4799999999999995,5,1.0,0.0,0,Moderate-Spender
CUST-BD-04420,283,0.41,1034.38,3648.89,4.199999999999999,2,10.0,0.0,3,Low-Engagement
CUST-BD-04422,6,0.68,1823.65,12068.77,3.8599999999999994,5,5.0,0.0,1,High-Value
CUST-BD-04423,39,1.74,742.65,44730.89,3.925,4,1.25,0.0,1,High-Value
CUST-BD-04424,1,8.09,4473.01,229392.99,3.7529411764705887,17,6.176470588235294,0.058823529411764705,2,VIP-Platinum
CUST-BD-04425,56,1.83,1557.24,8469.1,3.871428571428571,7,2.857142857142857,0.0,1,High-Value
CUST-BD-04426,19,1.5,1974.73,21041.15,4.0875,8,3.125,0.125,1,High-Value
CUST-BD-04427,6,2.56,1667.6499999999999,93956.28,4.4,7,4.285714285714286,0.0,1,High-Value
CUST-BD-04428,8,1.53,4750.95,35066.91,4.146153846153846,13,6.538461538461538,0.0,1,High-Value
CUST-BD-04429,251,0.54,154.87,1802.55,3.4,1,15.0,1.0,3,Low-Engagement
CUST-BD-04430,1,1.15,2348.84,13671.03,3.625,4,6.25,0.0,1,High-Value
CUST-BD-04431,10,2.76,1855.26,8950.61,3.8,8,4.375,0.0,1,High-Value
CUST-BD-04432,1,2.94,4675.8099999999995,29805.49,4.2733333333333325,15,2.0,0.0,1,High-Value
CUST-BD-04433,41,1.4,465.0,51526.65,3.4,2,7.5,0.0,1,High-Value
CUST-BD-04434,1,2.5800000000000005,4541.0,19347.07,4.1571428571428575,14,3.5714285714285716,0.14285714285714285,1,High-Value
CUST-BD-04435,0,2.33,10351.95,40086.39,4.018181818181818,33,5.0,0.030303030303030304,2,VIP-Platinum
CUST-BD-04436,72,1.52,842.98,22947.63,4.05,4,5.0,0.0,1,High-Value
CUST-BD-04437,214,4.17,733.2,27877.69,3.3,1,0.0,0.0,0,Moderate-Spender
CUST-BD-04438,41,1.8199999999999998,1833.88,13321.17,3.7,5,5.0,0.2,1,High-Value
CUST-BD-04439,97,2.34,1475.25,16132.5,4.071428571428571,7,5.0,0.14285714285714285,1,High-Value
CUST-BD-04440,8,2.41,2745.48,3849.73,3.9818181818181815,11,3.6363636363636362,0.09090909090909091,1,High-Value
CUST-BD-04441,2,12.0,8579.09,188337.01,4.031578947368421,19,5.526315789473684,0.05263157894736842,2,VIP-Platinum
CUST-BD-04442,15,1.7199999999999998,3584.88,24991.35,4.390909090909091,11,4.090909090909091,0.09090909090909091,1,High-Value
CUST-BD-04443,23,3.64,4027.7999999999997,109362.55,3.909090909090909,11,4.545454545454546,0.0,1,High-Value
CUST-BD-04445,46,1.34,2662.4100000000003,28143.84,3.9714285714285715,7,6.428571428571429,0.0,1,High-Value
CUST-BD-04446,6,2.26,1409.09,99821.16,4.025,4,10.0,0.0,1,High-Value
CUST-BD-04447,1,7.89,7195.96,70822.66,3.9187499999999997,16,2.8125,0.0625,2,VIP-Platinum
CUST-BD-04448,2,7.489999999999999,4095.96,84748.98,4.227777777777778,18,4.722222222222222,0.05555555555555555,2,VIP-Platinum
CUST-BD-04449,38,0.9,2397.28,9110.85,4.4,7,0.7142857142857143,0.0,1,High-Value
CUST-BD-04450,73,0.6,1653.6799999999998,27376.42,3.8000000000000003,6,4.166666666666667,0.0,1,High-Value
CUST-BD-04452,2,2.21,2130.04,48182.27,4.04,10,7.0,0.0,1,High-Value
CUST-BD-04454,17,1.93,700.95,46461.0,3.9499999999999997,6,2.5,0.0,1,High-Value
CUST-BD-04455,355,0.63,742.6600000000001,3450.75,4.25,2,5.0,0.0,0,Moderate-Spender
CUST-BD-04456,0,2.35,10118.81,66406.99,3.96,25,5.4,0.0,2,VIP-Platinum
CUST-BD-04457,108,0.68,1231.8899999999999,31860.89,3.875,4,7.5,0.25,3,Low-Engagement
CUST-BD-04458,40,0.46,832.75,2212.38,3.95,2,10.0,0.0,3,Low-Engagement
CUST-BD-04459,18,1.39,1375.0600000000002,20407.3,4.14,5,2.0,0.0,1,High-Value
CUST-BD-04460,41,1.02,1735.17,5159.48,3.975,8,6.25,0.0,1,High-Value
CUST-BD-04461,272,3.46,30.0,52759.94,3.6,1,0.0,0.0,0,Moderate-Spender
CUST-BD-04462,38,0.63,1493.96,20838.81,3.842857142857143,7,5.714285714285714,0.0,1,High-Value
CUST-BD-04463,21,1.42,1951.23,12902.67,4.2444444444444445,9,4.444444444444445,0.2222222222222222,1,High-Value
CUST-BD-04464,20,0.63,390.45,4767.54,4.266666666666667,3,3.3333333333333335,0.0,0,Moderate-Spender
CUST-BD-04465,75,1.44,963.7,22896.41,3.65,2,7.5,0.0,3,Low-Engagement
CUST-BD-04466,1,6.8,9042.64,126140.02,4.178571428571429,28,4.464285714285714,0.0,2,VIP-Platinum
CUST-BD-04467,19,0.97,3783.69,14054.03,4.084615384615384,13,1.9230769230769231,0.07692307692307693,1,High-Value
CUST-BD-04469,44,4.93,234.54000000000002,21749.87,3.8499999999999996,2,5.0,0.0,1,High-Value
CUST-BD-04470,138,0.21,109.41,2398.96,3.9,1,0.0,0.0,0,Moderate-Spender
CUST-BD-04471,0,8.68,6148.09,217331.04,4.1125,24,5.625,0.0,2,VIP-Platinum
CUST-BD-04472,267,0.37,311.42,7092.17,4.65,2,7.5,0.0,3,Low-Engagement
CUST-BD-04473,174,0.51,1290.08,1158.18,4.025,4,7.5,0.0,3,Low-Engagement
CUST-BD-04474,16,1.5200000000000002,1292.1100000000001,5277.51,4.266666666666667,3,8.333333333333334,0.0,3,Low-Engagement
CUST-BD-04475,21,2.27,2242.88,81030.17,4.0285714285714285,7,2.857142857142857,0.0,1,High-Value
CUST-BD-04476,238,3.89,207.01,13365.64,3.95,2,5.0,0.0,0,Moderate-Spender
CUST-BD-04477,71,1.3500000000000003,1023.34,24845.22,4.1000000000000005,3,0.0,0.0,0,Moderate-Spender
CUST-BD-04478,34,0.67,2128.98,1948.98,4.516666666666667,6,4.166666666666667,0.16666666666666666,1,High-Value
CUST-BD-04479,1,5.09,787.64,25713.09,4.4,2,0.0,0.0,1,High-Value
CUST-BD-04480,18,2.16,1605.93,8102.25,4.266666666666667,6,6.666666666666667,0.0,1,High-Value
CUST-BD-04481,270,0.7600000000000001,423.77,3836.88,4.033333333333333,3,3.3333333333333335,0.0,0,Moderate-Spender
CUST-BD-04482,6,2.48,4701.15,33016.07,4.128571428571429,14,5.357142857142857,0.14285714285714285,1,High-Value
CUST-BD-04483,184,0.68,252.91,7159.24,3.7999999999999994,3,5.0,0.0,0,Moderate-Spender
CUST-BD-04484,119,0.7,954.0799999999999,7368.07,4.1,5,4.0,0.0,0,Moderate-Spender
CUST-BD-04486,31,4.07,1276.66,6608.63,4.1,4,2.5,0.0,1,High-Value
CUST-BD-04487,83,0.75,1051.83,3733.37,3.75,4,6.25,0.0,3,Low-Engagement
CUST-BD-04488,157,0.6,1604.01,22532.24,4.25,4,6.25,0.0,3,Low-Engagement
CUST-BD-04489,77,1.05,1340.55,19731.26,3.6,2,2.5,0.0,0,Moderate-Spender
CUST-BD-04490,29,1.02,2126.25,63089.63,3.6333333333333333,6,6.666666666666667,0.0,1,High-Value
CUST-BD-04491,18,0.52,476.08000000000004,3198.84,4.300000000000001,2,7.5,0.0,3,Low-Engagement
CUST-BD-04492,192,0.43,107.16,6913.15,2.5,1,5.0,0.0,0,Moderate-Spender
CUST-BD-04493,87,0.93,403.88,2791.49,3.75,2,0.0,0.0,0,Moderate-Spender
CUST-BD-04494,30,1.83,2500.25,9307.7,4.1499999999999995,6,5.0,0.16666666666666666,1,High-Value
CUST-BD-04495,78,1.67,658.52,2685.23,4.366666666666666,3,1.6666666666666667,0.0,0,Moderate-Spender
CUST-BD-04496,319,1.29,649.73,12154.76,4.8,1,10.0,0.0,3,Low-Engagement
CUST-BD-04497,35,0.78,744.9499999999999,2321.29,4.1,2,2.5,0.0,0,Moderate-Spender
CUST-BD-04498,47,2.41,1813.83,5745.32,4.2,6,2.5,0.0,1,High-Value
CUST-BD-04499,173,2.81,1635.06,6111.88,3.733333333333334,3,0.0,0.3333333333333333,0,Moderate-Spender
CUST-BD-04501,42,2.0,2083.3900000000003,18144.6,4.114285714285715,7,7.857142857142857,0.0,1,High-Value
CUST-BD-04502,214,1.73,2265.84,31980.99,4.35,4,3.75,0.25,0,Moderate-Spender
CUST-BD-04503,26,3.78,3480.28,27651.8,4.1466666666666665,15,8.0,0.06666666666666667,1,High-Value
CUST-BD-04504,123,1.65,636.44,8217.55,4.525,4,3.75,0.25,0,Moderate-Spender
CUST-BD-04506,59,0.43,1294.8,4710.81,4.1,1,0.0,0.0,0,Moderate-Spender
CUST-BD-04507,59,0.9499999999999998,1789.82,6440.57,4.016666666666667,6,6.666666666666667,0.0,1,High-Value
CUST-BD-04508,2,2.04,2057.58,34358.04,4.05,6,1.6666666666666667,0.16666666666666666,1,High-Value
CUST-BD-04511,0,1.24,2192.6,17532.53,4.0125,8,6.875,0.125,1,High-Value
CUST-BD-04512,39,2.78,797.49,20164.69,4.425,4,8.75,0.0,1,High-Value
CUST-BD-04513,0,3.19,5096.34,41322.99,3.9769230769230766,13,4.615384615384615,0.07692307692307693,1,High-Value
CUST-BD-04514,74,0.66,131.65,2373.13,3.45,2,2.5,0.0,0,Moderate-Spender
CUST-BD-04515,11,1.54,1874.31,34328.75,4.166666666666667,9,4.444444444444445,0.0,1,High-Value
CUST-BD-04516,71,4.36,905.0799999999999,25483.27,4.075,4,1.25,0.0,1,High-Value
CUST-BD-04517,15,3.12,2491.77,36138.1,4.233333333333333,9,3.888888888888889,0.0,1,High-Value
CUST-BD-04518,229,1.72,68.75,2469.91,4.4,1,0.0,0.0,0,Moderate-Spender
CUST-BD-04520,17,1.11,410.04,466.18,4.2,2,7.5,0.0,3,Low-Engagement
CUST-BD-04521,5,2.35,4087.3199999999997,67567.76,4.472727272727273,11,4.090909090909091,0.09090909090909091,1,High-Value
CUST-BD-04522,40,1.9,573.25,2495.67,4.4399999999999995,5,8.0,0.4,3,Low-Engagement
CUST-BD-04523,35,1.3,1567.2800000000002,1478.55,4.433333333333334,3,1.6666666666666667,0.0,0,Moderate-Spender
CUST-BD-04524,350,1.12,276.0,8868.21,4.0,1,0.0,0.0,0,Moderate-Spender
CUST-BD-04525,97,2.15,657.1700000000001,45558.33,4.133333333333334,3,5.0,0.0,1,High-Value
CUST-BD-04526,59,2.0,174.78,2209.32,4.449999999999999,2,0.0,0.0,0,Moderate-Spender
CUST-BD-04527,23,4.910000000000001,3120.09,20263.28,4.285714285714286,7,2.142857142857143,0.0,1,High-Value
CUST-BD-04528,341,1.3,532.75,13717.36,3.6999999999999997,2,2.5,0.0,0,Moderate-Spender
CUST-BD-04529,22,3.5,2856.51,43140.37,3.85,10,5.5,0.2,1,High-Value
CUST-BD-04530,11,5.33,4868.23,24291.91,3.6799999999999997,10,6.5,0.0,1,High-Value
CUST-BD-04531,73,0.54,880.8,16704.77,4.175,4,3.75,0.0,0,Moderate-Spender
CUST-BD-04533,60,1.23,1712.0100000000002,1740.78,3.95,2,0.0,0.0,0,Moderate-Spender
CUST-BD-04534,86,0.51,1832.45,802.0,3.766666666666667,3,1.6666666666666667,0.0,0,Moderate-Spender
CUST-BD-04535,10,0.48,473.21000000000004,19451.6,4.0,6,4.166666666666667,0.0,1,High-Value
CUST-BD-04537,11,0.86,2867.17,18231.55,4.05,10,7.5,0.0,1,High-Value
CUST-BD-04538,90,0.67,1553.3200000000002,11309.07,3.3666666666666667,3,3.3333333333333335,0.0,0,Moderate-Spender
CUST-BD-04539,288,1.96,485.58,19599.82,4.066666666666666,3,6.666666666666667,0.0,3,Low-Engagement
CUST-BD-04540,151,1.45,667.54,1689.73,4.6000000000000005,3,8.333333333333334,0.0,3,Low-Engagement
CUST-BD-04542,4,6.14,4397.3,18675.08,4.238888888888889,18,5.833333333333333,0.05555555555555555,1,High-Value
CUST-BD-04545,1,4.42,4561.7,109178.19,4.254545454545454,22,5.0,0.045454545454545456,2,VIP-Platinum
CUST-BD-04546,7,10.86,2138.77,123205.77,4.1,9,5.0,0.0,2,VIP-Platinum
CUST-BD-04548,137,1.1,97.54,4094.9,4.2,1,15.0,0.0,3,Low-Engagement
CUST-BD-04549,1,4.79,6951.52,256899.29,4.164516129032258,31,6.774193548387097,0.0,2,VIP-Platinum
CUST-BD-04550,72,2.38,1448.99,19800.61,4.125,4,6.25,0.0,1,High-Value
CUST-BD-04551,156,2.03,1377.8400000000001,3911.55,4.666666666666667,3,10.0,0.0,3,Low-Engagement
CUST-BD-04552,63,0.61,954.03,2670.25,3.4,3,6.666666666666667,0.0,3,Low-Engagement
CUST-BD-04553,8,4.68,3266.96,38416.2,3.8636363636363638,11,3.1818181818181817,0.18181818181818182,1,High-Value
CUST-BD-04554,181,0.49,1637.23,23179.03,4.133333333333334,6,3.3333333333333335,0.16666666666666666,0,Moderate-Spender
CUST-BD-04555,26,0.88,1085.97,7912.49,4.166666666666667,6,2.5,0.0,1,High-Value
CUST-BD-04556,58,1.24,1622.88,5892.26,3.8200000000000003,5,8.0,0.2,3,Low-Engagement
CUST-BD-04557,3,1.33,630.96,4127.42,4.233333333333333,3,8.333333333333334,0.3333333333333333,3,Low-Engagement
CUST-BD-04558,187,0.72,124.47999999999999,10873.82,4.4,2,12.5,0.0,3,Low-Engagement
CUST-BD-04559,38,1.57,2435.43,7565.8,4.1375,8,3.75,0.0,1,High-Value
CUST-BD-04560,104,1.91,664.4,9410.52,3.4,1,0.0,0.0,0,Moderate-Spender
CUST-BD-04561,0,6.88,4697.83,40740.46,4.133333333333333,21,6.904761904761905,0.0,2,VIP-Platinum
CUST-BD-04562,324,1.52,1268.24,12182.09,4.6,2,15.0,0.0,3,Low-Engagement
CUST-BD-04563,22,0.5,963.64,2083.43,4.2,2,2.5,0.0,0,Moderate-Spender
CUST-BD-04564,95,0.61,236.73,3442.1,4.2,1,0.0,0.0,0,Moderate-Spender
CUST-BD-04565,87,2.73,853.89,9727.21,4.1000000000000005,3,8.333333333333334,0.0,3,Low-Engagement
CUST-BD-04566,46,0.48,133.2,2553.82,3.9,1,0.0,0.0,0,Moderate-Spender
CUST-BD-04567,207,0.49,1221.47,8370.49,4.466666666666666,3,1.6666666666666667,0.0,0,Moderate-Spender
CUST-BD-04568,193,0.9,365.17,2145.81,4.25,2,10.0,0.0,3,Low-Engagement
CUST-BD-04569,195,1.59,658.3100000000001,1269.26,4.35,4,6.25,0.0,3,Low-Engagement
CUST-BD-04570,224,0.39,805.48,4644.2,4.2,1,10.0,0.0,3,Low-Engagement
CUST-BD-04571,22,3.3800000000000003,1031.6100000000001,10728.31,4.016666666666667,6,6.666666666666667,0.0,1,High-Value
CUST-BD-04572,241,0.93,798.3199999999999,757.91,4.4,2,2.5,0.5,0,Moderate-Spender
CUST-BD-04573,72,0.85,211.12,4248.96,4.0,3,0.0,0.0,0,Moderate-Spender
CUST-BD-04574,119,0.48,901.97,4659.08,4.525,4,11.25,0.0,3,Low-Engagement
CUST-BD-04575,34,2.12,1572.4299999999998,34103.77,4.155555555555555,9,5.555555555555555,0.0,1,High-Value
CUST-BD-04576,6,1.76,2968.32,10869.33,4.275,8,3.75,0.125,1,High-Value
CUST-BD-04577,3,2.9,4524.03,34943.45,4.188888888888889,9,4.444444444444445,0.0,1,High-Value
CUST-BD-04578,8,5.88,5122.5199999999995,46888.48,3.7399999999999998,10,4.5,0.0,1,High-Value
CUST-BD-04579,3,5.11,3391.5299999999997,87680.35,4.011111111111111,9,4.444444444444445,0.0,1,High-Value
CUST-BD-04580,7,1.37,4064.8999999999996,45714.7,4.0,11,5.0,0.09090909090909091,1,High-Value
CUST-BD-04581,53,0.32,861.02,3006.3,4.2,4,1.25,0.25,0,Moderate-Spender
CUST-BD-04582,154,0.98,51.48,1774.51,4.9,1,10.0,0.0,3,Low-Engagement
CUST-BD-04583,31,1.21,1159.96,4359.32,3.5999999999999996,4,10.0,0.0,3,Low-Engagement
CUST-BD-04584,158,1.45,592.21,14622.76,4.433333333333334,3,6.666666666666667,0.0,3,Low-Engagement
CUST-BD-04585,70,2.16,729.5600000000001,15348.93,4.033333333333333,3,10.0,0.0,3,Low-Engagement
CUST-BD-04586,73,2.57,1984.7,21278.36,4.071428571428571,7,2.142857142857143,0.0,1,High-Value
CUST-BD-04587,82,0.36,312.49,6983.67,3.6,1,15.0,0.0,3,Low-Engagement
CUST-BD-04588,111,0.21,742.03,1246.52,3.75,2,5.0,0.0,0,Moderate-Spender
CUST-BD-04589,14,1.5,2103.73,7610.22,3.872727272727273,11,7.2727272727272725,0.0,1,High-Value
CUST-BD-04590,186,1.0,2193.61,16425.81,4.325,4,8.75,0.0,3,Low-Engagement
CUST-BD-04591,3,3.32,3498.91,35024.95,4.1571428571428575,14,6.428571428571429,0.07142857142857142,1,High-Value
CUST-BD-04592,72,1.5200000000000002,1103.3,26152.09,3.9666666666666663,6,6.666666666666667,0.0,1,High-Value
CUST-BD-04593,246,0.41,185.12,2225.86,4.35,2,7.5,0.0,3,Low-Engagement
CUST-BD-04597,86,3.38,1783.52,8258.43,4.175,4,0.0,0.25,0,Moderate-Spender
CUST-BD-04598,67,2.14,1079.1200000000001,14727.33,4.8,2,7.5,0.0,3,Low-Engagement
CUST-BD-04599,2,2.26,4336.92,35492.89,4.245454545454546,11,5.0,0.0,1,High-Value
CUST-BD-04600,245,5.73,254.11,3132.13,3.0,1,5.0,0.0,0,Moderate-Spender
CUST-BD-04601,276,0.3,1216.35,2477.13,4.4,1,0.0,0.0,0,Moderate-Spender
CUST-BD-04602,126,0.72,1317.84,5234.34,4.25,2,2.5,0.0,0,Moderate-Spender
CUST-BD-04603,148,0.29,628.3399999999999,1830.33,4.25,2,7.5,0.0,3,Low-Engagement
CUST-BD-04605,7,2.08,2365.3199999999997,10218.06,4.285714285714286,7,3.5714285714285716,0.2857142857142857,1,High-Value
CUST-BD-04606,40,1.33,1034.43,13621.96,4.6000000000000005,3,8.333333333333334,0.0,3,Low-Engagement
CUST-BD-04607,115,0.91,743.5,2747.23,4.15,2,0.0,0.0,0,Moderate-Spender
CUST-BD-04608,19,2.06,1164.24,45174.02,4.0600000000000005,5,6.0,0.0,1,High-Value
CUST-BD-04610,55,0.89,1099.81,2674.59,4.533333333333333,3,5.0,0.0,0,Moderate-Spender
CUST-BD-04611,48,1.4400000000000002,1685.96,14160.33,4.266666666666667,6,5.0,0.0,1,High-Value
CUST-BD-04613,119,1.22,1100.1599999999999,4252.52,4.32,5,1.0,0.0,0,Moderate-Spender
CUST-BD-04614,20,1.8199999999999998,2076.5,16659.8,4.277777777777778,9,5.555555555555555,0.0,1,High-Value
CUST-BD-04615,0,3.13,939.6999999999999,23862.85,3.925,4,10.0,0.0,1,High-Value
CUST-BD-04616,117,0.82,293.61,27967.31,3.6500000000000004,2,5.0,0.0,0,Moderate-Spender
CUST-BD-04617,15,0.54,2263.0499999999997,3780.72,3.75,6,9.166666666666666,0.0,1,High-Value
CUST-BD-04618,62,0.77,315.21999999999997,2127.55,4.3,3,8.333333333333334,0.0,3,Low-Engagement
CUST-BD-04619,19,4.21,1591.52,12879.76,3.8857142857142857,7,5.714285714285714,0.0,1,High-Value
CUST-BD-04621,383,0.45,322.25,2185.65,3.8,1,15.0,0.0,3,Low-Engagement
CUST-BD-04622,14,0.9599999999999999,4135.219999999999,5375.18,4.3545454545454545,11,4.090909090909091,0.0,1,High-Value
CUST-BD-04623,148,1.2,798.19,9411.19,4.633333333333334,3,3.3333333333333335,0.0,0,Moderate-Spender
CUST-BD-04624,13,1.3500000000000003,1949.8400000000001,5971.68,3.6833333333333336,6,5.0,0.0,1,High-Value
CUST-BD-04625,109,0.81,1307.67,4283.64,3.75,4,2.5,0.5,0,Moderate-Spender
CUST-BD-04626,2,5.59,3326.36,42386.45,3.9909090909090907,11,1.3636363636363635,0.09090909090909091,1,High-Value
CUST-BD-04627,3,3.79,2528.8,44728.52,4.01,10,7.0,0.0,1,High-Value
CUST-BD-04628,32,0.83,1482.8700000000001,14479.44,3.8375,8,6.25,0.0,1,High-Value
CUST-BD-04629,5,1.5300000000000002,3888.91,59281.59,3.872727272727273,11,4.545454545454546,0.0,1,High-Value
CUST-BD-04630,24,0.49,4862.57,9983.06,4.076923076923077,13,2.6923076923076925,0.0,1,High-Value
CUST-BD-04631,110,1.14,478.38,10069.73,4.5,2,15.0,0.0,3,Low-Engagement
CUST-BD-04632,1,3.78,8550.1,24814.37,4.075,20,2.75,0.05,2,VIP-Platinum
CUST-BD-04633,20,5.43,3541.75,37993.95,4.011111111111111,9,1.1111111111111112,0.0,1,High-Value
CUST-BD-04634,1,4.04,8135.12,48448.64,4.04,20,4.5,0.15,2,VIP-Platinum
CUST-BD-04635,75,1.56,908.22,60304.9,4.45,4,10.0,0.25,3,Low-Engagement
CUST-BD-04636,5,1.37,1581.89,6418.69,3.575,4,6.25,0.0,1,High-Value
CUST-BD-04637,1,12.0,6613.07,44976.32,4.21304347826087,23,5.217391304347826,0.21739130434782608,2,VIP-Platinum
CUST-BD-04638,282,1.21,245.65999999999997,18706.81,4.449999999999999,2,0.0,0.0,0,Moderate-Spender
CUST-BD-04639,184,1.07,301.92,1820.08,4.7,2,0.0,0.5,0,Moderate-Spender
CUST-BD-04640,326,1.0,256.46,1384.3,4.4,1,10.0,0.0,3,Low-Engagement
CUST-BD-04641,24,2.43,2384.06,3624.86,4.211111111111111,9,3.888888888888889,0.0,1,High-Value
CUST-BD-04642,114,0.89,817.5799999999999,5816.67,4.5,3,5.0,0.0,0,Moderate-Spender
CUST-BD-04645,27,3.6800000000000006,2049.9900000000002,14301.24,3.822222222222222,9,4.444444444444445,0.0,1,High-Value
CUST-BD-04646,221,0.26,187.97,2840.02,4.2,1,5.0,0.0,0,Moderate-Spender
CUST-BD-04647,36,1.9,932.29,10847.83,3.925,4,6.25,0.0,1,High-Value
CUST-BD-04648,13,1.56,1899.5,10545.75,4.128571428571429,7,1.4285714285714286,0.14285714285714285,1,High-Value
CUST-BD-04649,5,2.27,3314.52,19476.4,4.2555555555555555,9,8.333333333333334,0.0,1,High-Value
CUST-BD-04650,9,0.94,2091.45,3813.95,4.15,4,5.0,0.0,1,High-Value
CUST-BD-04651,104,0.9499999999999998,931.1300000000001,9618.3,4.333333333333333,3,5.0,0.0,0,Moderate-Spender
CUST-BD-04652,0,9.32,9451.53,97189.59,3.990625,32,5.9375,0.03125,2,VIP-Platinum
CUST-BD-04653,4,3.02,3914.84,26918.64,4.007142857142857,14,6.428571428571429,0.14285714285714285,1,High-Value
CUST-BD-04655,90,1.42,314.7,4692.85,4.8,1,0.0,0.0,0,Moderate-Spender
CUST-BD-04656,4,1.27,1515.1,11997.89,4.311111111111111,9,5.0,0.0,1,High-Value
CUST-BD-04657,46,3.13,338.64,20848.98,4.25,2,0.0,0.0,0,Moderate-Spender
CUST-BD-04658,3,2.86,5845.349999999999,29171.78,4.205,20,5.25,0.05,1,High-Value
CUST-BD-04659,13,12.0,3519.0299999999997,42187.82,4.11,10,3.5,0.0,2,VIP-Platinum
CUST-BD-04660,0,3.78,9977.86,75331.53,4.23125,32,4.53125,0.0625,2,VIP-Platinum
CUST-BD-04661,126,2.53,1857.19,17938.42,3.825,4,5.0,0.0,1,High-Value
CUST-BD-04662,217,0.27,24.1,8941.88,3.7,1,0.0,0.0,0,Moderate-Spender
CUST-BD-04663,74,0.41,105.41,1940.83,4.1,1,10.0,0.0,3,Low-Engagement
CUST-BD-04665,344,0.65,115.92,1519.43,4.3,1,10.0,0.0,3,Low-Engagement
CUST-BD-04666,282,0.6,596.04,2280.04,4.5,2,0.0,0.0,0,Moderate-Spender
CUST-BD-04667,94,1.51,821.49,3392.85,4.14,5,2.0,0.0,0,Moderate-Spender
CUST-BD-04668,5,2.19,6009.9800000000005,67690.9,4.128571428571428,14,6.785714285714286,0.21428571428571427,1,High-Value
CUST-BD-04669,323,1.42,770.0799999999999,1122.76,3.9666666666666663,3,5.0,0.0,0,Moderate-Spender
CUST-BD-04670,3,1.85,5662.150000000001,21575.62,4.199999999999999,17,5.588235294117647,0.11764705882352941,1,High-Value
CUST-BD-04671,13,4.82,1996.79,36805.11,4.175,8,6.875,0.0,1,High-Value
CUST-BD-04672,298,1.02,91.49,5713.04,4.3,1,15.0,0.0,3,Low-Engagement
CUST-BD-04674,37,1.31,236.42000000000002,9834.46,4.066666666666666,3,0.0,0.0,0,Moderate-Spender
CUST-BD-04675,4,3.2,2390.5,41740.09,4.199999999999999,11,5.909090909090909,0.0,1,High-Value
CUST-BD-04676,99,4.02,1460.17,7351.83,4.0,4,3.75,0.25,1,High-Value
CUST-BD-04677,38,0.57,605.89,2325.65,4.066666666666666,3,3.3333333333333335,0.0,0,Moderate-Spender
CUST-BD-04678,55,11.74,1789.1200000000001,4235.91,3.75,4,0.0,0.0,1,High-Value
CUST-BD-04679,3,4.88,4065.55,25501.41,4.213333333333334,15,5.333333333333333,0.13333333333333333,1,High-Value
CUST-BD-04680,76,0.85,908.1500000000001,5230.8,4.233333333333333,3,6.666666666666667,0.0,3,Low-Engagement
CUST-BD-04681,250,2.6,294.9,17944.68,4.0,2,5.0,0.0,0,Moderate-Spender
CUST-BD-04682,21,0.62,1963.1899999999998,8428.65,3.922222222222222,9,4.444444444444445,0.0,1,High-Value
CUST-BD-04683,53,1.33,745.23,1361.31,4.0,2,7.5,0.0,3,Low-Engagement
CUST-BD-04684,5,1.55,5073.2,30812.82,4.153333333333333,15,4.333333333333333,0.06666666666666667,1,High-Value
CUST-BD-04685,161,1.13,696.43,1038.83,4.0,3,10.0,0.0,3,Low-Engagement
CUST-BD-04686,14,2.31,4785.33,31102.45,4.133333333333334,15,4.666666666666667,0.0,1,High-Value
CUST-BD-04687,233,1.03,992.19,8600.96,3.9666666666666663,3,6.666666666666667,0.0,3,Low-Engagement
CUST-BD-04688,360,1.86,734.4,1912.34,4.1,1,15.0,0.0,3,Low-Engagement
CUST-BD-04689,33,1.51,1689.24,10106.73,3.9799999999999995,5,4.0,0.0,1,High-Value
CUST-BD-04690,128,0.3,559.66,3449.94,3.5,1,5.0,0.0,0,Moderate-Spender
CUST-BD-04691,151,1.2,1006.46,1340.58,4.166666666666667,3,8.333333333333334,0.0,3,Low-Engagement
CUST-BD-04692,81,0.36,626.64,4441.01,3.0,1,0.0,0.0,0,Moderate-Spender
CUST-BD-04693,1,6.76,4540.08,68751.39,4.164285714285714,14,5.357142857142857,0.0,2,VIP-Platinum
CUST-BD-04694,8,3.17,5187.21,130999.0,4.16875,16,3.75,0.0625,2,VIP-Platinum
CUST-BD-04695,87,0.35,244.4,2986.46,3.8,1,0.0,0.0,0,Moderate-Spender
CUST-BD-04696,42,2.51,1800.8799999999999,26621.42,4.233333333333333,3,6.666666666666667,0.0,1,High-Value
CUST-BD-04697,8,7.99,5578.63,170672.08,4.2,22,5.909090909090909,0.045454545454545456,2,VIP-Platinum
CUST-BD-04698,109,0.5,862.68,12331.52,3.9,1,0.0,0.0,0,Moderate-Spender
CUST-BD-04699,218,0.68,117.64,1204.48,3.6,1,0.0,0.0,0,Moderate-Spender
CUST-BD-04700,84,0.83,736.0,4277.81,3.8,2,0.0,0.0,0,Moderate-Spender
CUST-BD-04701,43,1.83,1094.31,12701.69,4.1,4,3.75,0.25,1,High-Value
CUST-BD-04702,10,0.63,1413.73,7306.05,3.9749999999999996,4,0.0,0.25,0,Moderate-Spender
CUST-BD-04703,283,2.41,2113.33,17150.37,4.166666666666667,3,6.666666666666667,0.0,3,Low-Engagement
CUST-BD-04704,25,2.19,604.97,20725.97,3.6,3,6.666666666666667,0.0,1,High-Value
CUST-BD-04705,41,1.63,1257.3600000000001,7774.98,3.6500000000000004,2,7.5,0.0,3,Low-Engagement
CUST-BD-04706,174,0.61,377.42,2895.17,4.4,1,10.0,0.0,3,Low-Engagement
CUST-BD-04707,67,1.7399999999999998,2118.2,3468.54,3.6199999999999997,5,3.0,0.0,1,High-Value
CUST-BD-04708,21,1.15,2501.67,15342.05,3.8636363636363638,11,5.454545454545454,0.09090909090909091,1,High-Value
CUST-BD-04709,0,1.82,4127.08,72675.87,4.207692307692308,13,4.615384615384615,0.15384615384615385,1,High-Value
CUST-BD-04710,371,0.38,298.42,5762.93,4.15,2,12.5,0.0,3,Low-Engagement
CUST-BD-04711,58,1.51,1965.44,8890.1,4.075,4,1.25,0.0,0,Moderate-Spender
CUST-BD-04714,10,3.3299999999999996,891.84,10498.08,3.4599999999999995,5,5.0,0.0,1,High-Value
CUST-BD-04715,161,1.43,747.5699999999999,14057.85,4.466666666666666,3,5.0,0.0,0,Moderate-Spender
CUST-BD-04716,69,0.76,905.25,739.8,4.3,1,0.0,0.0,0,Moderate-Spender
CUST-BD-04717,108,1.41,1864.94,10331.16,3.6,5,3.0,0.0,0,Moderate-Spender
CUST-BD-04718,71,3.28,1936.0,5902.63,4.4399999999999995,5,3.0,0.2,1,High-Value
CUST-BD-04719,42,3.98,2057.65,26201.15,4.2,4,3.75,0.0,1,High-Value
CUST-BD-04720,3,2.47,2488.31,8622.65,4.1875,16,6.25,0.0625,1,High-Value
CUST-BD-04721,3,4.78,4973.94,64261.77,3.7714285714285714,21,7.380952380952381,0.0,2,VIP-Platinum
CUST-BD-04722,20,5.05,2462.83,9995.94,3.62,5,8.0,0.0,1,High-Value
CUST-BD-04724,7,5.49,3445.74,95755.97,4.015384615384615,13,3.8461538461538463,0.07692307692307693,1,High-Value
CUST-BD-04725,297,0.27,621.02,5620.51,4.466666666666667,3,3.3333333333333335,0.0,0,Moderate-Spender
CUST-BD-04726,72,1.63,635.3,23286.93,4.35,4,2.5,0.0,0,Moderate-Spender
CUST-BD-04727,2,5.56,5422.29,100458.85,4.2368421052631575,19,5.7894736842105265,0.05263157894736842,2,VIP-Platinum
CUST-BD-04728,183,0.27,158.25,1670.89,3.6,2,7.5,0.0,3,Low-Engagement
CUST-BD-04729,279,1.27,235.5,2599.59,3.7,2,0.0,0.0,0,Moderate-Spender
CUST-BD-04730,72,0.76,1126.6399999999999,3469.19,4.2,4,3.75,0.25,0,Moderate-Spender
CUST-BD-04731,3,3.6,9703.68,68608.68,4.032258064516129,31,6.451612903225806,0.06451612903225806,2,VIP-Platinum
CUST-BD-04732,45,1.92,2597.58,6574.58,4.279999999999999,5,8.0,0.0,1,High-Value
CUST-BD-04733,16,5.26,4682.7,47051.16,4.1,13,5.384615384615385,0.07692307692307693,1,High-Value
CUST-BD-04734,194,0.26,694.64,2811.01,3.7,2,0.0,0.0,0,Moderate-Spender
CUST-BD-04735,263,0.2,68.34,4357.33,4.1,1,15.0,0.0,3,Low-Engagement
CUST-BD-04736,35,0.68,916.72,6234.59,4.166666666666667,3,10.0,0.0,3,Low-Engagement
CUST-BD-04737,0,2.1,2836.95,58507.36,3.96,15,6.0,0.06666666666666667,1,High-Value
CUST-BD-04738,23,1.46,543.52,1252.21,3.25,2,0.0,0.0,0,Moderate-Spender
CUST-BD-04739,2,2.61,6077.33,34728.17,4.161538461538462,13,6.153846153846154,0.07692307692307693,1,High-Value
CUST-BD-04740,8,1.8999999999999997,2236.1099999999997,13874.92,3.966666666666667,9,7.222222222222222,0.2222222222222222,1,High-Value
CUST-BD-04741,7,2.89,3738.55,56875.5,4.2,13,3.4615384615384617,0.07692307692307693,1,High-Value
CUST-BD-04742,59,0.68,2860.13,18407.43,3.6714285714285713,7,7.857142857142857,0.0,1,High-Value
CUST-BD-04743,2,1.6299999999999997,1303.08,10623.52,4.04,5,3.0,0.0,1,High-Value
CUST-BD-04744,121,0.34,997.6,1862.71,4.8,1,0.0,0.0,0,Moderate-Spender
CUST-BD-04745,211,0.75,1756.36,20148.05,3.675,4,1.25,0.0,0,Moderate-Spender
CUST-BD-04746,52,0.87,855.3,13797.27,4.2,1,5.0,0.0,0,Moderate-Spender
CUST-BD-04747,388,0.36,207.25,2959.99,3.6,1,5.0,0.0,0,Moderate-Spender
CUST-BD-04748,1,5.34,9395.9,62245.31,4.027027027027027,37,4.1891891891891895,0.05405405405405406,2,VIP-Platinum
CUST-BD-04749,273,0.56,1110.24,8812.58,3.9666666666666663,3,0.0,0.0,0,Moderate-Spender
CUST-BD-04750,313,0.82,501.2,2902.92,3.2,1,0.0,0.0,0,Moderate-Spender
CUST-BD-04751,29,0.67,476.15,10441.67,4.433333333333334,3,5.0,0.0,0,Moderate-Spender
CUST-BD-04752,4,1.39,2118.71,12773.32,4.0125,8,4.375,0.125,1,High-Value
CUST-BD-04754,1,6.700000000000001,7550.66,43843.22,4.1952380952380945,21,5.714285714285714,0.0,2,VIP-Platinum
CUST-BD-04755,62,0.8000000000000002,1102.27,2990.67,4.233333333333333,6,9.166666666666666,0.0,3,Low-Engagement
CUST-BD-04756,47,1.74,2269.77,4604.04,3.8428571428571425,7,0.0,0.0,1,High-Value
CUST-BD-04757,31,0.41,1680.48,2659.53,4.075,4,2.5,0.0,0,Moderate-Spender
CUST-BD-04758,67,0.71,421.97999999999996,961.15,4.4,2,0.0,0.0,0,Moderate-Spender
CUST-BD-04759,86,1.21,621.8900000000001,3020.15,4.383333333333334,6,2.5,0.0,0,Moderate-Spender
CUST-BD-04760,8,6.59,5554.860000000001,50559.47,4.177777777777778,18,5.277777777777778,0.1111111111111111,2,VIP-Platinum
CUST-BD-04761,229,1.7,87.3,5672.95,3.8,1,10.0,0.0,3,Low-Engagement
CUST-BD-04762,162,0.73,417.53,3244.03,3.85,2,7.5,0.0,3,Low-Engagement
CUST-BD-04763,77,0.3499999999999999,2371.92,2767.34,4.266666666666667,6,1.6666666666666667,0.0,0,Moderate-Spender
CUST-BD-04764,0,4.34,3373.08,103751.63,4.09375,16,7.5,0.0625,2,VIP-Platinum
CUST-BD-04765,370,0.81,1059.75,1716.1,3.6,2,7.5,0.0,3,Low-Engagement
CUST-BD-04766,42,1.53,2351.5,10168.43,3.9166666666666665,6,7.5,0.0,1,High-Value
CUST-BD-04767,191,0.67,82.46,1686.25,2.2,1,0.0,0.0,0,Moderate-Spender
CUST-BD-04768,172,0.27,444.11,4406.95,5.0,1,15.0,0.0,3,Low-Engagement
CUST-BD-04769,54,0.45,1647.68,1871.02,4.333333333333333,3,1.6666666666666667,0.0,0,Moderate-Spender
CUST-BD-04771,29,3.1,783.85,17196.81,4.233333333333333,3,5.0,0.0,1,High-Value
CUST-BD-04773,29,1.7999999999999998,3393.1800000000003,11948.53,4.2555555555555555,9,5.0,0.2222222222222222,1,High-Value
CUST-BD-04774,176,0.25,947.13,1322.76,4.3999999999999995,3,0.0,0.0,0,Moderate-Spender
CUST-BD-04775,214,1.91,222.98,20725.33,3.5999999999999996,2,15.0,0.0,3,Low-Engagement
CUST-BD-04776,128,3.07,2537.88,11558.91,3.9750000000000005,4,0.0,0.0,0,Moderate-Spender
CUST-BD-04777,205,0.85,598.64,2978.98,4.1,2,0.0,0.0,0,Moderate-Spender
CUST-BD-04778,75,0.96,603.7700000000001,2985.37,4.1,2,15.0,0.0,3,Low-Engagement
CUST-BD-04780,44,0.86,43.68,719.78,4.1,1,0.0,0.0,0,Moderate-Spender
CUST-BD-04781,184,0.46,415.96000000000004,2315.46,4.1,2,12.5,0.0,3,Low-Engagement
CUST-BD-04783,218,0.92,440.29,2469.77,4.35,2,7.5,0.0,3,Low-Engagement
CUST-BD-04784,20,1.36,1505.94,17771.55,4.24,5,6.0,0.0,1,High-Value
CUST-BD-04785,39,2.51,1640.53,18044.13,3.85,6,4.166666666666667,0.0,1,High-Value
CUST-BD-04786,89,0.64,1824.99,2195.9,4.066666666666666,3,3.3333333333333335,0.0,0,Moderate-Spender
CUST-BD-04787,24,1.86,1586.07,3991.59,3.8000000000000003,6,5.0,0.0,1,High-Value
CUST-BD-04789,13,7.89,4991.39,94645.2,3.9375,16,2.8125,0.0625,2,VIP-Platinum
CUST-BD-04790,201,0.46,62.0,2634.72,3.8,1,0.0,0.0,0,Moderate-Spender
CUST-BD-04791,164,0.54,1032.76,5331.67,4.2,3,3.3333333333333335,0.0,0,Moderate-Spender
CUST-BD-04792,2,5.17,2053.41,27643.19,3.8000000000000003,6,1.6666666666666667,0.3333333333333333,1,High-Value
CUST-BD-04793,107,1.24,503.66999999999996,5426.63,4.45,2,2.5,0.0,0,Moderate-Spender
CUST-BD-04794,334,0.69,238.5,2079.97,3.5,1,0.0,0.0,0,Moderate-Spender
CUST-BD-04795,0,1.38,5833.6,104879.27,4.288888888888889,18,4.722222222222222,0.05555555555555555,2,VIP-Platinum
CUST-BD-04796,316,0.95,179.04,14455.69,5.0,1,0.0,0.0,0,Moderate-Spender
CUST-BD-04797,94,1.7700000000000002,980.52,7334.74,4.1000000000000005,3,8.333333333333334,0.0,3,Low-Engagement
CUST-BD-04798,250,0.96,1300.1799999999998,9248.99,4.2,3,1.6666666666666667,0.0,0,Moderate-Spender
CUST-BD-04800,73,0.23,455.93,1734.93,4.3,2,12.5,0.0,3,Low-Engagement
CUST-BD-04801,5,5.17,3506.49,15045.32,3.7916666666666665,12,5.416666666666667,0.0,1,High-Value
CUST-BD-04802,116,1.53,166.47,3799.38,3.6,1,0.0,0.0,0,Moderate-Spender
CUST-BD-04803,35,0.43,2794.57,25237.7,4.3500000000000005,6,4.166666666666667,0.16666666666666666,1,High-Value
CUST-BD-04804,3,5.98,3079.18,119834.45,4.144444444444444,9,1.6666666666666667,0.0,1,High-Value
CUST-BD-04805,0,9.1,11151.04,115805.92,4.190909090909091,33,4.242424242424242,0.12121212121212122,2,VIP-Platinum
CUST-BD-04806,20,0.32,1732.2800000000002,6369.11,4.220000000000001,5,5.0,0.0,1,High-Value
CUST-BD-04808,37,2.18,616.22,7412.42,3.7,2,7.5,0.0,3,Low-Engagement
CUST-BD-04809,0,2.4,3557.12,24200.76,4.25,10,6.5,0.0,1,High-Value
CUST-BD-04810,10,2.62,1942.77,48846.94,4.05,6,4.166666666666667,0.16666666666666666,1,High-Value
CUST-BD-04812,9,0.84,3471.6099999999997,21129.44,4.418181818181818,11,3.1818181818181817,0.09090909090909091,1,High-Value
CUST-BD-04815,24,2.7000000000000006,1844.6299999999999,13555.11,4.2,6,3.3333333333333335,0.0,1,High-Value
CUST-BD-04816,112,1.99,1714.99,19617.93,4.025,4,13.75,0.0,3,Low-Engagement
CUST-BD-04817,79,3.38,1289.23,17208.5,4.45,4,1.25,0.25,0,Moderate-Spender
CUST-BD-04818,98,2.02,1581.63,9420.5,3.4,4,5.0,0.0,1,High-Value
CUST-BD-04819,111,4.42,802.64,9824.44,4.04,5,7.0,0.0,1,High-Value
CUST-BD-04820,8,6.22,6630.54,115379.02,4.209090909090909,22,6.363636363636363,0.045454545454545456,2,VIP-Platinum
CUST-BD-04821,286,0.8,177.89,2673.89,3.7,1,15.0,0.0,3,Low-Engagement
CUST-BD-04822,13,3.99,2532.08,77006.56,4.218181818181818,11,6.363636363636363,0.0,1,High-Value
CUST-BD-04823,19,1.13,1128.21,12491.49,3.7999999999999994,6,10.0,0.0,3,Low-Engagement
CUST-BD-04824,50,1.04,154.53,4682.58,4.3,2,5.0,0.0,0,Moderate-Spender
CUST-BD-04825,30,0.9799999999999999,1623.1200000000001,5412.49,4.357142857142857,7,7.142857142857143,0.0,1,High-Value
CUST-BD-04826,76,1.18,3196.23,9529.79,3.575,8,5.625,0.0,1,High-Value
CUST-BD-04827,20,9.99,1492.13,53969.65,3.8666666666666663,9,5.555555555555555,0.0,1,High-Value
CUST-BD-04828,114,1.91,388.27,1617.92,4.1000000000000005,3,0.0,0.0,0,Moderate-Spender
CUST-BD-04829,13,2.67,5403.35,51735.52,3.7933333333333334,15,4.666666666666667,0.13333333333333333,1,High-Value
CUST-BD-04830,11,2.54,1436.17,22089.96,4.0285714285714285,7,1.4285714285714286,0.14285714285714285,1,High-Value
CUST-BD-04831,120,0.21,519.13,2749.88,4.4,1,15.0,1.0,3,Low-Engagement
CUST-BD-04832,372,0.41,232.56,3205.95,4.3,1,0.0,0.0,0,Moderate-Spender
CUST-BD-04835,142,0.51,594.84,6590.45,4.3,2,0.0,0.0,0,Moderate-Spender
CUST-BD-04836,5,0.79,1233.58,2220.56,3.5799999999999996,5,4.0,0.0,1,High-Value
CUST-BD-04837,3,9.19,8995.65,99458.73,4.088461538461538,26,4.423076923076923,0.11538461538461539,2,VIP-Platinum
CUST-BD-04838,58,1.07,187.85999999999999,12806.13,4.233333333333333,3,3.3333333333333335,0.0,0,Moderate-Spender
CUST-BD-04839,81,7.05,629.08,36955.96,4.225,4,1.25,0.0,1,High-Value
CUST-BD-04840,10,1.9400000000000002,2015.6499999999999,11159.88,4.366666666666666,6,5.0,0.0,1,High-Value
CUST-BD-04841,94,2.61,122.07,10654.27,4.15,2,10.0,0.0,3,Low-Engagement
CUST-BD-04843,108,0.9499999999999998,662.96,3280.69,4.166666666666667,3,3.3333333333333335,0.0,0,Moderate-Spender
CUST-BD-04844,28,2.05,2069.61,5771.38,3.6333333333333333,6,10.833333333333334,0.0,3,Low-Engagement
CUST-BD-04845,12,7.17,2341.46,43870.43,3.8125,8,5.625,0.0,1,High-Value
CUST-BD-04846,11,8.59,5559.29,144688.54,4.26,25,4.0,0.04,2,VIP-Platinum
CUST-BD-04847,147,2.56,998.05,14041.74,3.6333333333333333,3,3.3333333333333335,0.0,0,Moderate-Spender
CUST-BD-04848,1,2.39,3856.97,20597.04,4.085714285714286,14,4.642857142857143,0.0,1,High-Value
CUST-BD-04850,351,0.35,759.5600000000001,2199.22,4.55,2,5.0,0.0,0,Moderate-Spender
CUST-BD-04851,157,0.51,254.58,1754.83,4.7,1,15.0,0.0,3,Low-Engagement
CUST-BD-04852,73,1.8699999999999999,1724.16,37941.62,3.971428571428571,7,2.857142857142857,0.2857142857142857,1,High-Value
CUST-BD-04854,228,0.42,905.6700000000001,3364.0,4.65,2,2.5,0.0,0,Moderate-Spender
CUST-BD-04856,9,3.94,4766.85,44036.6,4.053333333333333,15,3.0,0.06666666666666667,1,High-Value
CUST-BD-04857,2,2.93,2298.57,24198.0,4.336363636363637,11,5.0,0.09090909090909091,1,High-Value
CUST-BD-04858,11,5.44,2553.25,25143.46,3.9375,8,4.375,0.0,1,High-Value
CUST-BD-04859,46,4.5,1849.57,4757.48,4.266666666666667,6,9.166666666666666,0.3333333333333333,1,High-Value
CUST-BD-04860,8,6.959999999999999,5476.85,100480.11,4.32,20,4.0,0.1,2,VIP-Platinum
CUST-BD-04861,8,1.21,1518.4299999999998,11894.13,4.116666666666666,6,4.166666666666667,0.0,1,High-Value
CUST-BD-04862,40,1.96,572.5799999999999,9463.86,4.566666666666666,3,6.666666666666667,0.0,1,High-Value
CUST-BD-04863,6,0.98,1429.62,25846.67,4.116666666666666,6,0.0,0.0,1,High-Value
CUST-BD-04864,189,0.68,127.93,2444.62,3.6,1,0.0,0.0,0,Moderate-Spender
CUST-BD-04865,110,6.2,146.72,4340.02,4.05,2,2.5,0.0,0,Moderate-Spender
CUST-BD-04866,389,1.43,938.34,27324.43,3.6,1,0.0,0.0,0,Moderate-Spender
CUST-BD-04867,0,7.09,9058.15,47693.86,4.248387096774193,31,4.67741935483871,0.0,2,VIP-Platinum
CUST-BD-04869,304,0.56,317.83,3756.57,3.9,1,15.0,0.0,3,Low-Engagement
CUST-BD-04870,294,0.91,1512.7800000000002,2443.21,4.0,3,5.0,0.0,0,Moderate-Spender
CUST-BD-04871,292,0.35,533.29,4487.81,4.0,1,10.0,0.0,3,Low-Engagement
CUST-BD-04872,1,5.48,9353.1,102029.9,4.196000000000001,25,6.2,0.08,2,VIP-Platinum
CUST-BD-04873,43,0.76,1711.79,9093.16,3.94,5,1.0,0.0,0,Moderate-Spender
CUST-BD-04874,27,1.64,1526.6200000000001,734.1,3.3333333333333335,3,5.0,0.0,1,High-Value
CUST-BD-04875,15,2.75,1401.1999999999998,3992.17,4.26,5,2.0,0.0,1,High-Value
CUST-BD-04876,1,1.05,1391.48,58896.24,4.05,6,10.0,0.0,1,High-Value
CUST-BD-04877,81,0.25,331.7,3988.06,3.6,2,0.0,0.0,0,Moderate-Spender
CUST-BD-04878,290,0.92,326.04,5452.1,3.2,1,5.0,0.0,0,Moderate-Spender
CUST-BD-04880,14,5.5,665.25,9108.35,4.3,6,4.166666666666667,0.0,1,High-Value
CUST-BD-04881,3,6.92,1882.78,33105.7,4.0,7,4.285714285714286,0.14285714285714285,1,High-Value
CUST-BD-04882,1,0.99,1541.34,956.3,3.875,4,3.75,0.0,1,High-Value
CUST-BD-04884,49,1.39,1594.04,9369.52,3.96,5,5.0,0.0,1,High-Value
CUST-BD-04885,370,0.83,145.3,2035.89,4.3,2,10.0,0.0,3,Low-Engagement
CUST-BD-04886,93,1.95,1757.71,21284.13,4.5600000000000005,5,3.0,0.0,0,Moderate-Spender
CUST-BD-04887,78,0.47,175.35,3954.67,3.6,2,12.5,0.0,3,Low-Engagement
CUST-BD-04888,301,0.33,224.3,4472.11,4.5,1,10.0,0.0,3,Low-Engagement
CUST-BD-04889,28,4.62,1427.79,5448.72,4.116666666666666,6,5.0,0.16666666666666666,1,High-Value
CUST-BD-04890,377,0.71,257.62,2619.08,4.05,2,10.0,0.0,3,Low-Engagement
CUST-BD-04891,10,2.02,2137.81,13919.2,4.3,7,7.142857142857143,0.0,1,High-Value
CUST-BD-04892,62,2.0,143.32,110539.01,3.7,1,5.0,0.0,1,High-Value
CUST-BD-04893,303,1.48,457.2,2760.8,3.3,1,0.0,0.0,0,Moderate-Spender
CUST-BD-04894,1,10.63,6442.83,88663.24,4.066666666666666,18,4.166666666666667,0.05555555555555555,2,VIP-Platinum
CUST-BD-04896,22,1.8,2065.3799999999997,9699.94,4.283333333333333,6,3.3333333333333335,0.0,1,High-Value
CUST-BD-04897,52,1.87,1259.52,15015.88,3.55,2,2.5,0.0,0,Moderate-Spender
CUST-BD-04898,26,1.69,4924.24,14751.21,3.8875,8,6.875,0.0,1,High-Value
CUST-BD-04899,6,8.15,6706.759999999999,71592.74,4.369565217391305,23,3.4782608695652173,0.043478260869565216,2,VIP-Platinum
CUST-BD-04900,204,0.86,737.81,1700.02,4.333333333333333,3,5.0,0.0,0,Moderate-Spender
CUST-BD-04901,207,0.64,245.18,2453.1,4.1,1,0.0,0.0,0,Moderate-Spender
CUST-BD-04902,10,0.84,2319.94,8484.2,4.025,4,5.0,0.0,1,High-Value
CUST-BD-04903,22,1.58,2938.2799999999997,4476.78,4.075,12,3.3333333333333335,0.08333333333333333,1,High-Value
CUST-BD-04904,7,4.83,2367.96,53960.59,3.85,6,5.0,0.16666666666666666,1,High-Value
CUST-BD-04905,5,4.63,3384.3599999999997,49281.93,4.25,12,2.9166666666666665,0.08333333333333333,1,High-Value
CUST-BD-04906,95,1.4400000000000002,1866.6100000000001,1600.99,3.6,3,8.333333333333334,0.0,3,Low-Engagement
CUST-BD-04907,2,6.980000000000001,3407.88,21146.45,4.32,10,4.0,0.1,1,High-Value
CUST-BD-04908,79,2.35,835.15,14747.36,4.175,4,3.75,0.0,0,Moderate-Spender
CUST-BD-04909,54,1.77,699.62,31473.6,4.1,4,6.25,0.0,1,High-Value
CUST-BD-04910,236,0.85,467.06,4612.44,4.0,2,5.0,0.5,0,Moderate-Spender
CUST-BD-04911,2,2.33,4321.79,71932.65,4.130769230769231,13,3.8461538461538463,0.0,1,High-Value
CUST-BD-04912,105,2.48,1356.71,9163.35,4.225,4,6.25,0.0,1,High-Value
CUST-BD-04913,162,1.45,105.05,3207.74,3.3,1,5.0,0.0,0,Moderate-Spender
CUST-BD-04915,66,2.17,906.3599999999999,7115.32,3.775,4,3.75,0.0,1,High-Value
CUST-BD-04916,3,2.8,2074.34,39359.81,4.3,10,5.5,0.0,1,High-Value
CUST-BD-04917,164,1.32,497.25,6535.46,4.033333333333334,3,3.3333333333333335,0.0,0,Moderate-Spender
CUST-BD-04918,5,2.93,5593.9800000000005,22382.18,4.019047619047619,21,2.857142857142857,0.047619047619047616,1,High-Value
CUST-BD-04919,85,0.47,735.15,1914.07,3.9000000000000004,2,7.5,0.0,3,Low-Engagement
CUST-BD-04920,115,0.81,67.72,2040.51,3.4,1,10.0,0.0,3,Low-Engagement
CUST-BD-04921,129,0.34,1412.72,10807.16,4.383333333333334,6,6.666666666666667,0.16666666666666666,3,Low-Engagement
CUST-BD-04923,356,0.73,369.07,1428.87,4.0,1,0.0,0.0,0,Moderate-Spender
CUST-BD-04924,399,6.33,759.03,28230.97,3.95,2,2.5,0.0,0,Moderate-Spender
CUST-BD-04925,260,0.7,325.19,2486.76,3.8,1,5.0,0.0,0,Moderate-Spender
CUST-BD-04926,21,0.7200000000000001,500.89,3501.27,3.6999999999999997,3,0.0,0.0,0,Moderate-Spender
CUST-BD-04927,62,0.44,1576.67,3209.08,3.9749999999999996,4,5.0,0.25,1,High-Value
CUST-BD-04929,122,0.45,466.45,1471.86,2.4,1,5.0,0.0,0,Moderate-Spender
CUST-BD-04930,163,2.14,1228.47,1797.44,3.95,2,10.0,0.0,3,Low-Engagement
CUST-BD-04931,1,3.99,11809.789999999999,307637.37,4.085714285714285,35,3.7142857142857144,0.08571428571428572,2,VIP-Platinum
CUST-BD-04932,48,2.69,1768.2900000000002,7987.94,4.014285714285714,7,1.4285714285714286,0.0,1,High-Value
CUST-BD-04933,34,1.55,1984.1599999999999,30904.38,4.05,6,6.666666666666667,0.0,1,High-Value
CUST-BD-04935,84,1.22,1037.91,2064.28,4.1,1,0.0,0.0,0,Moderate-Spender
CUST-BD-04936,85,6.64,1743.82,36642.44,4.3,8,6.25,0.25,1,High-Value
CUST-BD-04937,1,1.44,1140.26,9897.07,4.0,5,5.0,0.4,1,High-Value
CUST-BD-04938,4,3.16,4571.43,19929.85,4.235294117647059,17,5.294117647058823,0.0,1,High-Value
CUST-BD-04939,326,0.56,696.76,2478.77,4.15,2,5.0,0.0,0,Moderate-Spender
CUST-BD-04940,86,1.81,1832.8899999999999,4547.61,4.68,5,4.0,0.0,1,High-Value
CUST-BD-04941,14,0.88,2845.29,13688.33,3.85,4,0.0,0.0,1,High-Value
CUST-BD-04942,111,0.20000000000000004,1389.68,2860.99,4.133333333333333,3,1.6666666666666667,0.0,0,Moderate-Spender
CUST-BD-04943,2,1.14,4465.93,54184.8,3.9923076923076923,13,6.538461538461538,0.07692307692307693,1,High-Value
CUST-BD-04944,298,0.62,738.82,1855.55,4.5,2,0.0,0.0,0,Moderate-Spender
CUST-BD-04945,8,0.89,2198.15,17130.71,4.366666666666667,6,5.833333333333333,0.0,1,High-Value
CUST-BD-04946,72,0.66,173.71,3237.14,4.0,1,15.0,0.0,3,Low-Engagement
CUST-BD-04947,19,1.2099999999999997,958.51,11874.66,4.428571428571429,7,5.0,0.0,1,High-Value
CUST-BD-04948,8,2.17,3394.2599999999998,114618.58,4.1466666666666665,15,3.0,0.13333333333333333,1,High-Value
CUST-BD-04949,28,1.12,1839.37,14590.72,3.9875,8,4.375,0.0,1,High-Value
CUST-BD-04950,14,10.209999999999999,5123.58,71919.99,4.114285714285715,14,6.428571428571429,0.07142857142857142,2,VIP-Platinum
CUST-BD-04951,159,0.8000000000000002,1019.48,6284.33,4.6000000000000005,3,0.0,0.0,0,Moderate-Spender
CUST-BD-04952,20,7.57,2557.59,47535.47,4.25,6,5.833333333333333,0.0,1,High-Value
CUST-BD-04953,34,1.69,2689.02,31982.67,4.2625,8,5.0,0.125,1,High-Value
CUST-BD-04954,33,1.12,559.03,11500.23,3.9,3,1.6666666666666667,0.0,0,Moderate-Spender
CUST-BD-04955,13,0.9,3467.83,9184.65,4.485714285714286,7,2.857142857142857,0.2857142857142857,1,High-Value
CUST-BD-04957,15,1.83,2280.66,3542.59,4.2,5,0.0,0.0,1,High-Value
CUST-BD-04958,25,2.32,3558.9,38663.05,4.1,10,8.5,0.0,1,High-Value
CUST-BD-04959,12,2.07,5468.21,28003.0,4.035714285714286,14,5.0,0.07142857142857142,1,High-Value
CUST-BD-04960,68,1.15,1182.24,3315.3,3.983333333333333,6,3.3333333333333335,0.3333333333333333,0,Moderate-Spender
CUST-BD-04961,49,1.48,1459.38,6945.84,3.96,5,8.0,0.0,1,High-Value
CUST-BD-04962,23,1.56,2353.42,25272.75,3.942857142857143,7,3.5714285714285716,0.0,1,High-Value
CUST-BD-04963,63,0.38,718.0500000000001,4312.55,3.4,2,0.0,0.0,0,Moderate-Spender
CUST-BD-04964,217,0.8,623.75,1631.1,4.1,2,2.5,0.0,0,Moderate-Spender
CUST-BD-04965,17,1.82,1253.91,7052.41,3.742857142857143,7,2.142857142857143,0.0,1,High-Value
CUST-BD-04966,166,1.51,918.27,18437.79,3.9,3,6.666666666666667,0.0,3,Low-Engagement
CUST-BD-04967,3,1.09,804.87,3382.28,4.316666666666666,6,5.0,0.0,1,High-Value
CUST-BD-04968,25,2.31,1417.94,15706.05,3.65,4,5.0,0.0,1,High-Value
CUST-BD-04969,1,1.45,698.59,832.97,4.15,2,10.0,0.0,3,Low-Engagement
CUST-BD-04972,338,0.9,47.88,826.84,4.9,1,10.0,0.0,3,Low-Engagement
CUST-BD-04973,13,0.84,1693.4699999999998,8754.8,4.55,6,6.666666666666667,0.16666666666666666,1,High-Value
CUST-BD-04974,5,1.59,3520.48,42339.64,4.24,10,1.5,0.0,1,High-Value
CUST-BD-04975,4,2.24,6136.54,10625.02,4.076923076923077,13,3.4615384615384617,0.0,1,High-Value
CUST-BD-04976,193,0.83,932.1,2435.54,3.8,1,5.0,0.0,0,Moderate-Spender
CUST-BD-04977,52,1.97,988.9300000000001,46726.41,3.766666666666667,6,2.5,0.0,1,High-Value
CUST-BD-04978,2,1.58,664.33,3179.69,4.383333333333334,6,8.333333333333334,0.0,1,High-Value
CUST-BD-04980,82,2.25,965.39,10206.82,4.14,5,5.0,0.2,1,High-Value
CUST-BD-04981,9,12.0,5806.04,164673.28,4.24375,16,6.25,0.0,2,VIP-Platinum
CUST-BD-04982,239,0.42,1109.29,2171.89,3.95,2,10.0,0.0,3,Low-Engagement
CUST-BD-04984,48,0.62,559.82,1250.4,4.1000000000000005,3,5.0,0.0,0,Moderate-Spender
CUST-BD-04985,40,0.74,549.45,2073.08,4.5,1,0.0,0.0,0,Moderate-Spender
CUST-BD-04986,108,0.61,1102.72,2232.33,4.133333333333334,3,8.333333333333334,0.0,3,Low-Engagement
CUST-BD-04988,87,1.01,525.88,9302.8,4.1000000000000005,3,3.3333333333333335,0.0,0,Moderate-Spender
CUST-BD-04989,270,0.38,165.33,980.29,3.1,1,0.0,0.0,0,Moderate-Spender
CUST-BD-04990,135,2.93,1045.24,8357.84,3.9666666666666663,3,5.0,0.0,0,Moderate-Spender
CUST-BD-04991,7,1.27,4288.09,14024.86,4.0875,16,3.4375,0.0,1,High-Value
CUST-BD-04992,6,3.17,2677.08,43177.16,4.05,8,6.25,0.125,1,High-Value
CUST-BD-04993,11,0.68,450.93,3540.31,4.033333333333333,3,6.666666666666667,0.0,1,High-Value
CUST-BD-04994,301,0.68,551.44,3921.46,3.6500000000000004,2,0.0,0.0,0,Moderate-Spender
CUST-BD-04995,120,2.31,321.45,9174.13,4.7,3,5.0,0.0,0,Moderate-Spender
CUST-BD-04996,141,0.57,825.31,1642.79,4.533333333333334,3,6.666666666666667,0.0,3,Low-Engagement
CUST-BD-04998,103,4.77,633.78,10413.44,3.975,4,3.75,0.25,1,High-Value
CUST-BD-04999,14,1.47,1200.72,8104.27,4.449999999999999,4,5.0,0.0,1,High-Value
CUST-BD-05000,110,0.23,71.16,6567.0,5.0,1,5.0,0.0,0,Moderate-Spender
